ISO-10303-21;
HEADER;
/* Generated by software containing ST-Developer
 * from STEP Tools, Inc. (www.steptools.com) 
 */

FILE_DESCRIPTION(
/* description */ (''),
/* implementation_level */ '2;1');

FILE_NAME(
/* name */ 'Bodybuilding.step',
/* time_stamp */ '2026-01-26T20:24:41Z',
/* author */ (''),
/* organization */ (''),
/* preprocessor_version */ 'ST-DEVELOPER v20.1',
/* originating_system */ 'Autodesk Translation Framework v14.21.0.0',
/* authorisation */ '');

FILE_SCHEMA (('AUTOMOTIVE_DESIGN { 1 0 10303 214 3 1 1 }'));
ENDSEC;

DATA;
#10=MECHANICAL_DESIGN_GEOMETRIC_PRESENTATION_REPRESENTATION('',(#13),#9769);
#11=SHAPE_REPRESENTATION_RELATIONSHIP('SRR','None',#9776,#12);
#12=ADVANCED_BREP_SHAPE_REPRESENTATION('',(#14),#9768);
#13=STYLED_ITEM('',(#9785),#14);
#14=MANIFOLD_SOLID_BREP('Body1',#6074);
#15=(
BOUNDED_CURVE()
B_SPLINE_CURVE(3,(#8139,#8140,#8141,#8142),.UNSPECIFIED.,.F.,.F.)
B_SPLINE_CURVE_WITH_KNOTS((4,4),(0.,1.),.UNSPECIFIED.)
CURVE()
GEOMETRIC_REPRESENTATION_ITEM()
RATIONAL_B_SPLINE_CURVE((1.,1.,1.,1.))
REPRESENTATION_ITEM('')
);
#16=(
BOUNDED_CURVE()
B_SPLINE_CURVE(3,(#8154,#8155,#8156,#8157),.UNSPECIFIED.,.F.,.F.)
B_SPLINE_CURVE_WITH_KNOTS((4,4),(0.,1.),.UNSPECIFIED.)
CURVE()
GEOMETRIC_REPRESENTATION_ITEM()
RATIONAL_B_SPLINE_CURVE((1.,1.,1.,1.))
REPRESENTATION_ITEM('')
);
#17=(
BOUNDED_CURVE()
B_SPLINE_CURVE(3,(#8166,#8167,#8168,#8169),.UNSPECIFIED.,.F.,.F.)
B_SPLINE_CURVE_WITH_KNOTS((4,4),(0.,1.),.UNSPECIFIED.)
CURVE()
GEOMETRIC_REPRESENTATION_ITEM()
RATIONAL_B_SPLINE_CURVE((1.,1.,1.,1.))
REPRESENTATION_ITEM('')
);
#18=(
BOUNDED_CURVE()
B_SPLINE_CURVE(3,(#8182,#8183,#8184,#8185),.UNSPECIFIED.,.F.,.F.)
B_SPLINE_CURVE_WITH_KNOTS((4,4),(-1.,0.),.UNSPECIFIED.)
CURVE()
GEOMETRIC_REPRESENTATION_ITEM()
RATIONAL_B_SPLINE_CURVE((1.,1.,1.,1.))
REPRESENTATION_ITEM('')
);
#19=(
BOUNDED_CURVE()
B_SPLINE_CURVE(3,(#8197,#8198,#8199,#8200),.UNSPECIFIED.,.F.,.F.)
B_SPLINE_CURVE_WITH_KNOTS((4,4),(-1.,0.),.UNSPECIFIED.)
CURVE()
GEOMETRIC_REPRESENTATION_ITEM()
RATIONAL_B_SPLINE_CURVE((1.,1.,1.,1.))
REPRESENTATION_ITEM('')
);
#20=(
BOUNDED_CURVE()
B_SPLINE_CURVE(3,(#8209,#8210,#8211,#8212),.UNSPECIFIED.,.F.,.F.)
B_SPLINE_CURVE_WITH_KNOTS((4,4),(-1.,0.),.UNSPECIFIED.)
CURVE()
GEOMETRIC_REPRESENTATION_ITEM()
RATIONAL_B_SPLINE_CURVE((1.,1.,1.,1.))
REPRESENTATION_ITEM('')
);
#21=(
BOUNDED_CURVE()
B_SPLINE_CURVE(3,(#8266,#8267,#8268,#8269),.UNSPECIFIED.,.F.,.F.)
B_SPLINE_CURVE_WITH_KNOTS((4,4),(-1.,0.),.UNSPECIFIED.)
CURVE()
GEOMETRIC_REPRESENTATION_ITEM()
RATIONAL_B_SPLINE_CURVE((1.,1.,1.,1.))
REPRESENTATION_ITEM('')
);
#22=(
BOUNDED_CURVE()
B_SPLINE_CURVE(3,(#9648,#9649,#9650,#9651),.UNSPECIFIED.,.F.,.F.)
B_SPLINE_CURVE_WITH_KNOTS((4,4),(-1.,0.),.UNSPECIFIED.)
CURVE()
GEOMETRIC_REPRESENTATION_ITEM()
RATIONAL_B_SPLINE_CURVE((1.,1.,1.,1.))
REPRESENTATION_ITEM('')
);
#23=(
BOUNDED_CURVE()
B_SPLINE_CURVE(3,(#9662,#9663,#9664,#9665),.UNSPECIFIED.,.F.,.F.)
B_SPLINE_CURVE_WITH_KNOTS((4,4),(-1.,0.),.UNSPECIFIED.)
CURVE()
GEOMETRIC_REPRESENTATION_ITEM()
RATIONAL_B_SPLINE_CURVE((1.,1.,1.,1.))
REPRESENTATION_ITEM('')
);
#24=(
BOUNDED_CURVE()
B_SPLINE_CURVE(3,(#9693,#9694,#9695,#9696),.UNSPECIFIED.,.F.,.F.)
B_SPLINE_CURVE_WITH_KNOTS((4,4),(-1.,0.),.UNSPECIFIED.)
CURVE()
GEOMETRIC_REPRESENTATION_ITEM()
RATIONAL_B_SPLINE_CURVE((1.,1.,1.,1.))
REPRESENTATION_ITEM('')
);
#25=(
BOUNDED_SURFACE()
B_SPLINE_SURFACE(3,1,((#8128,#8129),(#8130,#8131),(#8132,#8133),(#8134,
#8135)),.UNSPECIFIED.,.F.,.F.,.F.)
B_SPLINE_SURFACE_WITH_KNOTS((4,4),(2,2),(0.,1.),(0.,0.3),.UNSPECIFIED.)
GEOMETRIC_REPRESENTATION_ITEM()
RATIONAL_B_SPLINE_SURFACE(((1.,1.),(1.,1.),(1.,1.),(1.,1.)))
REPRESENTATION_ITEM('')
SURFACE()
);
#26=(
BOUNDED_SURFACE()
B_SPLINE_SURFACE(3,1,((#8144,#8145),(#8146,#8147),(#8148,#8149),(#8150,
#8151)),.UNSPECIFIED.,.F.,.F.,.F.)
B_SPLINE_SURFACE_WITH_KNOTS((4,4),(2,2),(0.,1.),(0.,0.3),.UNSPECIFIED.)
GEOMETRIC_REPRESENTATION_ITEM()
RATIONAL_B_SPLINE_SURFACE(((1.,1.),(1.,1.),(1.,1.),(1.,1.)))
REPRESENTATION_ITEM('')
SURFACE()
);
#27=(
BOUNDED_SURFACE()
B_SPLINE_SURFACE(3,1,((#8158,#8159),(#8160,#8161),(#8162,#8163),(#8164,
#8165)),.UNSPECIFIED.,.F.,.F.,.F.)
B_SPLINE_SURFACE_WITH_KNOTS((4,4),(2,2),(0.,1.),(0.,0.3),.UNSPECIFIED.)
GEOMETRIC_REPRESENTATION_ITEM()
RATIONAL_B_SPLINE_SURFACE(((1.,1.),(1.,1.),(1.,1.),(1.,1.)))
REPRESENTATION_ITEM('')
SURFACE()
);
#28=(
BOUNDED_SURFACE()
B_SPLINE_SURFACE(3,1,((#8171,#8172),(#8173,#8174),(#8175,#8176),(#8177,
#8178)),.UNSPECIFIED.,.F.,.F.,.F.)
B_SPLINE_SURFACE_WITH_KNOTS((4,4),(2,2),(-1.,0.),(0.,0.3),.UNSPECIFIED.)
GEOMETRIC_REPRESENTATION_ITEM()
RATIONAL_B_SPLINE_SURFACE(((1.,1.),(1.,1.),(1.,1.),(1.,1.)))
REPRESENTATION_ITEM('')
SURFACE()
);
#29=(
BOUNDED_SURFACE()
B_SPLINE_SURFACE(3,1,((#8187,#8188),(#8189,#8190),(#8191,#8192),(#8193,
#8194)),.UNSPECIFIED.,.F.,.F.,.F.)
B_SPLINE_SURFACE_WITH_KNOTS((4,4),(2,2),(-1.,0.),(0.,0.3),.UNSPECIFIED.)
GEOMETRIC_REPRESENTATION_ITEM()
RATIONAL_B_SPLINE_SURFACE(((1.,1.),(1.,1.),(1.,1.),(1.,1.)))
REPRESENTATION_ITEM('')
SURFACE()
);
#30=(
BOUNDED_SURFACE()
B_SPLINE_SURFACE(3,1,((#8201,#8202),(#8203,#8204),(#8205,#8206),(#8207,
#8208)),.UNSPECIFIED.,.F.,.F.,.F.)
B_SPLINE_SURFACE_WITH_KNOTS((4,4),(2,2),(-1.,0.),(0.,0.3),.UNSPECIFIED.)
GEOMETRIC_REPRESENTATION_ITEM()
RATIONAL_B_SPLINE_SURFACE(((1.,1.),(1.,1.),(1.,1.),(1.,1.)))
REPRESENTATION_ITEM('')
SURFACE()
);
#31=(
BOUNDED_SURFACE()
B_SPLINE_SURFACE(1,2,((#8214,#8215,#8216),(#8217,#8218,#8219)),
 .UNSPECIFIED.,.F.,.F.,.F.)
B_SPLINE_SURFACE_WITH_KNOTS((2,2),(3,3),(0.654364356064124,0.656552865616178),
(1.57094771718926,2.19730950638425),.UNSPECIFIED.)
GEOMETRIC_REPRESENTATION_ITEM()
RATIONAL_B_SPLINE_SURFACE(((1.,0.951358394258963,1.),(1.,0.951358394258963,
1.)))
REPRESENTATION_ITEM('')
SURFACE()
);
#32=(
BOUNDED_SURFACE()
B_SPLINE_SURFACE(1,2,((#8225,#8226,#8227,#8228,#8229),(#8230,#8231,#8232,
#8233,#8234)),.UNSPECIFIED.,.F.,.F.,.F.)
B_SPLINE_SURFACE_WITH_KNOTS((2,2),(3,2,3),(0.654364356064124,0.656552865616178),
(-8.04824589837468E-5,0.78533553603367,1.57075155452632),.UNSPECIFIED.)
GEOMETRIC_REPRESENTATION_ITEM()
RATIONAL_B_SPLINE_SURFACE(((1.,0.92387611604991,1.,0.92387611604991,1.),
(1.,0.92387611604991,1.,0.92387611604991,1.)))
REPRESENTATION_ITEM('')
SURFACE()
);
#33=(
BOUNDED_SURFACE()
B_SPLINE_SURFACE(1,2,((#8238,#8239,#8240),(#8241,#8242,#8243)),
 .UNSPECIFIED.,.F.,.F.,.F.)
B_SPLINE_SURFACE_WITH_KNOTS((2,2),(3,3),(0.654364356064124,0.656552865616178),
(-1.570751552016,-3.81677093981844E-5),.UNSPECIFIED.)
GEOMETRIC_REPRESENTATION_ITEM()
RATIONAL_B_SPLINE_SURFACE(((1.,0.707136105176436,1.),(1.,0.707136105176436,
1.)))
REPRESENTATION_ITEM('')
SURFACE()
);
#34=(
BOUNDED_SURFACE()
B_SPLINE_SURFACE(1,2,((#8247,#8248,#8249),(#8250,#8251,#8252)),
 .UNSPECIFIED.,.F.,.F.,.F.)
B_SPLINE_SURFACE_WITH_KNOTS((2,2),(3,3),(0.654364356064124,0.656552865616178),
(-2.19771313810521,-1.57158167425557),.UNSPECIFIED.)
GEOMETRIC_REPRESENTATION_ITEM()
RATIONAL_B_SPLINE_SURFACE(((1.,0.951393867998933,1.),(1.,0.951393867998933,
1.)))
REPRESENTATION_ITEM('')
SURFACE()
);
#35=(
BOUNDED_SURFACE()
B_SPLINE_SURFACE(3,1,((#8256,#8257),(#8258,#8259),(#8260,#8261),(#8262,
#8263)),.UNSPECIFIED.,.F.,.F.,.F.)
B_SPLINE_SURFACE_WITH_KNOTS((4,4),(2,2),(-1.,0.),(0.,0.3),.UNSPECIFIED.)
GEOMETRIC_REPRESENTATION_ITEM()
RATIONAL_B_SPLINE_SURFACE(((1.,1.),(1.,1.),(1.,1.),(1.,1.)))
REPRESENTATION_ITEM('')
SURFACE()
);
#36=(
BOUNDED_SURFACE()
B_SPLINE_SURFACE(3,1,((#9639,#9640),(#9641,#9642),(#9643,#9644),(#9645,
#9646)),.UNSPECIFIED.,.F.,.F.,.F.)
B_SPLINE_SURFACE_WITH_KNOTS((4,4),(2,2),(-1.,0.),(0.,0.3),.UNSPECIFIED.)
GEOMETRIC_REPRESENTATION_ITEM()
RATIONAL_B_SPLINE_SURFACE(((1.,1.),(1.,1.),(1.,1.),(1.,1.)))
REPRESENTATION_ITEM('')
SURFACE()
);
#37=(
BOUNDED_SURFACE()
B_SPLINE_SURFACE(3,1,((#9653,#9654),(#9655,#9656),(#9657,#9658),(#9659,
#9660)),.UNSPECIFIED.,.F.,.F.,.F.)
B_SPLINE_SURFACE_WITH_KNOTS((4,4),(2,2),(-1.,0.),(0.,0.3),.UNSPECIFIED.)
GEOMETRIC_REPRESENTATION_ITEM()
RATIONAL_B_SPLINE_SURFACE(((1.,1.),(1.,1.),(1.,1.),(1.,1.)))
REPRESENTATION_ITEM('')
SURFACE()
);
#38=(
BOUNDED_SURFACE()
B_SPLINE_SURFACE(1,2,((#9667,#9668,#9669),(#9670,#9671,#9672)),
 .UNSPECIFIED.,.F.,.F.,.F.)
B_SPLINE_SURFACE_WITH_KNOTS((2,2),(3,3),(0.654364356064124,0.656552865616178),
(2.66591110841478,3.14149654664247),.UNSPECIFIED.)
GEOMETRIC_REPRESENTATION_ITEM()
RATIONAL_B_SPLINE_SURFACE(((1.,0.971860284668359,1.),(1.,0.971860284668359,
1.)))
REPRESENTATION_ITEM('')
SURFACE()
);
#39=(
BOUNDED_SURFACE()
B_SPLINE_SURFACE(1,2,((#9676,#9677,#9678),(#9679,#9680,#9681)),
 .UNSPECIFIED.,.F.,.F.,.F.)
B_SPLINE_SURFACE_WITH_KNOTS((2,2),(3,3),(0.654364356064124,0.656552865616178),
(-3.14020153052415,-2.66525211623782),.UNSPECIFIED.)
GEOMETRIC_REPRESENTATION_ITEM()
RATIONAL_B_SPLINE_SURFACE(((1.,0.971935145798598,1.),(1.,0.971935145798598,
1.)))
REPRESENTATION_ITEM('')
SURFACE()
);
#40=(
BOUNDED_SURFACE()
B_SPLINE_SURFACE(3,1,((#9685,#9686),(#9687,#9688),(#9689,#9690),(#9691,
#9692)),.UNSPECIFIED.,.F.,.F.,.F.)
B_SPLINE_SURFACE_WITH_KNOTS((4,4),(2,2),(-1.,0.),(0.,0.3),.UNSPECIFIED.)
GEOMETRIC_REPRESENTATION_ITEM()
RATIONAL_B_SPLINE_SURFACE(((1.,1.),(1.,1.),(1.,1.),(1.,1.)))
REPRESENTATION_ITEM('')
SURFACE()
);
#41=ELLIPSE('',#6141,4.56931978689102,3.94135580163682);
#42=ELLIPSE('',#6142,4.56931978689102,3.94135580163682);
#43=ELLIPSE('',#6143,4.56931978689102,3.94135580163682);
#44=ELLIPSE('',#6144,4.56931978689102,3.94135580163682);
#45=ELLIPSE('',#6145,4.56931978689102,3.94135580163682);
#46=ELLIPSE('',#6146,4.56931978689102,3.94135580163682);
#47=ELLIPSE('',#6149,4.56931978689102,3.94135580163682);
#48=ELLIPSE('',#6150,4.56931978689102,3.94135580163682);
#49=ELLIPSE('',#6151,4.56931978689102,3.94135580163682);
#50=ELLIPSE('',#6152,4.56931978689102,3.94135580163682);
#51=ELLIPSE('',#6393,4.56931978689102,3.94135580163682);
#52=ELLIPSE('',#6394,4.56931978689102,3.94135580163682);
#53=B_SPLINE_CURVE_WITH_KNOTS('',3,(#8068,#8069,#8070,#8071),
 .UNSPECIFIED.,.F.,.F.,(4,4),(-0.226780734984997,0.),.UNSPECIFIED.);
#54=B_SPLINE_CURVE_WITH_KNOTS('',3,(#8073,#8074,#8075,#8076),
 .UNSPECIFIED.,.F.,.F.,(4,4),(-0.359833541424987,0.),.UNSPECIFIED.);
#55=B_SPLINE_CURVE_WITH_KNOTS('',3,(#8086,#8087,#8088,#8089),
 .UNSPECIFIED.,.F.,.F.,(4,4),(-0.281858336247421,0.),.UNSPECIFIED.);
#56=B_SPLINE_CURVE_WITH_KNOTS('',3,(#8091,#8092,#8093,#8094),
 .UNSPECIFIED.,.F.,.F.,(4,4),(-0.192392526663315,0.),.UNSPECIFIED.);
#57=B_SPLINE_CURVE_WITH_KNOTS('',3,(#8100,#8101,#8102,#8103),
 .UNSPECIFIED.,.F.,.F.,(4,4),(-0.183776247108125,0.),.UNSPECIFIED.);
#58=B_SPLINE_CURVE_WITH_KNOTS('',3,(#8105,#8106,#8107,#8108),
 .UNSPECIFIED.,.F.,.F.,(4,4),(-0.131053451842943,0.),.UNSPECIFIED.);
#59=B_SPLINE_CURVE_WITH_KNOTS('',3,(#8109,#8110,#8111,#8112),
 .UNSPECIFIED.,.F.,.F.,(4,4),(-0.15277937940295,0.),.UNSPECIFIED.);
#60=B_SPLINE_CURVE_WITH_KNOTS('',3,(#8115,#8116,#8117,#8118),
 .UNSPECIFIED.,.F.,.F.,(4,4),(-0.130975462304703,0.),.UNSPECIFIED.);
#61=B_SPLINE_CURVE_WITH_KNOTS('',3,(#8120,#8121,#8122,#8123),
 .UNSPECIFIED.,.F.,.F.,(4,4),(-0.242593463978212,0.),.UNSPECIFIED.);
#62=B_SPLINE_CURVE_WITH_KNOTS('',3,(#8124,#8125,#8126,#8127),
 .UNSPECIFIED.,.F.,.F.,(4,4),(-0.121885571582052,0.),.UNSPECIFIED.);
#63=FACE_BOUND('',#709,.T.);
#64=FACE_BOUND('',#716,.T.);
#65=FACE_BOUND('',#717,.T.);
#66=FACE_BOUND('',#989,.T.);
#67=FACE_BOUND('',#990,.T.);
#68=FACE_BOUND('',#991,.T.);
#69=FACE_BOUND('',#992,.T.);
#70=FACE_BOUND('',#993,.T.);
#71=FACE_BOUND('',#994,.T.);
#72=FACE_BOUND('',#995,.T.);
#73=FACE_BOUND('',#996,.T.);
#74=FACE_BOUND('',#997,.T.);
#75=FACE_BOUND('',#998,.T.);
#76=FACE_BOUND('',#999,.T.);
#77=FACE_BOUND('',#1000,.T.);
#78=FACE_BOUND('',#1001,.T.);
#79=FACE_BOUND('',#1002,.T.);
#80=FACE_BOUND('',#1003,.T.);
#81=FACE_BOUND('',#1004,.T.);
#82=FACE_BOUND('',#1005,.T.);
#83=FACE_BOUND('',#1006,.T.);
#84=FACE_BOUND('',#1007,.T.);
#85=FACE_BOUND('',#1008,.T.);
#86=FACE_BOUND('',#1009,.T.);
#87=FACE_BOUND('',#1010,.T.);
#88=FACE_BOUND('',#1017,.T.);
#89=PLANE('',#6094);
#90=PLANE('',#6098);
#91=PLANE('',#6102);
#92=PLANE('',#6103);
#93=PLANE('',#6104);
#94=PLANE('',#6108);
#95=PLANE('',#6112);
#96=PLANE('',#6113);
#97=PLANE('',#6114);
#98=PLANE('',#6118);
#99=PLANE('',#6122);
#100=PLANE('',#6123);
#101=PLANE('',#6125);
#102=PLANE('',#6126);
#103=PLANE('',#6127);
#104=PLANE('',#6128);
#105=PLANE('',#6131);
#106=PLANE('',#6132);
#107=PLANE('',#6135);
#108=PLANE('',#6136);
#109=PLANE('',#6137);
#110=PLANE('',#6138);
#111=PLANE('',#6139);
#112=PLANE('',#6140);
#113=PLANE('',#6147);
#114=PLANE('',#6148);
#115=PLANE('',#6153);
#116=PLANE('',#6154);
#117=PLANE('',#6155);
#118=PLANE('',#6156);
#119=PLANE('',#6157);
#120=PLANE('',#6158);
#121=PLANE('',#6159);
#122=PLANE('',#6160);
#123=PLANE('',#6161);
#124=PLANE('',#6162);
#125=PLANE('',#6163);
#126=PLANE('',#6164);
#127=PLANE('',#6165);
#128=PLANE('',#6166);
#129=PLANE('',#6167);
#130=PLANE('',#6168);
#131=PLANE('',#6169);
#132=PLANE('',#6170);
#133=PLANE('',#6171);
#134=PLANE('',#6172);
#135=PLANE('',#6173);
#136=PLANE('',#6174);
#137=PLANE('',#6175);
#138=PLANE('',#6176);
#139=PLANE('',#6177);
#140=PLANE('',#6178);
#141=PLANE('',#6179);
#142=PLANE('',#6180);
#143=PLANE('',#6181);
#144=PLANE('',#6182);
#145=PLANE('',#6183);
#146=PLANE('',#6184);
#147=PLANE('',#6185);
#148=PLANE('',#6186);
#149=PLANE('',#6187);
#150=PLANE('',#6188);
#151=PLANE('',#6189);
#152=PLANE('',#6190);
#153=PLANE('',#6191);
#154=PLANE('',#6192);
#155=PLANE('',#6193);
#156=PLANE('',#6194);
#157=PLANE('',#6195);
#158=PLANE('',#6196);
#159=PLANE('',#6197);
#160=PLANE('',#6198);
#161=PLANE('',#6199);
#162=PLANE('',#6200);
#163=PLANE('',#6201);
#164=PLANE('',#6202);
#165=PLANE('',#6203);
#166=PLANE('',#6204);
#167=PLANE('',#6205);
#168=PLANE('',#6206);
#169=PLANE('',#6207);
#170=PLANE('',#6208);
#171=PLANE('',#6209);
#172=PLANE('',#6210);
#173=PLANE('',#6211);
#174=PLANE('',#6212);
#175=PLANE('',#6213);
#176=PLANE('',#6214);
#177=PLANE('',#6215);
#178=PLANE('',#6216);
#179=PLANE('',#6217);
#180=PLANE('',#6218);
#181=PLANE('',#6219);
#182=PLANE('',#6220);
#183=PLANE('',#6221);
#184=PLANE('',#6222);
#185=PLANE('',#6223);
#186=PLANE('',#6224);
#187=PLANE('',#6225);
#188=PLANE('',#6226);
#189=PLANE('',#6227);
#190=PLANE('',#6228);
#191=PLANE('',#6229);
#192=PLANE('',#6230);
#193=PLANE('',#6231);
#194=PLANE('',#6232);
#195=PLANE('',#6233);
#196=PLANE('',#6234);
#197=PLANE('',#6235);
#198=PLANE('',#6236);
#199=PLANE('',#6237);
#200=PLANE('',#6238);
#201=PLANE('',#6239);
#202=PLANE('',#6240);
#203=PLANE('',#6241);
#204=PLANE('',#6242);
#205=PLANE('',#6243);
#206=PLANE('',#6244);
#207=PLANE('',#6245);
#208=PLANE('',#6246);
#209=PLANE('',#6247);
#210=PLANE('',#6248);
#211=PLANE('',#6249);
#212=PLANE('',#6250);
#213=PLANE('',#6251);
#214=PLANE('',#6252);
#215=PLANE('',#6253);
#216=PLANE('',#6254);
#217=PLANE('',#6255);
#218=PLANE('',#6256);
#219=PLANE('',#6257);
#220=PLANE('',#6258);
#221=PLANE('',#6259);
#222=PLANE('',#6260);
#223=PLANE('',#6261);
#224=PLANE('',#6262);
#225=PLANE('',#6263);
#226=PLANE('',#6264);
#227=PLANE('',#6265);
#228=PLANE('',#6266);
#229=PLANE('',#6267);
#230=PLANE('',#6268);
#231=PLANE('',#6269);
#232=PLANE('',#6270);
#233=PLANE('',#6271);
#234=PLANE('',#6272);
#235=PLANE('',#6273);
#236=PLANE('',#6274);
#237=PLANE('',#6275);
#238=PLANE('',#6276);
#239=PLANE('',#6277);
#240=PLANE('',#6278);
#241=PLANE('',#6279);
#242=PLANE('',#6280);
#243=PLANE('',#6281);
#244=PLANE('',#6282);
#245=PLANE('',#6283);
#246=PLANE('',#6284);
#247=PLANE('',#6285);
#248=PLANE('',#6286);
#249=PLANE('',#6287);
#250=PLANE('',#6288);
#251=PLANE('',#6289);
#252=PLANE('',#6290);
#253=PLANE('',#6291);
#254=PLANE('',#6292);
#255=PLANE('',#6293);
#256=PLANE('',#6294);
#257=PLANE('',#6295);
#258=PLANE('',#6296);
#259=PLANE('',#6297);
#260=PLANE('',#6298);
#261=PLANE('',#6299);
#262=PLANE('',#6300);
#263=PLANE('',#6301);
#264=PLANE('',#6302);
#265=PLANE('',#6303);
#266=PLANE('',#6304);
#267=PLANE('',#6305);
#268=PLANE('',#6306);
#269=PLANE('',#6307);
#270=PLANE('',#6308);
#271=PLANE('',#6309);
#272=PLANE('',#6310);
#273=PLANE('',#6311);
#274=PLANE('',#6312);
#275=PLANE('',#6313);
#276=PLANE('',#6314);
#277=PLANE('',#6315);
#278=PLANE('',#6316);
#279=PLANE('',#6317);
#280=PLANE('',#6318);
#281=PLANE('',#6319);
#282=PLANE('',#6320);
#283=PLANE('',#6321);
#284=PLANE('',#6322);
#285=PLANE('',#6323);
#286=PLANE('',#6324);
#287=PLANE('',#6325);
#288=PLANE('',#6326);
#289=PLANE('',#6327);
#290=PLANE('',#6328);
#291=PLANE('',#6329);
#292=PLANE('',#6330);
#293=PLANE('',#6331);
#294=PLANE('',#6332);
#295=PLANE('',#6333);
#296=PLANE('',#6334);
#297=PLANE('',#6335);
#298=PLANE('',#6336);
#299=PLANE('',#6337);
#300=PLANE('',#6338);
#301=PLANE('',#6339);
#302=PLANE('',#6340);
#303=PLANE('',#6341);
#304=PLANE('',#6342);
#305=PLANE('',#6343);
#306=PLANE('',#6344);
#307=PLANE('',#6345);
#308=PLANE('',#6346);
#309=PLANE('',#6347);
#310=PLANE('',#6348);
#311=PLANE('',#6349);
#312=PLANE('',#6350);
#313=PLANE('',#6351);
#314=PLANE('',#6352);
#315=PLANE('',#6353);
#316=PLANE('',#6354);
#317=PLANE('',#6355);
#318=PLANE('',#6356);
#319=PLANE('',#6357);
#320=PLANE('',#6358);
#321=PLANE('',#6359);
#322=PLANE('',#6360);
#323=PLANE('',#6361);
#324=PLANE('',#6362);
#325=PLANE('',#6363);
#326=PLANE('',#6364);
#327=PLANE('',#6365);
#328=PLANE('',#6366);
#329=PLANE('',#6367);
#330=PLANE('',#6368);
#331=PLANE('',#6369);
#332=PLANE('',#6370);
#333=PLANE('',#6371);
#334=PLANE('',#6372);
#335=PLANE('',#6373);
#336=PLANE('',#6374);
#337=PLANE('',#6375);
#338=PLANE('',#6376);
#339=PLANE('',#6377);
#340=PLANE('',#6378);
#341=PLANE('',#6379);
#342=PLANE('',#6380);
#343=PLANE('',#6381);
#344=PLANE('',#6382);
#345=PLANE('',#6383);
#346=PLANE('',#6387);
#347=PLANE('',#6388);
#348=PLANE('',#6389);
#349=PLANE('',#6390);
#350=PLANE('',#6391);
#351=PLANE('',#6392);
#352=PLANE('',#6395);
#353=PLANE('',#6396);
#354=PLANE('',#6397);
#355=PLANE('',#6398);
#356=PLANE('',#6399);
#357=PLANE('',#6400);
#358=PLANE('',#6401);
#359=PLANE('',#6402);
#360=PLANE('',#6403);
#361=PLANE('',#6404);
#362=PLANE('',#6405);
#363=PLANE('',#6406);
#364=PLANE('',#6407);
#365=PLANE('',#6408);
#366=PLANE('',#6409);
#367=PLANE('',#6410);
#368=PLANE('',#6411);
#369=PLANE('',#6412);
#370=PLANE('',#6415);
#371=PLANE('',#6416);
#372=FACE_OUTER_BOUND('',#682,.T.);
#373=FACE_OUTER_BOUND('',#683,.T.);
#374=FACE_OUTER_BOUND('',#684,.T.);
#375=FACE_OUTER_BOUND('',#685,.T.);
#376=FACE_OUTER_BOUND('',#686,.T.);
#377=FACE_OUTER_BOUND('',#687,.T.);
#378=FACE_OUTER_BOUND('',#688,.T.);
#379=FACE_OUTER_BOUND('',#689,.T.);
#380=FACE_OUTER_BOUND('',#690,.T.);
#381=FACE_OUTER_BOUND('',#691,.T.);
#382=FACE_OUTER_BOUND('',#692,.T.);
#383=FACE_OUTER_BOUND('',#693,.T.);
#384=FACE_OUTER_BOUND('',#694,.T.);
#385=FACE_OUTER_BOUND('',#695,.T.);
#386=FACE_OUTER_BOUND('',#696,.T.);
#387=FACE_OUTER_BOUND('',#697,.T.);
#388=FACE_OUTER_BOUND('',#698,.T.);
#389=FACE_OUTER_BOUND('',#699,.T.);
#390=FACE_OUTER_BOUND('',#700,.T.);
#391=FACE_OUTER_BOUND('',#701,.T.);
#392=FACE_OUTER_BOUND('',#702,.T.);
#393=FACE_OUTER_BOUND('',#703,.T.);
#394=FACE_OUTER_BOUND('',#704,.T.);
#395=FACE_OUTER_BOUND('',#705,.T.);
#396=FACE_OUTER_BOUND('',#706,.T.);
#397=FACE_OUTER_BOUND('',#707,.T.);
#398=FACE_OUTER_BOUND('',#708,.T.);
#399=FACE_OUTER_BOUND('',#710,.T.);
#400=FACE_OUTER_BOUND('',#711,.T.);
#401=FACE_OUTER_BOUND('',#712,.T.);
#402=FACE_OUTER_BOUND('',#713,.T.);
#403=FACE_OUTER_BOUND('',#714,.T.);
#404=FACE_OUTER_BOUND('',#715,.T.);
#405=FACE_OUTER_BOUND('',#718,.T.);
#406=FACE_OUTER_BOUND('',#719,.T.);
#407=FACE_OUTER_BOUND('',#720,.T.);
#408=FACE_OUTER_BOUND('',#721,.T.);
#409=FACE_OUTER_BOUND('',#722,.T.);
#410=FACE_OUTER_BOUND('',#723,.T.);
#411=FACE_OUTER_BOUND('',#724,.T.);
#412=FACE_OUTER_BOUND('',#725,.T.);
#413=FACE_OUTER_BOUND('',#726,.T.);
#414=FACE_OUTER_BOUND('',#727,.T.);
#415=FACE_OUTER_BOUND('',#728,.T.);
#416=FACE_OUTER_BOUND('',#729,.T.);
#417=FACE_OUTER_BOUND('',#730,.T.);
#418=FACE_OUTER_BOUND('',#731,.T.);
#419=FACE_OUTER_BOUND('',#732,.T.);
#420=FACE_OUTER_BOUND('',#733,.T.);
#421=FACE_OUTER_BOUND('',#734,.T.);
#422=FACE_OUTER_BOUND('',#735,.T.);
#423=FACE_OUTER_BOUND('',#736,.T.);
#424=FACE_OUTER_BOUND('',#737,.T.);
#425=FACE_OUTER_BOUND('',#738,.T.);
#426=FACE_OUTER_BOUND('',#739,.T.);
#427=FACE_OUTER_BOUND('',#740,.T.);
#428=FACE_OUTER_BOUND('',#741,.T.);
#429=FACE_OUTER_BOUND('',#742,.T.);
#430=FACE_OUTER_BOUND('',#743,.T.);
#431=FACE_OUTER_BOUND('',#744,.T.);
#432=FACE_OUTER_BOUND('',#745,.T.);
#433=FACE_OUTER_BOUND('',#746,.T.);
#434=FACE_OUTER_BOUND('',#747,.T.);
#435=FACE_OUTER_BOUND('',#748,.T.);
#436=FACE_OUTER_BOUND('',#749,.T.);
#437=FACE_OUTER_BOUND('',#750,.T.);
#438=FACE_OUTER_BOUND('',#751,.T.);
#439=FACE_OUTER_BOUND('',#752,.T.);
#440=FACE_OUTER_BOUND('',#753,.T.);
#441=FACE_OUTER_BOUND('',#754,.T.);
#442=FACE_OUTER_BOUND('',#755,.T.);
#443=FACE_OUTER_BOUND('',#756,.T.);
#444=FACE_OUTER_BOUND('',#757,.T.);
#445=FACE_OUTER_BOUND('',#758,.T.);
#446=FACE_OUTER_BOUND('',#759,.T.);
#447=FACE_OUTER_BOUND('',#760,.T.);
#448=FACE_OUTER_BOUND('',#761,.T.);
#449=FACE_OUTER_BOUND('',#762,.T.);
#450=FACE_OUTER_BOUND('',#763,.T.);
#451=FACE_OUTER_BOUND('',#764,.T.);
#452=FACE_OUTER_BOUND('',#765,.T.);
#453=FACE_OUTER_BOUND('',#766,.T.);
#454=FACE_OUTER_BOUND('',#767,.T.);
#455=FACE_OUTER_BOUND('',#768,.T.);
#456=FACE_OUTER_BOUND('',#769,.T.);
#457=FACE_OUTER_BOUND('',#770,.T.);
#458=FACE_OUTER_BOUND('',#771,.T.);
#459=FACE_OUTER_BOUND('',#772,.T.);
#460=FACE_OUTER_BOUND('',#773,.T.);
#461=FACE_OUTER_BOUND('',#774,.T.);
#462=FACE_OUTER_BOUND('',#775,.T.);
#463=FACE_OUTER_BOUND('',#776,.T.);
#464=FACE_OUTER_BOUND('',#777,.T.);
#465=FACE_OUTER_BOUND('',#778,.T.);
#466=FACE_OUTER_BOUND('',#779,.T.);
#467=FACE_OUTER_BOUND('',#780,.T.);
#468=FACE_OUTER_BOUND('',#781,.T.);
#469=FACE_OUTER_BOUND('',#782,.T.);
#470=FACE_OUTER_BOUND('',#783,.T.);
#471=FACE_OUTER_BOUND('',#784,.T.);
#472=FACE_OUTER_BOUND('',#785,.T.);
#473=FACE_OUTER_BOUND('',#786,.T.);
#474=FACE_OUTER_BOUND('',#787,.T.);
#475=FACE_OUTER_BOUND('',#788,.T.);
#476=FACE_OUTER_BOUND('',#789,.T.);
#477=FACE_OUTER_BOUND('',#790,.T.);
#478=FACE_OUTER_BOUND('',#791,.T.);
#479=FACE_OUTER_BOUND('',#792,.T.);
#480=FACE_OUTER_BOUND('',#793,.T.);
#481=FACE_OUTER_BOUND('',#794,.T.);
#482=FACE_OUTER_BOUND('',#795,.T.);
#483=FACE_OUTER_BOUND('',#796,.T.);
#484=FACE_OUTER_BOUND('',#797,.T.);
#485=FACE_OUTER_BOUND('',#798,.T.);
#486=FACE_OUTER_BOUND('',#799,.T.);
#487=FACE_OUTER_BOUND('',#800,.T.);
#488=FACE_OUTER_BOUND('',#801,.T.);
#489=FACE_OUTER_BOUND('',#802,.T.);
#490=FACE_OUTER_BOUND('',#803,.T.);
#491=FACE_OUTER_BOUND('',#804,.T.);
#492=FACE_OUTER_BOUND('',#805,.T.);
#493=FACE_OUTER_BOUND('',#806,.T.);
#494=FACE_OUTER_BOUND('',#807,.T.);
#495=FACE_OUTER_BOUND('',#808,.T.);
#496=FACE_OUTER_BOUND('',#809,.T.);
#497=FACE_OUTER_BOUND('',#810,.T.);
#498=FACE_OUTER_BOUND('',#811,.T.);
#499=FACE_OUTER_BOUND('',#812,.T.);
#500=FACE_OUTER_BOUND('',#813,.T.);
#501=FACE_OUTER_BOUND('',#814,.T.);
#502=FACE_OUTER_BOUND('',#815,.T.);
#503=FACE_OUTER_BOUND('',#816,.T.);
#504=FACE_OUTER_BOUND('',#817,.T.);
#505=FACE_OUTER_BOUND('',#818,.T.);
#506=FACE_OUTER_BOUND('',#819,.T.);
#507=FACE_OUTER_BOUND('',#820,.T.);
#508=FACE_OUTER_BOUND('',#821,.T.);
#509=FACE_OUTER_BOUND('',#822,.T.);
#510=FACE_OUTER_BOUND('',#823,.T.);
#511=FACE_OUTER_BOUND('',#824,.T.);
#512=FACE_OUTER_BOUND('',#825,.T.);
#513=FACE_OUTER_BOUND('',#826,.T.);
#514=FACE_OUTER_BOUND('',#827,.T.);
#515=FACE_OUTER_BOUND('',#828,.T.);
#516=FACE_OUTER_BOUND('',#829,.T.);
#517=FACE_OUTER_BOUND('',#830,.T.);
#518=FACE_OUTER_BOUND('',#831,.T.);
#519=FACE_OUTER_BOUND('',#832,.T.);
#520=FACE_OUTER_BOUND('',#833,.T.);
#521=FACE_OUTER_BOUND('',#834,.T.);
#522=FACE_OUTER_BOUND('',#835,.T.);
#523=FACE_OUTER_BOUND('',#836,.T.);
#524=FACE_OUTER_BOUND('',#837,.T.);
#525=FACE_OUTER_BOUND('',#838,.T.);
#526=FACE_OUTER_BOUND('',#839,.T.);
#527=FACE_OUTER_BOUND('',#840,.T.);
#528=FACE_OUTER_BOUND('',#841,.T.);
#529=FACE_OUTER_BOUND('',#842,.T.);
#530=FACE_OUTER_BOUND('',#843,.T.);
#531=FACE_OUTER_BOUND('',#844,.T.);
#532=FACE_OUTER_BOUND('',#845,.T.);
#533=FACE_OUTER_BOUND('',#846,.T.);
#534=FACE_OUTER_BOUND('',#847,.T.);
#535=FACE_OUTER_BOUND('',#848,.T.);
#536=FACE_OUTER_BOUND('',#849,.T.);
#537=FACE_OUTER_BOUND('',#850,.T.);
#538=FACE_OUTER_BOUND('',#851,.T.);
#539=FACE_OUTER_BOUND('',#852,.T.);
#540=FACE_OUTER_BOUND('',#853,.T.);
#541=FACE_OUTER_BOUND('',#854,.T.);
#542=FACE_OUTER_BOUND('',#855,.T.);
#543=FACE_OUTER_BOUND('',#856,.T.);
#544=FACE_OUTER_BOUND('',#857,.T.);
#545=FACE_OUTER_BOUND('',#858,.T.);
#546=FACE_OUTER_BOUND('',#859,.T.);
#547=FACE_OUTER_BOUND('',#860,.T.);
#548=FACE_OUTER_BOUND('',#861,.T.);
#549=FACE_OUTER_BOUND('',#862,.T.);
#550=FACE_OUTER_BOUND('',#863,.T.);
#551=FACE_OUTER_BOUND('',#864,.T.);
#552=FACE_OUTER_BOUND('',#865,.T.);
#553=FACE_OUTER_BOUND('',#866,.T.);
#554=FACE_OUTER_BOUND('',#867,.T.);
#555=FACE_OUTER_BOUND('',#868,.T.);
#556=FACE_OUTER_BOUND('',#869,.T.);
#557=FACE_OUTER_BOUND('',#870,.T.);
#558=FACE_OUTER_BOUND('',#871,.T.);
#559=FACE_OUTER_BOUND('',#872,.T.);
#560=FACE_OUTER_BOUND('',#873,.T.);
#561=FACE_OUTER_BOUND('',#874,.T.);
#562=FACE_OUTER_BOUND('',#875,.T.);
#563=FACE_OUTER_BOUND('',#876,.T.);
#564=FACE_OUTER_BOUND('',#877,.T.);
#565=FACE_OUTER_BOUND('',#878,.T.);
#566=FACE_OUTER_BOUND('',#879,.T.);
#567=FACE_OUTER_BOUND('',#880,.T.);
#568=FACE_OUTER_BOUND('',#881,.T.);
#569=FACE_OUTER_BOUND('',#882,.T.);
#570=FACE_OUTER_BOUND('',#883,.T.);
#571=FACE_OUTER_BOUND('',#884,.T.);
#572=FACE_OUTER_BOUND('',#885,.T.);
#573=FACE_OUTER_BOUND('',#886,.T.);
#574=FACE_OUTER_BOUND('',#887,.T.);
#575=FACE_OUTER_BOUND('',#888,.T.);
#576=FACE_OUTER_BOUND('',#889,.T.);
#577=FACE_OUTER_BOUND('',#890,.T.);
#578=FACE_OUTER_BOUND('',#891,.T.);
#579=FACE_OUTER_BOUND('',#892,.T.);
#580=FACE_OUTER_BOUND('',#893,.T.);
#581=FACE_OUTER_BOUND('',#894,.T.);
#582=FACE_OUTER_BOUND('',#895,.T.);
#583=FACE_OUTER_BOUND('',#896,.T.);
#584=FACE_OUTER_BOUND('',#897,.T.);
#585=FACE_OUTER_BOUND('',#898,.T.);
#586=FACE_OUTER_BOUND('',#899,.T.);
#587=FACE_OUTER_BOUND('',#900,.T.);
#588=FACE_OUTER_BOUND('',#901,.T.);
#589=FACE_OUTER_BOUND('',#902,.T.);
#590=FACE_OUTER_BOUND('',#903,.T.);
#591=FACE_OUTER_BOUND('',#904,.T.);
#592=FACE_OUTER_BOUND('',#905,.T.);
#593=FACE_OUTER_BOUND('',#906,.T.);
#594=FACE_OUTER_BOUND('',#907,.T.);
#595=FACE_OUTER_BOUND('',#908,.T.);
#596=FACE_OUTER_BOUND('',#909,.T.);
#597=FACE_OUTER_BOUND('',#910,.T.);
#598=FACE_OUTER_BOUND('',#911,.T.);
#599=FACE_OUTER_BOUND('',#912,.T.);
#600=FACE_OUTER_BOUND('',#913,.T.);
#601=FACE_OUTER_BOUND('',#914,.T.);
#602=FACE_OUTER_BOUND('',#915,.T.);
#603=FACE_OUTER_BOUND('',#916,.T.);
#604=FACE_OUTER_BOUND('',#917,.T.);
#605=FACE_OUTER_BOUND('',#918,.T.);
#606=FACE_OUTER_BOUND('',#919,.T.);
#607=FACE_OUTER_BOUND('',#920,.T.);
#608=FACE_OUTER_BOUND('',#921,.T.);
#609=FACE_OUTER_BOUND('',#922,.T.);
#610=FACE_OUTER_BOUND('',#923,.T.);
#611=FACE_OUTER_BOUND('',#924,.T.);
#612=FACE_OUTER_BOUND('',#925,.T.);
#613=FACE_OUTER_BOUND('',#926,.T.);
#614=FACE_OUTER_BOUND('',#927,.T.);
#615=FACE_OUTER_BOUND('',#928,.T.);
#616=FACE_OUTER_BOUND('',#929,.T.);
#617=FACE_OUTER_BOUND('',#930,.T.);
#618=FACE_OUTER_BOUND('',#931,.T.);
#619=FACE_OUTER_BOUND('',#932,.T.);
#620=FACE_OUTER_BOUND('',#933,.T.);
#621=FACE_OUTER_BOUND('',#934,.T.);
#622=FACE_OUTER_BOUND('',#935,.T.);
#623=FACE_OUTER_BOUND('',#936,.T.);
#624=FACE_OUTER_BOUND('',#937,.T.);
#625=FACE_OUTER_BOUND('',#938,.T.);
#626=FACE_OUTER_BOUND('',#939,.T.);
#627=FACE_OUTER_BOUND('',#940,.T.);
#628=FACE_OUTER_BOUND('',#941,.T.);
#629=FACE_OUTER_BOUND('',#942,.T.);
#630=FACE_OUTER_BOUND('',#943,.T.);
#631=FACE_OUTER_BOUND('',#944,.T.);
#632=FACE_OUTER_BOUND('',#945,.T.);
#633=FACE_OUTER_BOUND('',#946,.T.);
#634=FACE_OUTER_BOUND('',#947,.T.);
#635=FACE_OUTER_BOUND('',#948,.T.);
#636=FACE_OUTER_BOUND('',#949,.T.);
#637=FACE_OUTER_BOUND('',#950,.T.);
#638=FACE_OUTER_BOUND('',#951,.T.);
#639=FACE_OUTER_BOUND('',#952,.T.);
#640=FACE_OUTER_BOUND('',#953,.T.);
#641=FACE_OUTER_BOUND('',#954,.T.);
#642=FACE_OUTER_BOUND('',#955,.T.);
#643=FACE_OUTER_BOUND('',#956,.T.);
#644=FACE_OUTER_BOUND('',#957,.T.);
#645=FACE_OUTER_BOUND('',#958,.T.);
#646=FACE_OUTER_BOUND('',#959,.T.);
#647=FACE_OUTER_BOUND('',#960,.T.);
#648=FACE_OUTER_BOUND('',#961,.T.);
#649=FACE_OUTER_BOUND('',#962,.T.);
#650=FACE_OUTER_BOUND('',#963,.T.);
#651=FACE_OUTER_BOUND('',#964,.T.);
#652=FACE_OUTER_BOUND('',#965,.T.);
#653=FACE_OUTER_BOUND('',#966,.T.);
#654=FACE_OUTER_BOUND('',#967,.T.);
#655=FACE_OUTER_BOUND('',#968,.T.);
#656=FACE_OUTER_BOUND('',#969,.T.);
#657=FACE_OUTER_BOUND('',#970,.T.);
#658=FACE_OUTER_BOUND('',#971,.T.);
#659=FACE_OUTER_BOUND('',#972,.T.);
#660=FACE_OUTER_BOUND('',#973,.T.);
#661=FACE_OUTER_BOUND('',#974,.T.);
#662=FACE_OUTER_BOUND('',#975,.T.);
#663=FACE_OUTER_BOUND('',#976,.T.);
#664=FACE_OUTER_BOUND('',#977,.T.);
#665=FACE_OUTER_BOUND('',#978,.T.);
#666=FACE_OUTER_BOUND('',#979,.T.);
#667=FACE_OUTER_BOUND('',#980,.T.);
#668=FACE_OUTER_BOUND('',#981,.T.);
#669=FACE_OUTER_BOUND('',#982,.T.);
#670=FACE_OUTER_BOUND('',#983,.T.);
#671=FACE_OUTER_BOUND('',#984,.T.);
#672=FACE_OUTER_BOUND('',#985,.T.);
#673=FACE_OUTER_BOUND('',#986,.T.);
#674=FACE_OUTER_BOUND('',#987,.T.);
#675=FACE_OUTER_BOUND('',#988,.T.);
#676=FACE_OUTER_BOUND('',#1011,.T.);
#677=FACE_OUTER_BOUND('',#1012,.T.);
#678=FACE_OUTER_BOUND('',#1013,.T.);
#679=FACE_OUTER_BOUND('',#1014,.T.);
#680=FACE_OUTER_BOUND('',#1015,.T.);
#681=FACE_OUTER_BOUND('',#1016,.T.);
#682=EDGE_LOOP('',(#4051,#4052,#4053,#4054));
#683=EDGE_LOOP('',(#4055,#4056,#4057,#4058));
#684=EDGE_LOOP('',(#4059,#4060,#4061,#4062));
#685=EDGE_LOOP('',(#4063,#4064,#4065,#4066));
#686=EDGE_LOOP('',(#4067,#4068,#4069,#4070));
#687=EDGE_LOOP('',(#4071,#4072,#4073,#4074));
#688=EDGE_LOOP('',(#4075,#4076,#4077,#4078,#4079,#4080));
#689=EDGE_LOOP('',(#4081,#4082,#4083,#4084));
#690=EDGE_LOOP('',(#4085,#4086,#4087,#4088));
#691=EDGE_LOOP('',(#4089,#4090,#4091,#4092));
#692=EDGE_LOOP('',(#4093,#4094,#4095,#4096));
#693=EDGE_LOOP('',(#4097,#4098,#4099,#4100));
#694=EDGE_LOOP('',(#4101,#4102,#4103,#4104,#4105));
#695=EDGE_LOOP('',(#4106,#4107,#4108,#4109));
#696=EDGE_LOOP('',(#4110,#4111,#4112,#4113));
#697=EDGE_LOOP('',(#4114,#4115,#4116,#4117));
#698=EDGE_LOOP('',(#4118,#4119,#4120,#4121));
#699=EDGE_LOOP('',(#4122,#4123,#4124,#4125));
#700=EDGE_LOOP('',(#4126,#4127,#4128,#4129,#4130));
#701=EDGE_LOOP('',(#4131,#4132,#4133,#4134,#4135,#4136,#4137,#4138,#4139));
#702=EDGE_LOOP('',(#4140,#4141,#4142,#4143));
#703=EDGE_LOOP('',(#4144,#4145,#4146,#4147));
#704=EDGE_LOOP('',(#4148,#4149,#4150,#4151));
#705=EDGE_LOOP('',(#4152,#4153,#4154,#4155));
#706=EDGE_LOOP('',(#4156,#4157,#4158,#4159));
#707=EDGE_LOOP('',(#4160,#4161,#4162,#4163));
#708=EDGE_LOOP('',(#4164,#4165,#4166,#4167,#4168,#4169,#4170));
#709=EDGE_LOOP('',(#4171,#4172,#4173,#4174));
#710=EDGE_LOOP('',(#4175,#4176,#4177,#4178));
#711=EDGE_LOOP('',(#4179,#4180,#4181,#4182));
#712=EDGE_LOOP('',(#4183,#4184,#4185,#4186));
#713=EDGE_LOOP('',(#4187,#4188,#4189,#4190));
#714=EDGE_LOOP('',(#4191,#4192,#4193,#4194));
#715=EDGE_LOOP('',(#4195,#4196,#4197,#4198,#4199,#4200,#4201,#4202,#4203,
#4204));
#716=EDGE_LOOP('',(#4205,#4206,#4207));
#717=EDGE_LOOP('',(#4208,#4209,#4210));
#718=EDGE_LOOP('',(#4211,#4212,#4213,#4214));
#719=EDGE_LOOP('',(#4215,#4216,#4217,#4218));
#720=EDGE_LOOP('',(#4219,#4220,#4221,#4222));
#721=EDGE_LOOP('',(#4223,#4224,#4225));
#722=EDGE_LOOP('',(#4226,#4227,#4228,#4229));
#723=EDGE_LOOP('',(#4230,#4231,#4232,#4233));
#724=EDGE_LOOP('',(#4234,#4235,#4236,#4237));
#725=EDGE_LOOP('',(#4238,#4239,#4240));
#726=EDGE_LOOP('',(#4241,#4242,#4243,#4244));
#727=EDGE_LOOP('',(#4245,#4246,#4247,#4248));
#728=EDGE_LOOP('',(#4249,#4250,#4251,#4252));
#729=EDGE_LOOP('',(#4253,#4254,#4255,#4256));
#730=EDGE_LOOP('',(#4257,#4258,#4259,#4260));
#731=EDGE_LOOP('',(#4261,#4262,#4263,#4264,#4265,#4266,#4267));
#732=EDGE_LOOP('',(#4268,#4269,#4270,#4271));
#733=EDGE_LOOP('',(#4272,#4273,#4274,#4275));
#734=EDGE_LOOP('',(#4276,#4277,#4278,#4279));
#735=EDGE_LOOP('',(#4280,#4281,#4282,#4283));
#736=EDGE_LOOP('',(#4284,#4285,#4286,#4287));
#737=EDGE_LOOP('',(#4288,#4289,#4290,#4291));
#738=EDGE_LOOP('',(#4292,#4293,#4294,#4295,#4296,#4297,#4298,#4299,#4300,
#4301,#4302,#4303,#4304,#4305,#4306,#4307,#4308,#4309,#4310,#4311));
#739=EDGE_LOOP('',(#4312,#4313,#4314,#4315));
#740=EDGE_LOOP('',(#4316,#4317,#4318,#4319));
#741=EDGE_LOOP('',(#4320,#4321,#4322,#4323));
#742=EDGE_LOOP('',(#4324,#4325,#4326,#4327));
#743=EDGE_LOOP('',(#4328,#4329,#4330,#4331));
#744=EDGE_LOOP('',(#4332,#4333,#4334,#4335));
#745=EDGE_LOOP('',(#4336,#4337,#4338,#4339,#4340,#4341,#4342,#4343,#4344,
#4345,#4346,#4347,#4348,#4349,#4350,#4351,#4352,#4353,#4354,#4355));
#746=EDGE_LOOP('',(#4356,#4357,#4358,#4359));
#747=EDGE_LOOP('',(#4360,#4361,#4362,#4363));
#748=EDGE_LOOP('',(#4364,#4365,#4366,#4367));
#749=EDGE_LOOP('',(#4368,#4369,#4370,#4371));
#750=EDGE_LOOP('',(#4372,#4373,#4374,#4375));
#751=EDGE_LOOP('',(#4376,#4377,#4378,#4379));
#752=EDGE_LOOP('',(#4380,#4381,#4382,#4383));
#753=EDGE_LOOP('',(#4384,#4385,#4386,#4387,#4388,#4389,#4390,#4391,#4392,
#4393,#4394,#4395,#4396,#4397,#4398,#4399,#4400,#4401,#4402,#4403));
#754=EDGE_LOOP('',(#4404,#4405,#4406,#4407));
#755=EDGE_LOOP('',(#4408,#4409,#4410,#4411,#4412,#4413,#4414,#4415,#4416,
#4417,#4418,#4419,#4420,#4421,#4422,#4423,#4424,#4425,#4426,#4427));
#756=EDGE_LOOP('',(#4428,#4429,#4430,#4431));
#757=EDGE_LOOP('',(#4432,#4433,#4434,#4435));
#758=EDGE_LOOP('',(#4436,#4437,#4438,#4439));
#759=EDGE_LOOP('',(#4440,#4441,#4442,#4443,#4444,#4445,#4446,#4447,#4448,
#4449,#4450,#4451,#4452,#4453,#4454,#4455,#4456,#4457,#4458,#4459));
#760=EDGE_LOOP('',(#4460,#4461,#4462,#4463));
#761=EDGE_LOOP('',(#4464,#4465,#4466,#4467));
#762=EDGE_LOOP('',(#4468,#4469,#4470,#4471,#4472,#4473,#4474,#4475,#4476,
#4477,#4478,#4479,#4480,#4481,#4482,#4483,#4484,#4485,#4486,#4487));
#763=EDGE_LOOP('',(#4488,#4489,#4490,#4491));
#764=EDGE_LOOP('',(#4492,#4493,#4494,#4495));
#765=EDGE_LOOP('',(#4496,#4497,#4498,#4499,#4500,#4501,#4502,#4503,#4504,
#4505,#4506,#4507,#4508,#4509,#4510,#4511,#4512,#4513,#4514,#4515));
#766=EDGE_LOOP('',(#4516,#4517,#4518,#4519));
#767=EDGE_LOOP('',(#4520,#4521,#4522,#4523));
#768=EDGE_LOOP('',(#4524,#4525,#4526,#4527));
#769=EDGE_LOOP('',(#4528,#4529,#4530,#4531));
#770=EDGE_LOOP('',(#4532,#4533,#4534,#4535));
#771=EDGE_LOOP('',(#4536,#4537,#4538,#4539,#4540,#4541,#4542,#4543,#4544,
#4545,#4546,#4547,#4548,#4549,#4550,#4551,#4552,#4553,#4554,#4555));
#772=EDGE_LOOP('',(#4556,#4557,#4558,#4559));
#773=EDGE_LOOP('',(#4560,#4561,#4562,#4563));
#774=EDGE_LOOP('',(#4564,#4565,#4566,#4567,#4568,#4569,#4570,#4571,#4572,
#4573,#4574,#4575,#4576,#4577,#4578,#4579,#4580,#4581,#4582,#4583));
#775=EDGE_LOOP('',(#4584,#4585,#4586,#4587));
#776=EDGE_LOOP('',(#4588,#4589,#4590,#4591));
#777=EDGE_LOOP('',(#4592,#4593,#4594,#4595));
#778=EDGE_LOOP('',(#4596,#4597,#4598,#4599));
#779=EDGE_LOOP('',(#4600,#4601,#4602,#4603));
#780=EDGE_LOOP('',(#4604,#4605,#4606,#4607));
#781=EDGE_LOOP('',(#4608,#4609,#4610,#4611));
#782=EDGE_LOOP('',(#4612,#4613,#4614,#4615));
#783=EDGE_LOOP('',(#4616,#4617,#4618,#4619));
#784=EDGE_LOOP('',(#4620,#4621,#4622,#4623,#4624,#4625,#4626,#4627,#4628,
#4629,#4630,#4631,#4632,#4633,#4634,#4635,#4636,#4637,#4638,#4639));
#785=EDGE_LOOP('',(#4640,#4641,#4642,#4643));
#786=EDGE_LOOP('',(#4644,#4645,#4646,#4647));
#787=EDGE_LOOP('',(#4648,#4649,#4650,#4651));
#788=EDGE_LOOP('',(#4652,#4653,#4654,#4655));
#789=EDGE_LOOP('',(#4656,#4657,#4658,#4659));
#790=EDGE_LOOP('',(#4660,#4661,#4662,#4663));
#791=EDGE_LOOP('',(#4664,#4665,#4666,#4667));
#792=EDGE_LOOP('',(#4668,#4669,#4670,#4671));
#793=EDGE_LOOP('',(#4672,#4673,#4674,#4675));
#794=EDGE_LOOP('',(#4676,#4677,#4678,#4679));
#795=EDGE_LOOP('',(#4680,#4681,#4682,#4683));
#796=EDGE_LOOP('',(#4684,#4685,#4686,#4687));
#797=EDGE_LOOP('',(#4688,#4689,#4690,#4691,#4692,#4693,#4694,#4695,#4696,
#4697,#4698,#4699,#4700,#4701,#4702,#4703,#4704,#4705,#4706,#4707));
#798=EDGE_LOOP('',(#4708,#4709,#4710,#4711));
#799=EDGE_LOOP('',(#4712,#4713,#4714,#4715));
#800=EDGE_LOOP('',(#4716,#4717,#4718,#4719));
#801=EDGE_LOOP('',(#4720,#4721,#4722,#4723,#4724,#4725,#4726,#4727,#4728,
#4729,#4730,#4731,#4732,#4733,#4734,#4735,#4736,#4737,#4738,#4739));
#802=EDGE_LOOP('',(#4740,#4741,#4742,#4743));
#803=EDGE_LOOP('',(#4744,#4745,#4746,#4747));
#804=EDGE_LOOP('',(#4748,#4749,#4750,#4751));
#805=EDGE_LOOP('',(#4752,#4753,#4754,#4755,#4756,#4757,#4758,#4759,#4760,
#4761,#4762,#4763,#4764,#4765,#4766,#4767,#4768,#4769,#4770,#4771));
#806=EDGE_LOOP('',(#4772,#4773,#4774,#4775));
#807=EDGE_LOOP('',(#4776,#4777,#4778,#4779));
#808=EDGE_LOOP('',(#4780,#4781,#4782,#4783));
#809=EDGE_LOOP('',(#4784,#4785,#4786,#4787));
#810=EDGE_LOOP('',(#4788,#4789,#4790,#4791));
#811=EDGE_LOOP('',(#4792,#4793,#4794,#4795));
#812=EDGE_LOOP('',(#4796,#4797,#4798,#4799));
#813=EDGE_LOOP('',(#4800,#4801,#4802,#4803));
#814=EDGE_LOOP('',(#4804,#4805,#4806,#4807,#4808,#4809,#4810,#4811,#4812,
#4813,#4814,#4815,#4816,#4817,#4818,#4819,#4820,#4821,#4822,#4823));
#815=EDGE_LOOP('',(#4824,#4825,#4826,#4827));
#816=EDGE_LOOP('',(#4828,#4829,#4830,#4831));
#817=EDGE_LOOP('',(#4832,#4833,#4834,#4835));
#818=EDGE_LOOP('',(#4836,#4837,#4838,#4839));
#819=EDGE_LOOP('',(#4840,#4841,#4842,#4843));
#820=EDGE_LOOP('',(#4844,#4845,#4846,#4847,#4848,#4849,#4850,#4851,#4852,
#4853,#4854,#4855,#4856,#4857,#4858,#4859,#4860,#4861,#4862,#4863));
#821=EDGE_LOOP('',(#4864,#4865,#4866,#4867));
#822=EDGE_LOOP('',(#4868,#4869,#4870,#4871));
#823=EDGE_LOOP('',(#4872,#4873,#4874,#4875));
#824=EDGE_LOOP('',(#4876,#4877,#4878,#4879));
#825=EDGE_LOOP('',(#4880,#4881,#4882,#4883));
#826=EDGE_LOOP('',(#4884,#4885,#4886,#4887));
#827=EDGE_LOOP('',(#4888,#4889,#4890,#4891));
#828=EDGE_LOOP('',(#4892,#4893,#4894,#4895));
#829=EDGE_LOOP('',(#4896,#4897,#4898,#4899));
#830=EDGE_LOOP('',(#4900,#4901,#4902,#4903,#4904,#4905,#4906,#4907,#4908,
#4909,#4910,#4911,#4912,#4913,#4914,#4915,#4916,#4917,#4918,#4919));
#831=EDGE_LOOP('',(#4920,#4921,#4922,#4923));
#832=EDGE_LOOP('',(#4924,#4925,#4926,#4927));
#833=EDGE_LOOP('',(#4928,#4929,#4930,#4931));
#834=EDGE_LOOP('',(#4932,#4933,#4934,#4935));
#835=EDGE_LOOP('',(#4936,#4937,#4938,#4939));
#836=EDGE_LOOP('',(#4940,#4941,#4942,#4943,#4944,#4945,#4946,#4947,#4948,
#4949,#4950,#4951,#4952,#4953,#4954,#4955,#4956,#4957,#4958,#4959));
#837=EDGE_LOOP('',(#4960,#4961,#4962,#4963));
#838=EDGE_LOOP('',(#4964,#4965,#4966,#4967));
#839=EDGE_LOOP('',(#4968,#4969,#4970,#4971,#4972,#4973,#4974,#4975,#4976,
#4977,#4978,#4979,#4980,#4981,#4982,#4983,#4984,#4985,#4986,#4987));
#840=EDGE_LOOP('',(#4988,#4989,#4990,#4991));
#841=EDGE_LOOP('',(#4992,#4993,#4994,#4995));
#842=EDGE_LOOP('',(#4996,#4997,#4998,#4999));
#843=EDGE_LOOP('',(#5000,#5001,#5002,#5003));
#844=EDGE_LOOP('',(#5004,#5005,#5006,#5007));
#845=EDGE_LOOP('',(#5008,#5009,#5010,#5011));
#846=EDGE_LOOP('',(#5012,#5013,#5014,#5015));
#847=EDGE_LOOP('',(#5016,#5017,#5018,#5019));
#848=EDGE_LOOP('',(#5020,#5021,#5022,#5023));
#849=EDGE_LOOP('',(#5024,#5025,#5026,#5027));
#850=EDGE_LOOP('',(#5028,#5029,#5030,#5031));
#851=EDGE_LOOP('',(#5032,#5033,#5034,#5035));
#852=EDGE_LOOP('',(#5036,#5037,#5038,#5039));
#853=EDGE_LOOP('',(#5040,#5041,#5042,#5043));
#854=EDGE_LOOP('',(#5044,#5045,#5046,#5047));
#855=EDGE_LOOP('',(#5048,#5049,#5050,#5051));
#856=EDGE_LOOP('',(#5052,#5053,#5054,#5055));
#857=EDGE_LOOP('',(#5056,#5057,#5058,#5059));
#858=EDGE_LOOP('',(#5060,#5061,#5062,#5063));
#859=EDGE_LOOP('',(#5064,#5065,#5066,#5067));
#860=EDGE_LOOP('',(#5068,#5069,#5070,#5071,#5072,#5073,#5074,#5075,#5076,
#5077,#5078,#5079,#5080,#5081,#5082,#5083,#5084,#5085,#5086,#5087));
#861=EDGE_LOOP('',(#5088,#5089,#5090,#5091));
#862=EDGE_LOOP('',(#5092,#5093,#5094,#5095));
#863=EDGE_LOOP('',(#5096,#5097,#5098,#5099));
#864=EDGE_LOOP('',(#5100,#5101,#5102,#5103));
#865=EDGE_LOOP('',(#5104,#5105,#5106,#5107));
#866=EDGE_LOOP('',(#5108,#5109,#5110,#5111));
#867=EDGE_LOOP('',(#5112,#5113,#5114,#5115));
#868=EDGE_LOOP('',(#5116,#5117,#5118,#5119));
#869=EDGE_LOOP('',(#5120,#5121,#5122,#5123));
#870=EDGE_LOOP('',(#5124,#5125,#5126,#5127));
#871=EDGE_LOOP('',(#5128,#5129,#5130,#5131));
#872=EDGE_LOOP('',(#5132,#5133,#5134,#5135));
#873=EDGE_LOOP('',(#5136,#5137,#5138,#5139));
#874=EDGE_LOOP('',(#5140,#5141,#5142,#5143));
#875=EDGE_LOOP('',(#5144,#5145,#5146,#5147));
#876=EDGE_LOOP('',(#5148,#5149,#5150,#5151));
#877=EDGE_LOOP('',(#5152,#5153,#5154,#5155));
#878=EDGE_LOOP('',(#5156,#5157,#5158,#5159));
#879=EDGE_LOOP('',(#5160,#5161,#5162,#5163));
#880=EDGE_LOOP('',(#5164,#5165,#5166,#5167));
#881=EDGE_LOOP('',(#5168,#5169,#5170,#5171));
#882=EDGE_LOOP('',(#5172,#5173,#5174,#5175));
#883=EDGE_LOOP('',(#5176,#5177,#5178,#5179));
#884=EDGE_LOOP('',(#5180,#5181,#5182,#5183));
#885=EDGE_LOOP('',(#5184,#5185,#5186,#5187));
#886=EDGE_LOOP('',(#5188,#5189,#5190,#5191));
#887=EDGE_LOOP('',(#5192,#5193,#5194,#5195));
#888=EDGE_LOOP('',(#5196,#5197,#5198,#5199));
#889=EDGE_LOOP('',(#5200,#5201,#5202,#5203));
#890=EDGE_LOOP('',(#5204,#5205,#5206,#5207));
#891=EDGE_LOOP('',(#5208,#5209,#5210,#5211));
#892=EDGE_LOOP('',(#5212,#5213,#5214,#5215));
#893=EDGE_LOOP('',(#5216,#5217,#5218,#5219));
#894=EDGE_LOOP('',(#5220,#5221,#5222,#5223));
#895=EDGE_LOOP('',(#5224,#5225,#5226,#5227));
#896=EDGE_LOOP('',(#5228,#5229,#5230,#5231));
#897=EDGE_LOOP('',(#5232,#5233,#5234,#5235));
#898=EDGE_LOOP('',(#5236,#5237,#5238,#5239));
#899=EDGE_LOOP('',(#5240,#5241,#5242,#5243));
#900=EDGE_LOOP('',(#5244,#5245,#5246,#5247));
#901=EDGE_LOOP('',(#5248,#5249,#5250,#5251));
#902=EDGE_LOOP('',(#5252,#5253,#5254,#5255));
#903=EDGE_LOOP('',(#5256,#5257,#5258,#5259));
#904=EDGE_LOOP('',(#5260,#5261,#5262,#5263));
#905=EDGE_LOOP('',(#5264,#5265,#5266,#5267));
#906=EDGE_LOOP('',(#5268,#5269,#5270,#5271));
#907=EDGE_LOOP('',(#5272,#5273,#5274,#5275));
#908=EDGE_LOOP('',(#5276,#5277,#5278,#5279));
#909=EDGE_LOOP('',(#5280,#5281,#5282,#5283));
#910=EDGE_LOOP('',(#5284,#5285,#5286,#5287));
#911=EDGE_LOOP('',(#5288,#5289,#5290,#5291));
#912=EDGE_LOOP('',(#5292,#5293,#5294,#5295));
#913=EDGE_LOOP('',(#5296,#5297,#5298,#5299));
#914=EDGE_LOOP('',(#5300,#5301,#5302,#5303));
#915=EDGE_LOOP('',(#5304,#5305,#5306,#5307));
#916=EDGE_LOOP('',(#5308,#5309,#5310,#5311));
#917=EDGE_LOOP('',(#5312,#5313,#5314,#5315,#5316,#5317,#5318,#5319,#5320,
#5321,#5322,#5323,#5324,#5325,#5326,#5327,#5328,#5329,#5330,#5331));
#918=EDGE_LOOP('',(#5332,#5333,#5334,#5335));
#919=EDGE_LOOP('',(#5336,#5337,#5338,#5339));
#920=EDGE_LOOP('',(#5340,#5341,#5342,#5343));
#921=EDGE_LOOP('',(#5344,#5345,#5346,#5347));
#922=EDGE_LOOP('',(#5348,#5349,#5350,#5351));
#923=EDGE_LOOP('',(#5352,#5353,#5354,#5355));
#924=EDGE_LOOP('',(#5356,#5357,#5358,#5359));
#925=EDGE_LOOP('',(#5360,#5361,#5362,#5363));
#926=EDGE_LOOP('',(#5364,#5365,#5366,#5367));
#927=EDGE_LOOP('',(#5368,#5369,#5370,#5371));
#928=EDGE_LOOP('',(#5372,#5373,#5374,#5375));
#929=EDGE_LOOP('',(#5376,#5377,#5378,#5379));
#930=EDGE_LOOP('',(#5380,#5381,#5382,#5383));
#931=EDGE_LOOP('',(#5384,#5385,#5386,#5387));
#932=EDGE_LOOP('',(#5388,#5389,#5390,#5391));
#933=EDGE_LOOP('',(#5392,#5393,#5394,#5395));
#934=EDGE_LOOP('',(#5396,#5397,#5398,#5399));
#935=EDGE_LOOP('',(#5400,#5401,#5402,#5403));
#936=EDGE_LOOP('',(#5404,#5405,#5406,#5407));
#937=EDGE_LOOP('',(#5408,#5409,#5410,#5411));
#938=EDGE_LOOP('',(#5412,#5413,#5414,#5415));
#939=EDGE_LOOP('',(#5416,#5417,#5418,#5419));
#940=EDGE_LOOP('',(#5420,#5421,#5422,#5423));
#941=EDGE_LOOP('',(#5424,#5425,#5426,#5427));
#942=EDGE_LOOP('',(#5428,#5429,#5430,#5431));
#943=EDGE_LOOP('',(#5432,#5433,#5434,#5435));
#944=EDGE_LOOP('',(#5436,#5437,#5438,#5439));
#945=EDGE_LOOP('',(#5440,#5441,#5442,#5443));
#946=EDGE_LOOP('',(#5444,#5445,#5446,#5447));
#947=EDGE_LOOP('',(#5448,#5449,#5450,#5451));
#948=EDGE_LOOP('',(#5452,#5453,#5454,#5455));
#949=EDGE_LOOP('',(#5456,#5457,#5458,#5459));
#950=EDGE_LOOP('',(#5460,#5461,#5462,#5463));
#951=EDGE_LOOP('',(#5464,#5465,#5466,#5467));
#952=EDGE_LOOP('',(#5468,#5469,#5470,#5471));
#953=EDGE_LOOP('',(#5472,#5473,#5474,#5475));
#954=EDGE_LOOP('',(#5476,#5477,#5478,#5479));
#955=EDGE_LOOP('',(#5480,#5481,#5482,#5483));
#956=EDGE_LOOP('',(#5484,#5485,#5486,#5487));
#957=EDGE_LOOP('',(#5488,#5489,#5490,#5491));
#958=EDGE_LOOP('',(#5492,#5493,#5494,#5495));
#959=EDGE_LOOP('',(#5496,#5497,#5498,#5499));
#960=EDGE_LOOP('',(#5500,#5501,#5502,#5503));
#961=EDGE_LOOP('',(#5504,#5505,#5506,#5507));
#962=EDGE_LOOP('',(#5508,#5509,#5510,#5511,#5512,#5513,#5514));
#963=EDGE_LOOP('',(#5515,#5516,#5517,#5518));
#964=EDGE_LOOP('',(#5519,#5520,#5521,#5522));
#965=EDGE_LOOP('',(#5523,#5524,#5525,#5526));
#966=EDGE_LOOP('',(#5527,#5528,#5529,#5530));
#967=EDGE_LOOP('',(#5531,#5532,#5533,#5534));
#968=EDGE_LOOP('',(#5535,#5536,#5537,#5538));
#969=EDGE_LOOP('',(#5539,#5540,#5541,#5542));
#970=EDGE_LOOP('',(#5543,#5544,#5545,#5546));
#971=EDGE_LOOP('',(#5547,#5548,#5549,#5550));
#972=EDGE_LOOP('',(#5551,#5552,#5553,#5554));
#973=EDGE_LOOP('',(#5555,#5556,#5557,#5558));
#974=EDGE_LOOP('',(#5559,#5560,#5561,#5562));
#975=EDGE_LOOP('',(#5563,#5564,#5565,#5566));
#976=EDGE_LOOP('',(#5567,#5568,#5569,#5570));
#977=EDGE_LOOP('',(#5571,#5572,#5573,#5574));
#978=EDGE_LOOP('',(#5575,#5576,#5577,#5578));
#979=EDGE_LOOP('',(#5579,#5580,#5581,#5582));
#980=EDGE_LOOP('',(#5583,#5584,#5585,#5586));
#981=EDGE_LOOP('',(#5587,#5588,#5589,#5590));
#982=EDGE_LOOP('',(#5591,#5592,#5593,#5594));
#983=EDGE_LOOP('',(#5595,#5596,#5597,#5598));
#984=EDGE_LOOP('',(#5599,#5600,#5601,#5602));
#985=EDGE_LOOP('',(#5603,#5604,#5605,#5606));
#986=EDGE_LOOP('',(#5607,#5608,#5609,#5610));
#987=EDGE_LOOP('',(#5611,#5612,#5613,#5614));
#988=EDGE_LOOP('',(#5615,#5616,#5617,#5618));
#989=EDGE_LOOP('',(#5619,#5620,#5621,#5622,#5623,#5624));
#990=EDGE_LOOP('',(#5625,#5626,#5627,#5628,#5629));
#991=EDGE_LOOP('',(#5630,#5631,#5632,#5633,#5634));
#992=EDGE_LOOP('',(#5635,#5636,#5637,#5638));
#993=EDGE_LOOP('',(#5639,#5640,#5641,#5642));
#994=EDGE_LOOP('',(#5643,#5644,#5645,#5646));
#995=EDGE_LOOP('',(#5647,#5648,#5649,#5650));
#996=EDGE_LOOP('',(#5651,#5652,#5653,#5654));
#997=EDGE_LOOP('',(#5655,#5656,#5657,#5658));
#998=EDGE_LOOP('',(#5659,#5660,#5661,#5662));
#999=EDGE_LOOP('',(#5663,#5664,#5665,#5666));
#1000=EDGE_LOOP('',(#5667,#5668,#5669,#5670));
#1001=EDGE_LOOP('',(#5671,#5672,#5673,#5674,#5675,#5676,#5677));
#1002=EDGE_LOOP('',(#5678,#5679,#5680,#5681));
#1003=EDGE_LOOP('',(#5682,#5683,#5684,#5685,#5686,#5687,#5688,#5689,#5690,
#5691));
#1004=EDGE_LOOP('',(#5692,#5693,#5694,#5695));
#1005=EDGE_LOOP('',(#5696,#5697,#5698,#5699,#5700,#5701,#5702,#5703,#5704));
#1006=EDGE_LOOP('',(#5705,#5706,#5707,#5708,#5709,#5710));
#1007=EDGE_LOOP('',(#5711,#5712,#5713,#5714));
#1008=EDGE_LOOP('',(#5715,#5716,#5717,#5718));
#1009=EDGE_LOOP('',(#5719,#5720,#5721,#5722));
#1010=EDGE_LOOP('',(#5723,#5724,#5725,#5726));
#1011=EDGE_LOOP('',(#5727,#5728,#5729,#5730));
#1012=EDGE_LOOP('',(#5731,#5732,#5733,#5734));
#1013=EDGE_LOOP('',(#5735,#5736,#5737,#5738));
#1014=EDGE_LOOP('',(#5739,#5740,#5741,#5742));
#1015=EDGE_LOOP('',(#5743,#5744,#5745,#5746));
#1016=EDGE_LOOP('',(#5747,#5748,#5749,#5750));
#1017=EDGE_LOOP('',(#5751,#5752));
#1018=LINE('',#7879,#1814);
#1019=LINE('',#7882,#1815);
#1020=LINE('',#7888,#1816);
#1021=LINE('',#7891,#1817);
#1022=LINE('',#7893,#1818);
#1023=LINE('',#7894,#1819);
#1024=LINE('',#7900,#1820);
#1025=LINE('',#7903,#1821);
#1026=LINE('',#7905,#1822);
#1027=LINE('',#7906,#1823);
#1028=LINE('',#7914,#1824);
#1029=LINE('',#7916,#1825);
#1030=LINE('',#7918,#1826);
#1031=LINE('',#7919,#1827);
#1032=LINE('',#7922,#1828);
#1033=LINE('',#7924,#1829);
#1034=LINE('',#7925,#1830);
#1035=LINE('',#7931,#1831);
#1036=LINE('',#7934,#1832);
#1037=LINE('',#7936,#1833);
#1038=LINE('',#7937,#1834);
#1039=LINE('',#7945,#1835);
#1040=LINE('',#7947,#1836);
#1041=LINE('',#7949,#1837);
#1042=LINE('',#7950,#1838);
#1043=LINE('',#7953,#1839);
#1044=LINE('',#7955,#1840);
#1045=LINE('',#7956,#1841);
#1046=LINE('',#7962,#1842);
#1047=LINE('',#7965,#1843);
#1048=LINE('',#7967,#1844);
#1049=LINE('',#7968,#1845);
#1050=LINE('',#7976,#1846);
#1051=LINE('',#7980,#1847);
#1052=LINE('',#7982,#1848);
#1053=LINE('',#7984,#1849);
#1054=LINE('',#7986,#1850);
#1055=LINE('',#7988,#1851);
#1056=LINE('',#7990,#1852);
#1057=LINE('',#7991,#1853);
#1058=LINE('',#7994,#1854);
#1059=LINE('',#7996,#1855);
#1060=LINE('',#7997,#1856);
#1061=LINE('',#8000,#1857);
#1062=LINE('',#8001,#1858);
#1063=LINE('',#8004,#1859);
#1064=LINE('',#8005,#1860);
#1065=LINE('',#8008,#1861);
#1066=LINE('',#8009,#1862);
#1067=LINE('',#8012,#1863);
#1068=LINE('',#8017,#1864);
#1069=LINE('',#8019,#1865);
#1070=LINE('',#8021,#1866);
#1071=LINE('',#8022,#1867);
#1072=LINE('',#8027,#1868);
#1073=LINE('',#8029,#1869);
#1074=LINE('',#8031,#1870);
#1075=LINE('',#8033,#1871);
#1076=LINE('',#8034,#1872);
#1077=LINE('',#8039,#1873);
#1078=LINE('',#8041,#1874);
#1079=LINE('',#8042,#1875);
#1080=LINE('',#8045,#1876);
#1081=LINE('',#8047,#1877);
#1082=LINE('',#8048,#1878);
#1083=LINE('',#8051,#1879);
#1084=LINE('',#8052,#1880);
#1085=LINE('',#8055,#1881);
#1086=LINE('',#8056,#1882);
#1087=LINE('',#8059,#1883);
#1088=LINE('',#8060,#1884);
#1089=LINE('',#8063,#1885);
#1090=LINE('',#8064,#1886);
#1091=LINE('',#8137,#1887);
#1092=LINE('',#8143,#1888);
#1093=LINE('',#8153,#1889);
#1094=LINE('',#8180,#1890);
#1095=LINE('',#8186,#1891);
#1096=LINE('',#8196,#1892);
#1097=LINE('',#8221,#1893);
#1098=LINE('',#8224,#1894);
#1099=LINE('',#8236,#1895);
#1100=LINE('',#8245,#1896);
#1101=LINE('',#8254,#1897);
#1102=LINE('',#8265,#1898);
#1103=LINE('',#8273,#1899);
#1104=LINE('',#8275,#1900);
#1105=LINE('',#8277,#1901);
#1106=LINE('',#8279,#1902);
#1107=LINE('',#8281,#1903);
#1108=LINE('',#8283,#1904);
#1109=LINE('',#8284,#1905);
#1110=LINE('',#8287,#1906);
#1111=LINE('',#8289,#1907);
#1112=LINE('',#8290,#1908);
#1113=LINE('',#8293,#1909);
#1114=LINE('',#8294,#1910);
#1115=LINE('',#8297,#1911);
#1116=LINE('',#8298,#1912);
#1117=LINE('',#8301,#1913);
#1118=LINE('',#8302,#1914);
#1119=LINE('',#8306,#1915);
#1120=LINE('',#8308,#1916);
#1121=LINE('',#8310,#1917);
#1122=LINE('',#8311,#1918);
#1123=LINE('',#8314,#1919);
#1124=LINE('',#8316,#1920);
#1125=LINE('',#8317,#1921);
#1126=LINE('',#8320,#1922);
#1127=LINE('',#8322,#1923);
#1128=LINE('',#8324,#1924);
#1129=LINE('',#8326,#1925);
#1130=LINE('',#8328,#1926);
#1131=LINE('',#8330,#1927);
#1132=LINE('',#8332,#1928);
#1133=LINE('',#8334,#1929);
#1134=LINE('',#8336,#1930);
#1135=LINE('',#8338,#1931);
#1136=LINE('',#8340,#1932);
#1137=LINE('',#8342,#1933);
#1138=LINE('',#8344,#1934);
#1139=LINE('',#8346,#1935);
#1140=LINE('',#8348,#1936);
#1141=LINE('',#8350,#1937);
#1142=LINE('',#8352,#1938);
#1143=LINE('',#8353,#1939);
#1144=LINE('',#8356,#1940);
#1145=LINE('',#8358,#1941);
#1146=LINE('',#8359,#1942);
#1147=LINE('',#8362,#1943);
#1148=LINE('',#8363,#1944);
#1149=LINE('',#8367,#1945);
#1150=LINE('',#8368,#1946);
#1151=LINE('',#8369,#1947);
#1152=LINE('',#8372,#1948);
#1153=LINE('',#8373,#1949);
#1154=LINE('',#8377,#1950);
#1155=LINE('',#8379,#1951);
#1156=LINE('',#8381,#1952);
#1157=LINE('',#8382,#1953);
#1158=LINE('',#8385,#1954);
#1159=LINE('',#8387,#1955);
#1160=LINE('',#8388,#1956);
#1161=LINE('',#8391,#1957);
#1162=LINE('',#8393,#1958);
#1163=LINE('',#8395,#1959);
#1164=LINE('',#8397,#1960);
#1165=LINE('',#8399,#1961);
#1166=LINE('',#8401,#1962);
#1167=LINE('',#8403,#1963);
#1168=LINE('',#8405,#1964);
#1169=LINE('',#8407,#1965);
#1170=LINE('',#8409,#1966);
#1171=LINE('',#8411,#1967);
#1172=LINE('',#8413,#1968);
#1173=LINE('',#8415,#1969);
#1174=LINE('',#8417,#1970);
#1175=LINE('',#8419,#1971);
#1176=LINE('',#8421,#1972);
#1177=LINE('',#8423,#1973);
#1178=LINE('',#8424,#1974);
#1179=LINE('',#8427,#1975);
#1180=LINE('',#8429,#1976);
#1181=LINE('',#8430,#1977);
#1182=LINE('',#8433,#1978);
#1183=LINE('',#8434,#1979);
#1184=LINE('',#8438,#1980);
#1185=LINE('',#8440,#1981);
#1186=LINE('',#8442,#1982);
#1187=LINE('',#8443,#1983);
#1188=LINE('',#8446,#1984);
#1189=LINE('',#8448,#1985);
#1190=LINE('',#8449,#1986);
#1191=LINE('',#8452,#1987);
#1192=LINE('',#8453,#1988);
#1193=LINE('',#8457,#1989);
#1194=LINE('',#8459,#1990);
#1195=LINE('',#8461,#1991);
#1196=LINE('',#8462,#1992);
#1197=LINE('',#8465,#1993);
#1198=LINE('',#8467,#1994);
#1199=LINE('',#8468,#1995);
#1200=LINE('',#8471,#1996);
#1201=LINE('',#8473,#1997);
#1202=LINE('',#8475,#1998);
#1203=LINE('',#8477,#1999);
#1204=LINE('',#8479,#2000);
#1205=LINE('',#8481,#2001);
#1206=LINE('',#8483,#2002);
#1207=LINE('',#8485,#2003);
#1208=LINE('',#8487,#2004);
#1209=LINE('',#8489,#2005);
#1210=LINE('',#8491,#2006);
#1211=LINE('',#8493,#2007);
#1212=LINE('',#8495,#2008);
#1213=LINE('',#8497,#2009);
#1214=LINE('',#8499,#2010);
#1215=LINE('',#8501,#2011);
#1216=LINE('',#8503,#2012);
#1217=LINE('',#8504,#2013);
#1218=LINE('',#8508,#2014);
#1219=LINE('',#8510,#2015);
#1220=LINE('',#8512,#2016);
#1221=LINE('',#8513,#2017);
#1222=LINE('',#8516,#2018);
#1223=LINE('',#8518,#2019);
#1224=LINE('',#8520,#2020);
#1225=LINE('',#8522,#2021);
#1226=LINE('',#8524,#2022);
#1227=LINE('',#8526,#2023);
#1228=LINE('',#8528,#2024);
#1229=LINE('',#8530,#2025);
#1230=LINE('',#8532,#2026);
#1231=LINE('',#8534,#2027);
#1232=LINE('',#8536,#2028);
#1233=LINE('',#8538,#2029);
#1234=LINE('',#8540,#2030);
#1235=LINE('',#8542,#2031);
#1236=LINE('',#8544,#2032);
#1237=LINE('',#8546,#2033);
#1238=LINE('',#8548,#2034);
#1239=LINE('',#8550,#2035);
#1240=LINE('',#8551,#2036);
#1241=LINE('',#8554,#2037);
#1242=LINE('',#8555,#2038);
#1243=LINE('',#8558,#2039);
#1244=LINE('',#8560,#2040);
#1245=LINE('',#8561,#2041);
#1246=LINE('',#8564,#2042);
#1247=LINE('',#8565,#2043);
#1248=LINE('',#8568,#2044);
#1249=LINE('',#8569,#2045);
#1250=LINE('',#8571,#2046);
#1251=LINE('',#8573,#2047);
#1252=LINE('',#8575,#2048);
#1253=LINE('',#8577,#2049);
#1254=LINE('',#8579,#2050);
#1255=LINE('',#8581,#2051);
#1256=LINE('',#8583,#2052);
#1257=LINE('',#8585,#2053);
#1258=LINE('',#8587,#2054);
#1259=LINE('',#8589,#2055);
#1260=LINE('',#8591,#2056);
#1261=LINE('',#8593,#2057);
#1262=LINE('',#8595,#2058);
#1263=LINE('',#8596,#2059);
#1264=LINE('',#8600,#2060);
#1265=LINE('',#8602,#2061);
#1266=LINE('',#8604,#2062);
#1267=LINE('',#8605,#2063);
#1268=LINE('',#8608,#2064);
#1269=LINE('',#8610,#2065);
#1270=LINE('',#8611,#2066);
#1271=LINE('',#8614,#2067);
#1272=LINE('',#8616,#2068);
#1273=LINE('',#8618,#2069);
#1274=LINE('',#8620,#2070);
#1275=LINE('',#8622,#2071);
#1276=LINE('',#8624,#2072);
#1277=LINE('',#8626,#2073);
#1278=LINE('',#8628,#2074);
#1279=LINE('',#8630,#2075);
#1280=LINE('',#8632,#2076);
#1281=LINE('',#8634,#2077);
#1282=LINE('',#8636,#2078);
#1283=LINE('',#8638,#2079);
#1284=LINE('',#8640,#2080);
#1285=LINE('',#8642,#2081);
#1286=LINE('',#8644,#2082);
#1287=LINE('',#8646,#2083);
#1288=LINE('',#8647,#2084);
#1289=LINE('',#8651,#2085);
#1290=LINE('',#8653,#2086);
#1291=LINE('',#8655,#2087);
#1292=LINE('',#8656,#2088);
#1293=LINE('',#8659,#2089);
#1294=LINE('',#8661,#2090);
#1295=LINE('',#8662,#2091);
#1296=LINE('',#8665,#2092);
#1297=LINE('',#8667,#2093);
#1298=LINE('',#8669,#2094);
#1299=LINE('',#8671,#2095);
#1300=LINE('',#8673,#2096);
#1301=LINE('',#8675,#2097);
#1302=LINE('',#8677,#2098);
#1303=LINE('',#8679,#2099);
#1304=LINE('',#8681,#2100);
#1305=LINE('',#8683,#2101);
#1306=LINE('',#8685,#2102);
#1307=LINE('',#8687,#2103);
#1308=LINE('',#8689,#2104);
#1309=LINE('',#8691,#2105);
#1310=LINE('',#8693,#2106);
#1311=LINE('',#8695,#2107);
#1312=LINE('',#8697,#2108);
#1313=LINE('',#8698,#2109);
#1314=LINE('',#8702,#2110);
#1315=LINE('',#8704,#2111);
#1316=LINE('',#8706,#2112);
#1317=LINE('',#8707,#2113);
#1318=LINE('',#8710,#2114);
#1319=LINE('',#8712,#2115);
#1320=LINE('',#8713,#2116);
#1321=LINE('',#8716,#2117);
#1322=LINE('',#8717,#2118);
#1323=LINE('',#8721,#2119);
#1324=LINE('',#8723,#2120);
#1325=LINE('',#8725,#2121);
#1326=LINE('',#8726,#2122);
#1327=LINE('',#8729,#2123);
#1328=LINE('',#8731,#2124);
#1329=LINE('',#8732,#2125);
#1330=LINE('',#8735,#2126);
#1331=LINE('',#8737,#2127);
#1332=LINE('',#8739,#2128);
#1333=LINE('',#8741,#2129);
#1334=LINE('',#8743,#2130);
#1335=LINE('',#8745,#2131);
#1336=LINE('',#8747,#2132);
#1337=LINE('',#8749,#2133);
#1338=LINE('',#8751,#2134);
#1339=LINE('',#8753,#2135);
#1340=LINE('',#8755,#2136);
#1341=LINE('',#8757,#2137);
#1342=LINE('',#8759,#2138);
#1343=LINE('',#8761,#2139);
#1344=LINE('',#8763,#2140);
#1345=LINE('',#8765,#2141);
#1346=LINE('',#8767,#2142);
#1347=LINE('',#8768,#2143);
#1348=LINE('',#8772,#2144);
#1349=LINE('',#8774,#2145);
#1350=LINE('',#8776,#2146);
#1351=LINE('',#8777,#2147);
#1352=LINE('',#8780,#2148);
#1353=LINE('',#8782,#2149);
#1354=LINE('',#8783,#2150);
#1355=LINE('',#8786,#2151);
#1356=LINE('',#8788,#2152);
#1357=LINE('',#8790,#2153);
#1358=LINE('',#8792,#2154);
#1359=LINE('',#8794,#2155);
#1360=LINE('',#8796,#2156);
#1361=LINE('',#8798,#2157);
#1362=LINE('',#8800,#2158);
#1363=LINE('',#8802,#2159);
#1364=LINE('',#8804,#2160);
#1365=LINE('',#8806,#2161);
#1366=LINE('',#8808,#2162);
#1367=LINE('',#8810,#2163);
#1368=LINE('',#8812,#2164);
#1369=LINE('',#8814,#2165);
#1370=LINE('',#8816,#2166);
#1371=LINE('',#8818,#2167);
#1372=LINE('',#8819,#2168);
#1373=LINE('',#8822,#2169);
#1374=LINE('',#8824,#2170);
#1375=LINE('',#8825,#2171);
#1376=LINE('',#8828,#2172);
#1377=LINE('',#8829,#2173);
#1378=LINE('',#8832,#2174);
#1379=LINE('',#8834,#2175);
#1380=LINE('',#8835,#2176);
#1381=LINE('',#8838,#2177);
#1382=LINE('',#8839,#2178);
#1383=LINE('',#8843,#2179);
#1384=LINE('',#8844,#2180);
#1385=LINE('',#8845,#2181);
#1386=LINE('',#8848,#2182);
#1387=LINE('',#8849,#2183);
#1388=LINE('',#8852,#2184);
#1389=LINE('',#8854,#2185);
#1390=LINE('',#8855,#2186);
#1391=LINE('',#8858,#2187);
#1392=LINE('',#8859,#2188);
#1393=LINE('',#8862,#2189);
#1394=LINE('',#8864,#2190);
#1395=LINE('',#8865,#2191);
#1396=LINE('',#8868,#2192);
#1397=LINE('',#8870,#2193);
#1398=LINE('',#8872,#2194);
#1399=LINE('',#8874,#2195);
#1400=LINE('',#8876,#2196);
#1401=LINE('',#8878,#2197);
#1402=LINE('',#8880,#2198);
#1403=LINE('',#8882,#2199);
#1404=LINE('',#8884,#2200);
#1405=LINE('',#8886,#2201);
#1406=LINE('',#8888,#2202);
#1407=LINE('',#8890,#2203);
#1408=LINE('',#8892,#2204);
#1409=LINE('',#8893,#2205);
#1410=LINE('',#8895,#2206);
#1411=LINE('',#8897,#2207);
#1412=LINE('',#8898,#2208);
#1413=LINE('',#8900,#2209);
#1414=LINE('',#8902,#2210);
#1415=LINE('',#8903,#2211);
#1416=LINE('',#8905,#2212);
#1417=LINE('',#8907,#2213);
#1418=LINE('',#8908,#2214);
#1419=LINE('',#8910,#2215);
#1420=LINE('',#8913,#2216);
#1421=LINE('',#8915,#2217);
#1422=LINE('',#8916,#2218);
#1423=LINE('',#8919,#2219);
#1424=LINE('',#8920,#2220);
#1425=LINE('',#8924,#2221);
#1426=LINE('',#8926,#2222);
#1427=LINE('',#8928,#2223);
#1428=LINE('',#8929,#2224);
#1429=LINE('',#8932,#2225);
#1430=LINE('',#8934,#2226);
#1431=LINE('',#8935,#2227);
#1432=LINE('',#8938,#2228);
#1433=LINE('',#8939,#2229);
#1434=LINE('',#8943,#2230);
#1435=LINE('',#8945,#2231);
#1436=LINE('',#8947,#2232);
#1437=LINE('',#8948,#2233);
#1438=LINE('',#8951,#2234);
#1439=LINE('',#8953,#2235);
#1440=LINE('',#8954,#2236);
#1441=LINE('',#8957,#2237);
#1442=LINE('',#8959,#2238);
#1443=LINE('',#8961,#2239);
#1444=LINE('',#8963,#2240);
#1445=LINE('',#8965,#2241);
#1446=LINE('',#8967,#2242);
#1447=LINE('',#8969,#2243);
#1448=LINE('',#8971,#2244);
#1449=LINE('',#8973,#2245);
#1450=LINE('',#8975,#2246);
#1451=LINE('',#8977,#2247);
#1452=LINE('',#8979,#2248);
#1453=LINE('',#8981,#2249);
#1454=LINE('',#8983,#2250);
#1455=LINE('',#8985,#2251);
#1456=LINE('',#8987,#2252);
#1457=LINE('',#8989,#2253);
#1458=LINE('',#8990,#2254);
#1459=LINE('',#8993,#2255);
#1460=LINE('',#8995,#2256);
#1461=LINE('',#8996,#2257);
#1462=LINE('',#8999,#2258);
#1463=LINE('',#9000,#2259);
#1464=LINE('',#9004,#2260);
#1465=LINE('',#9006,#2261);
#1466=LINE('',#9008,#2262);
#1467=LINE('',#9009,#2263);
#1468=LINE('',#9012,#2264);
#1469=LINE('',#9014,#2265);
#1470=LINE('',#9016,#2266);
#1471=LINE('',#9018,#2267);
#1472=LINE('',#9020,#2268);
#1473=LINE('',#9022,#2269);
#1474=LINE('',#9024,#2270);
#1475=LINE('',#9026,#2271);
#1476=LINE('',#9028,#2272);
#1477=LINE('',#9030,#2273);
#1478=LINE('',#9032,#2274);
#1479=LINE('',#9034,#2275);
#1480=LINE('',#9036,#2276);
#1481=LINE('',#9038,#2277);
#1482=LINE('',#9040,#2278);
#1483=LINE('',#9042,#2279);
#1484=LINE('',#9044,#2280);
#1485=LINE('',#9046,#2281);
#1486=LINE('',#9047,#2282);
#1487=LINE('',#9050,#2283);
#1488=LINE('',#9051,#2284);
#1489=LINE('',#9054,#2285);
#1490=LINE('',#9056,#2286);
#1491=LINE('',#9057,#2287);
#1492=LINE('',#9060,#2288);
#1493=LINE('',#9061,#2289);
#1494=LINE('',#9064,#2290);
#1495=LINE('',#9066,#2291);
#1496=LINE('',#9068,#2292);
#1497=LINE('',#9070,#2293);
#1498=LINE('',#9072,#2294);
#1499=LINE('',#9073,#2295);
#1500=LINE('',#9075,#2296);
#1501=LINE('',#9077,#2297);
#1502=LINE('',#9079,#2298);
#1503=LINE('',#9081,#2299);
#1504=LINE('',#9083,#2300);
#1505=LINE('',#9085,#2301);
#1506=LINE('',#9087,#2302);
#1507=LINE('',#9089,#2303);
#1508=LINE('',#9091,#2304);
#1509=LINE('',#9092,#2305);
#1510=LINE('',#9094,#2306);
#1511=LINE('',#9095,#2307);
#1512=LINE('',#9097,#2308);
#1513=LINE('',#9100,#2309);
#1514=LINE('',#9102,#2310);
#1515=LINE('',#9103,#2311);
#1516=LINE('',#9106,#2312);
#1517=LINE('',#9107,#2313);
#1518=LINE('',#9110,#2314);
#1519=LINE('',#9112,#2315);
#1520=LINE('',#9113,#2316);
#1521=LINE('',#9116,#2317);
#1522=LINE('',#9117,#2318);
#1523=LINE('',#9120,#2319);
#1524=LINE('',#9122,#2320);
#1525=LINE('',#9123,#2321);
#1526=LINE('',#9126,#2322);
#1527=LINE('',#9127,#2323);
#1528=LINE('',#9130,#2324);
#1529=LINE('',#9132,#2325);
#1530=LINE('',#9134,#2326);
#1531=LINE('',#9136,#2327);
#1532=LINE('',#9138,#2328);
#1533=LINE('',#9139,#2329);
#1534=LINE('',#9141,#2330);
#1535=LINE('',#9143,#2331);
#1536=LINE('',#9145,#2332);
#1537=LINE('',#9147,#2333);
#1538=LINE('',#9148,#2334);
#1539=LINE('',#9150,#2335);
#1540=LINE('',#9152,#2336);
#1541=LINE('',#9153,#2337);
#1542=LINE('',#9155,#2338);
#1543=LINE('',#9156,#2339);
#1544=LINE('',#9158,#2340);
#1545=LINE('',#9160,#2341);
#1546=LINE('',#9161,#2342);
#1547=LINE('',#9163,#2343);
#1548=LINE('',#9166,#2344);
#1549=LINE('',#9168,#2345);
#1550=LINE('',#9169,#2346);
#1551=LINE('',#9172,#2347);
#1552=LINE('',#9173,#2348);
#1553=LINE('',#9175,#2349);
#1554=LINE('',#9177,#2350);
#1555=LINE('',#9179,#2351);
#1556=LINE('',#9181,#2352);
#1557=LINE('',#9183,#2353);
#1558=LINE('',#9185,#2354);
#1559=LINE('',#9187,#2355);
#1560=LINE('',#9189,#2356);
#1561=LINE('',#9191,#2357);
#1562=LINE('',#9193,#2358);
#1563=LINE('',#9194,#2359);
#1564=LINE('',#9196,#2360);
#1565=LINE('',#9197,#2361);
#1566=LINE('',#9199,#2362);
#1567=LINE('',#9201,#2363);
#1568=LINE('',#9202,#2364);
#1569=LINE('',#9204,#2365);
#1570=LINE('',#9206,#2366);
#1571=LINE('',#9207,#2367);
#1572=LINE('',#9209,#2368);
#1573=LINE('',#9211,#2369);
#1574=LINE('',#9212,#2370);
#1575=LINE('',#9214,#2371);
#1576=LINE('',#9217,#2372);
#1577=LINE('',#9219,#2373);
#1578=LINE('',#9220,#2374);
#1579=LINE('',#9223,#2375);
#1580=LINE('',#9224,#2376);
#1581=LINE('',#9227,#2377);
#1582=LINE('',#9228,#2378);
#1583=LINE('',#9230,#2379);
#1584=LINE('',#9232,#2380);
#1585=LINE('',#9234,#2381);
#1586=LINE('',#9236,#2382);
#1587=LINE('',#9238,#2383);
#1588=LINE('',#9240,#2384);
#1589=LINE('',#9242,#2385);
#1590=LINE('',#9244,#2386);
#1591=LINE('',#9245,#2387);
#1592=LINE('',#9247,#2388);
#1593=LINE('',#9249,#2389);
#1594=LINE('',#9250,#2390);
#1595=LINE('',#9254,#2391);
#1596=LINE('',#9256,#2392);
#1597=LINE('',#9258,#2393);
#1598=LINE('',#9259,#2394);
#1599=LINE('',#9262,#2395);
#1600=LINE('',#9264,#2396);
#1601=LINE('',#9265,#2397);
#1602=LINE('',#9268,#2398);
#1603=LINE('',#9269,#2399);
#1604=LINE('',#9272,#2400);
#1605=LINE('',#9274,#2401);
#1606=LINE('',#9275,#2402);
#1607=LINE('',#9278,#2403);
#1608=LINE('',#9279,#2404);
#1609=LINE('',#9282,#2405);
#1610=LINE('',#9283,#2406);
#1611=LINE('',#9284,#2407);
#1612=LINE('',#9286,#2408);
#1613=LINE('',#9288,#2409);
#1614=LINE('',#9290,#2410);
#1615=LINE('',#9292,#2411);
#1616=LINE('',#9294,#2412);
#1617=LINE('',#9295,#2413);
#1618=LINE('',#9297,#2414);
#1619=LINE('',#9299,#2415);
#1620=LINE('',#9300,#2416);
#1621=LINE('',#9303,#2417);
#1622=LINE('',#9305,#2418);
#1623=LINE('',#9306,#2419);
#1624=LINE('',#9309,#2420);
#1625=LINE('',#9310,#2421);
#1626=LINE('',#9312,#2422);
#1627=LINE('',#9314,#2423);
#1628=LINE('',#9316,#2424);
#1629=LINE('',#9318,#2425);
#1630=LINE('',#9320,#2426);
#1631=LINE('',#9322,#2427);
#1632=LINE('',#9324,#2428);
#1633=LINE('',#9326,#2429);
#1634=LINE('',#9328,#2430);
#1635=LINE('',#9330,#2431);
#1636=LINE('',#9332,#2432);
#1637=LINE('',#9333,#2433);
#1638=LINE('',#9335,#2434);
#1639=LINE('',#9336,#2435);
#1640=LINE('',#9338,#2436);
#1641=LINE('',#9339,#2437);
#1642=LINE('',#9341,#2438);
#1643=LINE('',#9343,#2439);
#1644=LINE('',#9344,#2440);
#1645=LINE('',#9346,#2441);
#1646=LINE('',#9348,#2442);
#1647=LINE('',#9349,#2443);
#1648=LINE('',#9351,#2444);
#1649=LINE('',#9353,#2445);
#1650=LINE('',#9354,#2446);
#1651=LINE('',#9356,#2447);
#1652=LINE('',#9358,#2448);
#1653=LINE('',#9359,#2449);
#1654=LINE('',#9361,#2450);
#1655=LINE('',#9363,#2451);
#1656=LINE('',#9364,#2452);
#1657=LINE('',#9366,#2453);
#1658=LINE('',#9368,#2454);
#1659=LINE('',#9369,#2455);
#1660=LINE('',#9371,#2456);
#1661=LINE('',#9373,#2457);
#1662=LINE('',#9374,#2458);
#1663=LINE('',#9376,#2459);
#1664=LINE('',#9380,#2460);
#1665=LINE('',#9382,#2461);
#1666=LINE('',#9384,#2462);
#1667=LINE('',#9385,#2463);
#1668=LINE('',#9388,#2464);
#1669=LINE('',#9390,#2465);
#1670=LINE('',#9391,#2466);
#1671=LINE('',#9394,#2467);
#1672=LINE('',#9395,#2468);
#1673=LINE('',#9398,#2469);
#1674=LINE('',#9400,#2470);
#1675=LINE('',#9401,#2471);
#1676=LINE('',#9404,#2472);
#1677=LINE('',#9405,#2473);
#1678=LINE('',#9407,#2474);
#1679=LINE('',#9409,#2475);
#1680=LINE('',#9411,#2476);
#1681=LINE('',#9413,#2477);
#1682=LINE('',#9415,#2478);
#1683=LINE('',#9417,#2479);
#1684=LINE('',#9418,#2480);
#1685=LINE('',#9420,#2481);
#1686=LINE('',#9422,#2482);
#1687=LINE('',#9424,#2483);
#1688=LINE('',#9426,#2484);
#1689=LINE('',#9428,#2485);
#1690=LINE('',#9429,#2486);
#1691=LINE('',#9431,#2487);
#1692=LINE('',#9433,#2488);
#1693=LINE('',#9434,#2489);
#1694=LINE('',#9436,#2490);
#1695=LINE('',#9438,#2491);
#1696=LINE('',#9439,#2492);
#1697=LINE('',#9441,#2493);
#1698=LINE('',#9443,#2494);
#1699=LINE('',#9444,#2495);
#1700=LINE('',#9446,#2496);
#1701=LINE('',#9448,#2497);
#1702=LINE('',#9449,#2498);
#1703=LINE('',#9451,#2499);
#1704=LINE('',#9453,#2500);
#1705=LINE('',#9455,#2501);
#1706=LINE('',#9458,#2502);
#1707=LINE('',#9461,#2503);
#1708=LINE('',#9463,#2504);
#1709=LINE('',#9466,#2505);
#1710=LINE('',#9469,#2506);
#1711=LINE('',#9472,#2507);
#1712=LINE('',#9475,#2508);
#1713=LINE('',#9477,#2509);
#1714=LINE('',#9480,#2510);
#1715=LINE('',#9483,#2511);
#1716=LINE('',#9486,#2512);
#1717=LINE('',#9489,#2513);
#1718=LINE('',#9491,#2514);
#1719=LINE('',#9494,#2515);
#1720=LINE('',#9497,#2516);
#1721=LINE('',#9500,#2517);
#1722=LINE('',#9503,#2518);
#1723=LINE('',#9505,#2519);
#1724=LINE('',#9508,#2520);
#1725=LINE('',#9511,#2521);
#1726=LINE('',#9514,#2522);
#1727=LINE('',#9517,#2523);
#1728=LINE('',#9520,#2524);
#1729=LINE('',#9524,#2525);
#1730=LINE('',#9525,#2526);
#1731=LINE('',#9527,#2527);
#1732=LINE('',#9530,#2528);
#1733=LINE('',#9531,#2529);
#1734=LINE('',#9533,#2530);
#1735=LINE('',#9534,#2531);
#1736=LINE('',#9535,#2532);
#1737=LINE('',#9537,#2533);
#1738=LINE('',#9539,#2534);
#1739=LINE('',#9540,#2535);
#1740=LINE('',#9542,#2536);
#1741=LINE('',#9545,#2537);
#1742=LINE('',#9547,#2538);
#1743=LINE('',#9550,#2539);
#1744=LINE('',#9553,#2540);
#1745=LINE('',#9557,#2541);
#1746=LINE('',#9560,#2542);
#1747=LINE('',#9562,#2543);
#1748=LINE('',#9565,#2544);
#1749=LINE('',#9569,#2545);
#1750=LINE('',#9572,#2546);
#1751=LINE('',#9574,#2547);
#1752=LINE('',#9577,#2548);
#1753=LINE('',#9581,#2549);
#1754=LINE('',#9584,#2550);
#1755=LINE('',#9586,#2551);
#1756=LINE('',#9589,#2552);
#1757=LINE('',#9592,#2553);
#1758=LINE('',#9596,#2554);
#1759=LINE('',#9600,#2555);
#1760=LINE('',#9601,#2556);
#1761=LINE('',#9603,#2557);
#1762=LINE('',#9606,#2558);
#1763=LINE('',#9607,#2559);
#1764=LINE('',#9609,#2560);
#1765=LINE('',#9612,#2561);
#1766=LINE('',#9613,#2562);
#1767=LINE('',#9615,#2563);
#1768=LINE('',#9621,#2564);
#1769=LINE('',#9622,#2565);
#1770=LINE('',#9625,#2566);
#1771=LINE('',#9626,#2567);
#1772=LINE('',#9629,#2568);
#1773=LINE('',#9630,#2569);
#1774=LINE('',#9632,#2570);
#1775=LINE('',#9635,#2571);
#1776=LINE('',#9636,#2572);
#1777=LINE('',#9638,#2573);
#1778=LINE('',#9652,#2574);
#1779=LINE('',#9666,#2575);
#1780=LINE('',#9675,#2576);
#1781=LINE('',#9684,#2577);
#1782=LINE('',#9699,#2578);
#1783=LINE('',#9700,#2579);
#1784=LINE('',#9703,#2580);
#1785=LINE('',#9704,#2581);
#1786=LINE('',#9706,#2582);
#1787=LINE('',#9709,#2583);
#1788=LINE('',#9710,#2584);
#1789=LINE('',#9712,#2585);
#1790=LINE('',#9714,#2586);
#1791=LINE('',#9716,#2587);
#1792=LINE('',#9718,#2588);
#1793=LINE('',#9720,#2589);
#1794=LINE('',#9722,#2590);
#1795=LINE('',#9726,#2591);
#1796=LINE('',#9728,#2592);
#1797=LINE('',#9730,#2593);
#1798=LINE('',#9731,#2594);
#1799=LINE('',#9734,#2595);
#1800=LINE('',#9736,#2596);
#1801=LINE('',#9737,#2597);
#1802=LINE('',#9740,#2598);
#1803=LINE('',#9742,#2599);
#1804=LINE('',#9743,#2600);
#1805=LINE('',#9745,#2601);
#1806=LINE('',#9746,#2602);
#1807=LINE('',#9750,#2603);
#1808=LINE('',#9752,#2604);
#1809=LINE('',#9753,#2605);
#1810=LINE('',#9756,#2606);
#1811=LINE('',#9757,#2607);
#1812=LINE('',#9760,#2608);
#1813=LINE('',#9761,#2609);
#1814=VECTOR('',#6423,10.);
#1815=VECTOR('',#6426,10.);
#1816=VECTOR('',#6433,10.);
#1817=VECTOR('',#6436,10.);
#1818=VECTOR('',#6437,10.);
#1819=VECTOR('',#6438,10.);
#1820=VECTOR('',#6445,10.);
#1821=VECTOR('',#6448,10.);
#1822=VECTOR('',#6449,10.);
#1823=VECTOR('',#6450,10.);
#1824=VECTOR('',#6461,10.);
#1825=VECTOR('',#6462,10.);
#1826=VECTOR('',#6463,10.);
#1827=VECTOR('',#6464,10.);
#1828=VECTOR('',#6467,10.);
#1829=VECTOR('',#6468,10.);
#1830=VECTOR('',#6469,10.);
#1831=VECTOR('',#6476,10.);
#1832=VECTOR('',#6479,10.);
#1833=VECTOR('',#6480,10.);
#1834=VECTOR('',#6481,10.);
#1835=VECTOR('',#6492,10.);
#1836=VECTOR('',#6493,10.);
#1837=VECTOR('',#6494,10.);
#1838=VECTOR('',#6495,10.);
#1839=VECTOR('',#6498,10.);
#1840=VECTOR('',#6499,10.);
#1841=VECTOR('',#6500,10.);
#1842=VECTOR('',#6507,10.);
#1843=VECTOR('',#6510,10.);
#1844=VECTOR('',#6511,10.);
#1845=VECTOR('',#6512,10.);
#1846=VECTOR('',#6523,10.);
#1847=VECTOR('',#6526,10.);
#1848=VECTOR('',#6527,10.);
#1849=VECTOR('',#6528,10.);
#1850=VECTOR('',#6529,10.);
#1851=VECTOR('',#6530,10.);
#1852=VECTOR('',#6531,10.);
#1853=VECTOR('',#6532,10.);
#1854=VECTOR('',#6535,10.);
#1855=VECTOR('',#6536,10.);
#1856=VECTOR('',#6537,10.);
#1857=VECTOR('',#6540,10.);
#1858=VECTOR('',#6541,10.);
#1859=VECTOR('',#6544,10.);
#1860=VECTOR('',#6545,10.);
#1861=VECTOR('',#6548,10.);
#1862=VECTOR('',#6549,10.);
#1863=VECTOR('',#6552,10.);
#1864=VECTOR('',#6557,10.);
#1865=VECTOR('',#6558,10.);
#1866=VECTOR('',#6559,10.);
#1867=VECTOR('',#6560,10.);
#1868=VECTOR('',#6565,10.);
#1869=VECTOR('',#6566,10.);
#1870=VECTOR('',#6567,10.);
#1871=VECTOR('',#6568,10.);
#1872=VECTOR('',#6569,10.);
#1873=VECTOR('',#6572,10.);
#1874=VECTOR('',#6573,10.);
#1875=VECTOR('',#6574,10.);
#1876=VECTOR('',#6577,10.);
#1877=VECTOR('',#6578,10.);
#1878=VECTOR('',#6579,10.);
#1879=VECTOR('',#6582,10.);
#1880=VECTOR('',#6583,10.);
#1881=VECTOR('',#6586,10.);
#1882=VECTOR('',#6587,10.);
#1883=VECTOR('',#6590,10.);
#1884=VECTOR('',#6591,10.);
#1885=VECTOR('',#6594,10.);
#1886=VECTOR('',#6595,10.);
#1887=VECTOR('',#6610,10.);
#1888=VECTOR('',#6611,10.);
#1889=VECTOR('',#6612,10.);
#1890=VECTOR('',#6615,10.);
#1891=VECTOR('',#6616,10.);
#1892=VECTOR('',#6617,10.);
#1893=VECTOR('',#6620,10.);
#1894=VECTOR('',#6623,10.);
#1895=VECTOR('',#6624,10.);
#1896=VECTOR('',#6627,10.);
#1897=VECTOR('',#6630,10.);
#1898=VECTOR('',#6633,10.);
#1899=VECTOR('',#6636,10.);
#1900=VECTOR('',#6637,10.);
#1901=VECTOR('',#6638,10.);
#1902=VECTOR('',#6639,10.);
#1903=VECTOR('',#6640,10.);
#1904=VECTOR('',#6641,10.);
#1905=VECTOR('',#6642,10.);
#1906=VECTOR('',#6645,10.);
#1907=VECTOR('',#6646,10.);
#1908=VECTOR('',#6647,10.);
#1909=VECTOR('',#6650,10.);
#1910=VECTOR('',#6651,10.);
#1911=VECTOR('',#6654,10.);
#1912=VECTOR('',#6655,10.);
#1913=VECTOR('',#6658,10.);
#1914=VECTOR('',#6659,10.);
#1915=VECTOR('',#6662,10.);
#1916=VECTOR('',#6663,10.);
#1917=VECTOR('',#6664,10.);
#1918=VECTOR('',#6665,10.);
#1919=VECTOR('',#6668,10.);
#1920=VECTOR('',#6669,10.);
#1921=VECTOR('',#6670,10.);
#1922=VECTOR('',#6673,10.);
#1923=VECTOR('',#6674,10.);
#1924=VECTOR('',#6675,10.);
#1925=VECTOR('',#6676,10.);
#1926=VECTOR('',#6677,10.);
#1927=VECTOR('',#6678,10.);
#1928=VECTOR('',#6679,10.);
#1929=VECTOR('',#6680,10.);
#1930=VECTOR('',#6681,10.);
#1931=VECTOR('',#6682,10.);
#1932=VECTOR('',#6683,10.);
#1933=VECTOR('',#6684,10.);
#1934=VECTOR('',#6685,10.);
#1935=VECTOR('',#6686,10.);
#1936=VECTOR('',#6687,10.);
#1937=VECTOR('',#6688,10.);
#1938=VECTOR('',#6689,10.);
#1939=VECTOR('',#6690,10.);
#1940=VECTOR('',#6693,10.);
#1941=VECTOR('',#6694,10.);
#1942=VECTOR('',#6695,10.);
#1943=VECTOR('',#6698,10.);
#1944=VECTOR('',#6699,10.);
#1945=VECTOR('',#6702,10.);
#1946=VECTOR('',#6703,10.);
#1947=VECTOR('',#6704,10.);
#1948=VECTOR('',#6707,10.);
#1949=VECTOR('',#6708,10.);
#1950=VECTOR('',#6711,10.);
#1951=VECTOR('',#6712,10.);
#1952=VECTOR('',#6713,10.);
#1953=VECTOR('',#6714,10.);
#1954=VECTOR('',#6717,10.);
#1955=VECTOR('',#6718,10.);
#1956=VECTOR('',#6719,10.);
#1957=VECTOR('',#6722,10.);
#1958=VECTOR('',#6723,10.);
#1959=VECTOR('',#6724,10.);
#1960=VECTOR('',#6725,10.);
#1961=VECTOR('',#6726,10.);
#1962=VECTOR('',#6727,10.);
#1963=VECTOR('',#6728,10.);
#1964=VECTOR('',#6729,10.);
#1965=VECTOR('',#6730,10.);
#1966=VECTOR('',#6731,10.);
#1967=VECTOR('',#6732,10.);
#1968=VECTOR('',#6733,10.);
#1969=VECTOR('',#6734,10.);
#1970=VECTOR('',#6735,10.);
#1971=VECTOR('',#6736,10.);
#1972=VECTOR('',#6737,10.);
#1973=VECTOR('',#6738,10.);
#1974=VECTOR('',#6739,10.);
#1975=VECTOR('',#6742,10.);
#1976=VECTOR('',#6743,10.);
#1977=VECTOR('',#6744,10.);
#1978=VECTOR('',#6747,10.);
#1979=VECTOR('',#6748,10.);
#1980=VECTOR('',#6751,10.);
#1981=VECTOR('',#6752,10.);
#1982=VECTOR('',#6753,10.);
#1983=VECTOR('',#6754,10.);
#1984=VECTOR('',#6757,10.);
#1985=VECTOR('',#6758,10.);
#1986=VECTOR('',#6759,10.);
#1987=VECTOR('',#6762,10.);
#1988=VECTOR('',#6763,10.);
#1989=VECTOR('',#6766,10.);
#1990=VECTOR('',#6767,10.);
#1991=VECTOR('',#6768,10.);
#1992=VECTOR('',#6769,10.);
#1993=VECTOR('',#6772,10.);
#1994=VECTOR('',#6773,10.);
#1995=VECTOR('',#6774,10.);
#1996=VECTOR('',#6777,10.);
#1997=VECTOR('',#6778,10.);
#1998=VECTOR('',#6779,10.);
#1999=VECTOR('',#6780,10.);
#2000=VECTOR('',#6781,10.);
#2001=VECTOR('',#6782,10.);
#2002=VECTOR('',#6783,10.);
#2003=VECTOR('',#6784,10.);
#2004=VECTOR('',#6785,10.);
#2005=VECTOR('',#6786,10.);
#2006=VECTOR('',#6787,10.);
#2007=VECTOR('',#6788,10.);
#2008=VECTOR('',#6789,10.);
#2009=VECTOR('',#6790,10.);
#2010=VECTOR('',#6791,10.);
#2011=VECTOR('',#6792,10.);
#2012=VECTOR('',#6793,10.);
#2013=VECTOR('',#6794,10.);
#2014=VECTOR('',#6797,10.);
#2015=VECTOR('',#6798,10.);
#2016=VECTOR('',#6799,10.);
#2017=VECTOR('',#6800,10.);
#2018=VECTOR('',#6803,10.);
#2019=VECTOR('',#6804,10.);
#2020=VECTOR('',#6805,10.);
#2021=VECTOR('',#6806,10.);
#2022=VECTOR('',#6807,10.);
#2023=VECTOR('',#6808,10.);
#2024=VECTOR('',#6809,10.);
#2025=VECTOR('',#6810,10.);
#2026=VECTOR('',#6811,10.);
#2027=VECTOR('',#6812,10.);
#2028=VECTOR('',#6813,10.);
#2029=VECTOR('',#6814,10.);
#2030=VECTOR('',#6815,10.);
#2031=VECTOR('',#6816,10.);
#2032=VECTOR('',#6817,10.);
#2033=VECTOR('',#6818,10.);
#2034=VECTOR('',#6819,10.);
#2035=VECTOR('',#6820,10.);
#2036=VECTOR('',#6821,10.);
#2037=VECTOR('',#6824,10.);
#2038=VECTOR('',#6825,10.);
#2039=VECTOR('',#6828,10.);
#2040=VECTOR('',#6829,10.);
#2041=VECTOR('',#6830,10.);
#2042=VECTOR('',#6833,10.);
#2043=VECTOR('',#6834,10.);
#2044=VECTOR('',#6837,10.);
#2045=VECTOR('',#6838,10.);
#2046=VECTOR('',#6839,10.);
#2047=VECTOR('',#6840,10.);
#2048=VECTOR('',#6841,10.);
#2049=VECTOR('',#6842,10.);
#2050=VECTOR('',#6843,10.);
#2051=VECTOR('',#6844,10.);
#2052=VECTOR('',#6845,10.);
#2053=VECTOR('',#6846,10.);
#2054=VECTOR('',#6847,10.);
#2055=VECTOR('',#6848,10.);
#2056=VECTOR('',#6849,10.);
#2057=VECTOR('',#6850,10.);
#2058=VECTOR('',#6851,10.);
#2059=VECTOR('',#6852,10.);
#2060=VECTOR('',#6855,10.);
#2061=VECTOR('',#6856,10.);
#2062=VECTOR('',#6857,10.);
#2063=VECTOR('',#6858,10.);
#2064=VECTOR('',#6861,10.);
#2065=VECTOR('',#6862,10.);
#2066=VECTOR('',#6863,10.);
#2067=VECTOR('',#6866,10.);
#2068=VECTOR('',#6867,10.);
#2069=VECTOR('',#6868,10.);
#2070=VECTOR('',#6869,10.);
#2071=VECTOR('',#6870,10.);
#2072=VECTOR('',#6871,10.);
#2073=VECTOR('',#6872,10.);
#2074=VECTOR('',#6873,10.);
#2075=VECTOR('',#6874,10.);
#2076=VECTOR('',#6875,10.);
#2077=VECTOR('',#6876,10.);
#2078=VECTOR('',#6877,10.);
#2079=VECTOR('',#6878,10.);
#2080=VECTOR('',#6879,10.);
#2081=VECTOR('',#6880,10.);
#2082=VECTOR('',#6881,10.);
#2083=VECTOR('',#6882,10.);
#2084=VECTOR('',#6883,10.);
#2085=VECTOR('',#6886,10.);
#2086=VECTOR('',#6887,10.);
#2087=VECTOR('',#6888,10.);
#2088=VECTOR('',#6889,10.);
#2089=VECTOR('',#6892,10.);
#2090=VECTOR('',#6893,10.);
#2091=VECTOR('',#6894,10.);
#2092=VECTOR('',#6897,10.);
#2093=VECTOR('',#6898,10.);
#2094=VECTOR('',#6899,10.);
#2095=VECTOR('',#6900,10.);
#2096=VECTOR('',#6901,10.);
#2097=VECTOR('',#6902,10.);
#2098=VECTOR('',#6903,10.);
#2099=VECTOR('',#6904,10.);
#2100=VECTOR('',#6905,10.);
#2101=VECTOR('',#6906,10.);
#2102=VECTOR('',#6907,10.);
#2103=VECTOR('',#6908,10.);
#2104=VECTOR('',#6909,10.);
#2105=VECTOR('',#6910,10.);
#2106=VECTOR('',#6911,10.);
#2107=VECTOR('',#6912,10.);
#2108=VECTOR('',#6913,10.);
#2109=VECTOR('',#6914,10.);
#2110=VECTOR('',#6917,10.);
#2111=VECTOR('',#6918,10.);
#2112=VECTOR('',#6919,10.);
#2113=VECTOR('',#6920,10.);
#2114=VECTOR('',#6923,10.);
#2115=VECTOR('',#6924,10.);
#2116=VECTOR('',#6925,10.);
#2117=VECTOR('',#6928,10.);
#2118=VECTOR('',#6929,10.);
#2119=VECTOR('',#6932,10.);
#2120=VECTOR('',#6933,10.);
#2121=VECTOR('',#6934,10.);
#2122=VECTOR('',#6935,10.);
#2123=VECTOR('',#6938,10.);
#2124=VECTOR('',#6939,10.);
#2125=VECTOR('',#6940,10.);
#2126=VECTOR('',#6943,10.);
#2127=VECTOR('',#6944,10.);
#2128=VECTOR('',#6945,10.);
#2129=VECTOR('',#6946,10.);
#2130=VECTOR('',#6947,10.);
#2131=VECTOR('',#6948,10.);
#2132=VECTOR('',#6949,10.);
#2133=VECTOR('',#6950,10.);
#2134=VECTOR('',#6951,10.);
#2135=VECTOR('',#6952,10.);
#2136=VECTOR('',#6953,10.);
#2137=VECTOR('',#6954,10.);
#2138=VECTOR('',#6955,10.);
#2139=VECTOR('',#6956,10.);
#2140=VECTOR('',#6957,10.);
#2141=VECTOR('',#6958,10.);
#2142=VECTOR('',#6959,10.);
#2143=VECTOR('',#6960,10.);
#2144=VECTOR('',#6963,10.);
#2145=VECTOR('',#6964,10.);
#2146=VECTOR('',#6965,10.);
#2147=VECTOR('',#6966,10.);
#2148=VECTOR('',#6969,10.);
#2149=VECTOR('',#6970,10.);
#2150=VECTOR('',#6971,10.);
#2151=VECTOR('',#6974,10.);
#2152=VECTOR('',#6975,10.);
#2153=VECTOR('',#6976,10.);
#2154=VECTOR('',#6977,10.);
#2155=VECTOR('',#6978,10.);
#2156=VECTOR('',#6979,10.);
#2157=VECTOR('',#6980,10.);
#2158=VECTOR('',#6981,10.);
#2159=VECTOR('',#6982,10.);
#2160=VECTOR('',#6983,10.);
#2161=VECTOR('',#6984,10.);
#2162=VECTOR('',#6985,10.);
#2163=VECTOR('',#6986,10.);
#2164=VECTOR('',#6987,10.);
#2165=VECTOR('',#6988,10.);
#2166=VECTOR('',#6989,10.);
#2167=VECTOR('',#6990,10.);
#2168=VECTOR('',#6991,10.);
#2169=VECTOR('',#6994,10.);
#2170=VECTOR('',#6995,10.);
#2171=VECTOR('',#6996,10.);
#2172=VECTOR('',#6999,10.);
#2173=VECTOR('',#7000,10.);
#2174=VECTOR('',#7003,10.);
#2175=VECTOR('',#7004,10.);
#2176=VECTOR('',#7005,10.);
#2177=VECTOR('',#7008,10.);
#2178=VECTOR('',#7009,10.);
#2179=VECTOR('',#7012,10.);
#2180=VECTOR('',#7013,10.);
#2181=VECTOR('',#7014,10.);
#2182=VECTOR('',#7017,10.);
#2183=VECTOR('',#7018,10.);
#2184=VECTOR('',#7021,10.);
#2185=VECTOR('',#7022,10.);
#2186=VECTOR('',#7023,10.);
#2187=VECTOR('',#7026,10.);
#2188=VECTOR('',#7027,10.);
#2189=VECTOR('',#7030,10.);
#2190=VECTOR('',#7031,10.);
#2191=VECTOR('',#7032,10.);
#2192=VECTOR('',#7035,10.);
#2193=VECTOR('',#7036,10.);
#2194=VECTOR('',#7037,10.);
#2195=VECTOR('',#7038,10.);
#2196=VECTOR('',#7039,10.);
#2197=VECTOR('',#7040,10.);
#2198=VECTOR('',#7041,10.);
#2199=VECTOR('',#7042,10.);
#2200=VECTOR('',#7043,10.);
#2201=VECTOR('',#7044,10.);
#2202=VECTOR('',#7045,10.);
#2203=VECTOR('',#7046,10.);
#2204=VECTOR('',#7047,10.);
#2205=VECTOR('',#7048,10.);
#2206=VECTOR('',#7049,10.);
#2207=VECTOR('',#7050,10.);
#2208=VECTOR('',#7051,10.);
#2209=VECTOR('',#7054,10.);
#2210=VECTOR('',#7057,10.);
#2211=VECTOR('',#7058,10.);
#2212=VECTOR('',#7061,10.);
#2213=VECTOR('',#7064,10.);
#2214=VECTOR('',#7065,10.);
#2215=VECTOR('',#7068,10.);
#2216=VECTOR('',#7071,10.);
#2217=VECTOR('',#7072,10.);
#2218=VECTOR('',#7073,10.);
#2219=VECTOR('',#7076,10.);
#2220=VECTOR('',#7077,10.);
#2221=VECTOR('',#7080,10.);
#2222=VECTOR('',#7081,10.);
#2223=VECTOR('',#7082,10.);
#2224=VECTOR('',#7083,10.);
#2225=VECTOR('',#7086,10.);
#2226=VECTOR('',#7087,10.);
#2227=VECTOR('',#7088,10.);
#2228=VECTOR('',#7091,10.);
#2229=VECTOR('',#7092,10.);
#2230=VECTOR('',#7095,10.);
#2231=VECTOR('',#7096,10.);
#2232=VECTOR('',#7097,10.);
#2233=VECTOR('',#7098,10.);
#2234=VECTOR('',#7101,10.);
#2235=VECTOR('',#7102,10.);
#2236=VECTOR('',#7103,10.);
#2237=VECTOR('',#7106,10.);
#2238=VECTOR('',#7107,10.);
#2239=VECTOR('',#7108,10.);
#2240=VECTOR('',#7109,10.);
#2241=VECTOR('',#7110,10.);
#2242=VECTOR('',#7111,10.);
#2243=VECTOR('',#7112,10.);
#2244=VECTOR('',#7113,10.);
#2245=VECTOR('',#7114,10.);
#2246=VECTOR('',#7115,10.);
#2247=VECTOR('',#7116,10.);
#2248=VECTOR('',#7117,10.);
#2249=VECTOR('',#7118,10.);
#2250=VECTOR('',#7119,10.);
#2251=VECTOR('',#7120,10.);
#2252=VECTOR('',#7121,10.);
#2253=VECTOR('',#7122,10.);
#2254=VECTOR('',#7123,10.);
#2255=VECTOR('',#7126,10.);
#2256=VECTOR('',#7127,10.);
#2257=VECTOR('',#7128,10.);
#2258=VECTOR('',#7131,10.);
#2259=VECTOR('',#7132,10.);
#2260=VECTOR('',#7135,10.);
#2261=VECTOR('',#7136,10.);
#2262=VECTOR('',#7137,10.);
#2263=VECTOR('',#7138,10.);
#2264=VECTOR('',#7141,10.);
#2265=VECTOR('',#7142,10.);
#2266=VECTOR('',#7143,10.);
#2267=VECTOR('',#7144,10.);
#2268=VECTOR('',#7145,10.);
#2269=VECTOR('',#7146,10.);
#2270=VECTOR('',#7147,10.);
#2271=VECTOR('',#7148,10.);
#2272=VECTOR('',#7149,10.);
#2273=VECTOR('',#7150,10.);
#2274=VECTOR('',#7151,10.);
#2275=VECTOR('',#7152,10.);
#2276=VECTOR('',#7153,10.);
#2277=VECTOR('',#7154,10.);
#2278=VECTOR('',#7155,10.);
#2279=VECTOR('',#7156,10.);
#2280=VECTOR('',#7157,10.);
#2281=VECTOR('',#7158,10.);
#2282=VECTOR('',#7159,10.);
#2283=VECTOR('',#7162,10.);
#2284=VECTOR('',#7163,10.);
#2285=VECTOR('',#7166,10.);
#2286=VECTOR('',#7167,10.);
#2287=VECTOR('',#7168,10.);
#2288=VECTOR('',#7171,10.);
#2289=VECTOR('',#7172,10.);
#2290=VECTOR('',#7175,10.);
#2291=VECTOR('',#7176,10.);
#2292=VECTOR('',#7177,10.);
#2293=VECTOR('',#7178,10.);
#2294=VECTOR('',#7179,10.);
#2295=VECTOR('',#7180,10.);
#2296=VECTOR('',#7181,10.);
#2297=VECTOR('',#7182,10.);
#2298=VECTOR('',#7183,10.);
#2299=VECTOR('',#7184,10.);
#2300=VECTOR('',#7185,10.);
#2301=VECTOR('',#7186,10.);
#2302=VECTOR('',#7187,10.);
#2303=VECTOR('',#7188,10.);
#2304=VECTOR('',#7189,10.);
#2305=VECTOR('',#7190,10.);
#2306=VECTOR('',#7193,10.);
#2307=VECTOR('',#7194,10.);
#2308=VECTOR('',#7197,10.);
#2309=VECTOR('',#7200,10.);
#2310=VECTOR('',#7201,10.);
#2311=VECTOR('',#7202,10.);
#2312=VECTOR('',#7205,10.);
#2313=VECTOR('',#7206,10.);
#2314=VECTOR('',#7209,10.);
#2315=VECTOR('',#7210,10.);
#2316=VECTOR('',#7211,10.);
#2317=VECTOR('',#7214,10.);
#2318=VECTOR('',#7215,10.);
#2319=VECTOR('',#7218,10.);
#2320=VECTOR('',#7219,10.);
#2321=VECTOR('',#7220,10.);
#2322=VECTOR('',#7223,10.);
#2323=VECTOR('',#7224,10.);
#2324=VECTOR('',#7227,10.);
#2325=VECTOR('',#7228,10.);
#2326=VECTOR('',#7229,10.);
#2327=VECTOR('',#7230,10.);
#2328=VECTOR('',#7231,10.);
#2329=VECTOR('',#7232,10.);
#2330=VECTOR('',#7233,10.);
#2331=VECTOR('',#7234,10.);
#2332=VECTOR('',#7235,10.);
#2333=VECTOR('',#7236,10.);
#2334=VECTOR('',#7237,10.);
#2335=VECTOR('',#7238,10.);
#2336=VECTOR('',#7239,10.);
#2337=VECTOR('',#7240,10.);
#2338=VECTOR('',#7243,10.);
#2339=VECTOR('',#7244,10.);
#2340=VECTOR('',#7247,10.);
#2341=VECTOR('',#7250,10.);
#2342=VECTOR('',#7251,10.);
#2343=VECTOR('',#7254,10.);
#2344=VECTOR('',#7257,10.);
#2345=VECTOR('',#7258,10.);
#2346=VECTOR('',#7259,10.);
#2347=VECTOR('',#7262,10.);
#2348=VECTOR('',#7263,10.);
#2349=VECTOR('',#7264,10.);
#2350=VECTOR('',#7265,10.);
#2351=VECTOR('',#7266,10.);
#2352=VECTOR('',#7267,10.);
#2353=VECTOR('',#7268,10.);
#2354=VECTOR('',#7269,10.);
#2355=VECTOR('',#7270,10.);
#2356=VECTOR('',#7271,10.);
#2357=VECTOR('',#7272,10.);
#2358=VECTOR('',#7273,10.);
#2359=VECTOR('',#7274,10.);
#2360=VECTOR('',#7275,10.);
#2361=VECTOR('',#7276,10.);
#2362=VECTOR('',#7279,10.);
#2363=VECTOR('',#7282,10.);
#2364=VECTOR('',#7283,10.);
#2365=VECTOR('',#7286,10.);
#2366=VECTOR('',#7289,10.);
#2367=VECTOR('',#7290,10.);
#2368=VECTOR('',#7293,10.);
#2369=VECTOR('',#7296,10.);
#2370=VECTOR('',#7297,10.);
#2371=VECTOR('',#7300,10.);
#2372=VECTOR('',#7303,10.);
#2373=VECTOR('',#7304,10.);
#2374=VECTOR('',#7305,10.);
#2375=VECTOR('',#7308,10.);
#2376=VECTOR('',#7309,10.);
#2377=VECTOR('',#7312,10.);
#2378=VECTOR('',#7313,10.);
#2379=VECTOR('',#7314,10.);
#2380=VECTOR('',#7315,10.);
#2381=VECTOR('',#7316,10.);
#2382=VECTOR('',#7317,10.);
#2383=VECTOR('',#7318,10.);
#2384=VECTOR('',#7319,10.);
#2385=VECTOR('',#7320,10.);
#2386=VECTOR('',#7321,10.);
#2387=VECTOR('',#7322,10.);
#2388=VECTOR('',#7323,10.);
#2389=VECTOR('',#7324,10.);
#2390=VECTOR('',#7325,10.);
#2391=VECTOR('',#7328,10.);
#2392=VECTOR('',#7329,10.);
#2393=VECTOR('',#7330,10.);
#2394=VECTOR('',#7331,10.);
#2395=VECTOR('',#7334,10.);
#2396=VECTOR('',#7335,10.);
#2397=VECTOR('',#7336,10.);
#2398=VECTOR('',#7339,10.);
#2399=VECTOR('',#7340,10.);
#2400=VECTOR('',#7343,10.);
#2401=VECTOR('',#7344,10.);
#2402=VECTOR('',#7345,10.);
#2403=VECTOR('',#7348,10.);
#2404=VECTOR('',#7349,10.);
#2405=VECTOR('',#7352,10.);
#2406=VECTOR('',#7353,10.);
#2407=VECTOR('',#7354,10.);
#2408=VECTOR('',#7355,10.);
#2409=VECTOR('',#7356,10.);
#2410=VECTOR('',#7357,10.);
#2411=VECTOR('',#7358,10.);
#2412=VECTOR('',#7359,10.);
#2413=VECTOR('',#7360,10.);
#2414=VECTOR('',#7361,10.);
#2415=VECTOR('',#7362,10.);
#2416=VECTOR('',#7363,10.);
#2417=VECTOR('',#7366,10.);
#2418=VECTOR('',#7367,10.);
#2419=VECTOR('',#7368,10.);
#2420=VECTOR('',#7371,10.);
#2421=VECTOR('',#7372,10.);
#2422=VECTOR('',#7375,10.);
#2423=VECTOR('',#7376,10.);
#2424=VECTOR('',#7377,10.);
#2425=VECTOR('',#7378,10.);
#2426=VECTOR('',#7379,10.);
#2427=VECTOR('',#7380,10.);
#2428=VECTOR('',#7381,10.);
#2429=VECTOR('',#7382,10.);
#2430=VECTOR('',#7383,10.);
#2431=VECTOR('',#7384,10.);
#2432=VECTOR('',#7385,10.);
#2433=VECTOR('',#7386,10.);
#2434=VECTOR('',#7387,10.);
#2435=VECTOR('',#7388,10.);
#2436=VECTOR('',#7391,10.);
#2437=VECTOR('',#7392,10.);
#2438=VECTOR('',#7395,10.);
#2439=VECTOR('',#7398,10.);
#2440=VECTOR('',#7399,10.);
#2441=VECTOR('',#7402,10.);
#2442=VECTOR('',#7405,10.);
#2443=VECTOR('',#7406,10.);
#2444=VECTOR('',#7409,10.);
#2445=VECTOR('',#7412,10.);
#2446=VECTOR('',#7413,10.);
#2447=VECTOR('',#7416,10.);
#2448=VECTOR('',#7419,10.);
#2449=VECTOR('',#7420,10.);
#2450=VECTOR('',#7423,10.);
#2451=VECTOR('',#7426,10.);
#2452=VECTOR('',#7427,10.);
#2453=VECTOR('',#7430,10.);
#2454=VECTOR('',#7433,10.);
#2455=VECTOR('',#7434,10.);
#2456=VECTOR('',#7437,10.);
#2457=VECTOR('',#7440,10.);
#2458=VECTOR('',#7441,10.);
#2459=VECTOR('',#7444,10.);
#2460=VECTOR('',#7447,10.);
#2461=VECTOR('',#7448,10.);
#2462=VECTOR('',#7449,10.);
#2463=VECTOR('',#7450,10.);
#2464=VECTOR('',#7453,10.);
#2465=VECTOR('',#7454,10.);
#2466=VECTOR('',#7455,10.);
#2467=VECTOR('',#7458,10.);
#2468=VECTOR('',#7459,10.);
#2469=VECTOR('',#7462,10.);
#2470=VECTOR('',#7463,10.);
#2471=VECTOR('',#7464,10.);
#2472=VECTOR('',#7467,10.);
#2473=VECTOR('',#7468,10.);
#2474=VECTOR('',#7469,10.);
#2475=VECTOR('',#7470,10.);
#2476=VECTOR('',#7471,10.);
#2477=VECTOR('',#7472,10.);
#2478=VECTOR('',#7473,10.);
#2479=VECTOR('',#7474,10.);
#2480=VECTOR('',#7475,10.);
#2481=VECTOR('',#7476,10.);
#2482=VECTOR('',#7477,10.);
#2483=VECTOR('',#7478,10.);
#2484=VECTOR('',#7479,10.);
#2485=VECTOR('',#7480,10.);
#2486=VECTOR('',#7481,10.);
#2487=VECTOR('',#7484,10.);
#2488=VECTOR('',#7487,10.);
#2489=VECTOR('',#7488,10.);
#2490=VECTOR('',#7491,10.);
#2491=VECTOR('',#7494,10.);
#2492=VECTOR('',#7495,10.);
#2493=VECTOR('',#7498,10.);
#2494=VECTOR('',#7501,10.);
#2495=VECTOR('',#7502,10.);
#2496=VECTOR('',#7505,10.);
#2497=VECTOR('',#7508,10.);
#2498=VECTOR('',#7509,10.);
#2499=VECTOR('',#7512,10.);
#2500=VECTOR('',#7515,10.);
#2501=VECTOR('',#7518,10.);
#2502=VECTOR('',#7523,10.);
#2503=VECTOR('',#7528,10.);
#2504=VECTOR('',#7531,10.);
#2505=VECTOR('',#7536,10.);
#2506=VECTOR('',#7541,10.);
#2507=VECTOR('',#7546,10.);
#2508=VECTOR('',#7551,10.);
#2509=VECTOR('',#7554,10.);
#2510=VECTOR('',#7559,10.);
#2511=VECTOR('',#7564,10.);
#2512=VECTOR('',#7569,10.);
#2513=VECTOR('',#7574,10.);
#2514=VECTOR('',#7577,10.);
#2515=VECTOR('',#7582,10.);
#2516=VECTOR('',#7587,10.);
#2517=VECTOR('',#7592,10.);
#2518=VECTOR('',#7597,10.);
#2519=VECTOR('',#7600,10.);
#2520=VECTOR('',#7605,10.);
#2521=VECTOR('',#7610,10.);
#2522=VECTOR('',#7615,10.);
#2523=VECTOR('',#7620,10.);
#2524=VECTOR('',#7625,10.);
#2525=VECTOR('',#7630,10.);
#2526=VECTOR('',#7631,10.);
#2527=VECTOR('',#7634,10.);
#2528=VECTOR('',#7637,10.);
#2529=VECTOR('',#7638,10.);
#2530=VECTOR('',#7639,10.);
#2531=VECTOR('',#7640,10.);
#2532=VECTOR('',#7641,10.);
#2533=VECTOR('',#7642,10.);
#2534=VECTOR('',#7643,10.);
#2535=VECTOR('',#7644,10.);
#2536=VECTOR('',#7647,10.);
#2537=VECTOR('',#7652,10.);
#2538=VECTOR('',#7655,10.);
#2539=VECTOR('',#7660,10.);
#2540=VECTOR('',#7665,10.);
#2541=VECTOR('',#7672,10.);
#2542=VECTOR('',#7677,10.);
#2543=VECTOR('',#7680,10.);
#2544=VECTOR('',#7685,10.);
#2545=VECTOR('',#7692,10.);
#2546=VECTOR('',#7697,10.);
#2547=VECTOR('',#7700,10.);
#2548=VECTOR('',#7705,10.);
#2549=VECTOR('',#7712,10.);
#2550=VECTOR('',#7717,10.);
#2551=VECTOR('',#7720,10.);
#2552=VECTOR('',#7725,10.);
#2553=VECTOR('',#7730,10.);
#2554=VECTOR('',#7737,10.);
#2555=VECTOR('',#7742,10.);
#2556=VECTOR('',#7743,10.);
#2557=VECTOR('',#7746,10.);
#2558=VECTOR('',#7749,10.);
#2559=VECTOR('',#7750,10.);
#2560=VECTOR('',#7753,10.);
#2561=VECTOR('',#7756,10.);
#2562=VECTOR('',#7757,10.);
#2563=VECTOR('',#7760,10.);
#2564=VECTOR('',#7769,10.);
#2565=VECTOR('',#7770,10.);
#2566=VECTOR('',#7773,10.);
#2567=VECTOR('',#7774,10.);
#2568=VECTOR('',#7777,10.);
#2569=VECTOR('',#7778,10.);
#2570=VECTOR('',#7781,10.);
#2571=VECTOR('',#7784,10.);
#2572=VECTOR('',#7785,10.);
#2573=VECTOR('',#7788,10.);
#2574=VECTOR('',#7789,10.);
#2575=VECTOR('',#7790,10.);
#2576=VECTOR('',#7793,10.);
#2577=VECTOR('',#7796,10.);
#2578=VECTOR('',#7799,10.);
#2579=VECTOR('',#7800,10.);
#2580=VECTOR('',#7803,10.);
#2581=VECTOR('',#7804,10.);
#2582=VECTOR('',#7807,10.);
#2583=VECTOR('',#7810,10.);
#2584=VECTOR('',#7811,10.);
#2585=VECTOR('',#7814,10.);
#2586=VECTOR('',#7817,10.);
#2587=VECTOR('',#7820,10.);
#2588=VECTOR('',#7823,10.);
#2589=VECTOR('',#7826,10.);
#2590=VECTOR('',#7829,10.);
#2591=VECTOR('',#7832,10.);
#2592=VECTOR('',#7833,10.);
#2593=VECTOR('',#7834,10.);
#2594=VECTOR('',#7835,10.);
#2595=VECTOR('',#7838,10.);
#2596=VECTOR('',#7839,10.);
#2597=VECTOR('',#7840,10.);
#2598=VECTOR('',#7843,10.);
#2599=VECTOR('',#7844,10.);
#2600=VECTOR('',#7845,10.);
#2601=VECTOR('',#7848,10.);
#2602=VECTOR('',#7849,10.);
#2603=VECTOR('',#7854,10.);
#2604=VECTOR('',#7855,10.);
#2605=VECTOR('',#7856,10.);
#2606=VECTOR('',#7859,10.);
#2607=VECTOR('',#7860,10.);
#2608=VECTOR('',#7863,10.);
#2609=VECTOR('',#7864,10.);
#2610=CIRCLE('',#6089,1.);
#2611=CIRCLE('',#6090,1.);
#2612=CIRCLE('',#6092,1.);
#2613=CIRCLE('',#6093,1.);
#2614=CIRCLE('',#6096,1.);
#2615=CIRCLE('',#6097,1.);
#2616=CIRCLE('',#6100,1.);
#2617=CIRCLE('',#6101,1.);
#2618=CIRCLE('',#6106,1.);
#2619=CIRCLE('',#6107,1.);
#2620=CIRCLE('',#6110,1.);
#2621=CIRCLE('',#6111,1.);
#2622=CIRCLE('',#6116,1.);
#2623=CIRCLE('',#6117,1.);
#2624=CIRCLE('',#6120,1.);
#2625=CIRCLE('',#6121,1.);
#2626=CIRCLE('',#6124,2.5);
#2627=CIRCLE('',#6130,2.5);
#2628=CIRCLE('',#6133,2.);
#2629=CIRCLE('',#6134,0.499999999999998);
#2630=CIRCLE('',#6385,2.);
#2631=CIRCLE('',#6386,2.);
#2632=CIRCLE('',#6414,0.499999999999998);
#2633=VERTEX_POINT('',#7875);
#2634=VERTEX_POINT('',#7876);
#2635=VERTEX_POINT('',#7878);
#2636=VERTEX_POINT('',#7880);
#2637=VERTEX_POINT('',#7884);
#2638=VERTEX_POINT('',#7886);
#2639=VERTEX_POINT('',#7890);
#2640=VERTEX_POINT('',#7892);
#2641=VERTEX_POINT('',#7896);
#2642=VERTEX_POINT('',#7898);
#2643=VERTEX_POINT('',#7902);
#2644=VERTEX_POINT('',#7904);
#2645=VERTEX_POINT('',#7912);
#2646=VERTEX_POINT('',#7913);
#2647=VERTEX_POINT('',#7915);
#2648=VERTEX_POINT('',#7917);
#2649=VERTEX_POINT('',#7921);
#2650=VERTEX_POINT('',#7923);
#2651=VERTEX_POINT('',#7927);
#2652=VERTEX_POINT('',#7929);
#2653=VERTEX_POINT('',#7933);
#2654=VERTEX_POINT('',#7935);
#2655=VERTEX_POINT('',#7943);
#2656=VERTEX_POINT('',#7944);
#2657=VERTEX_POINT('',#7946);
#2658=VERTEX_POINT('',#7948);
#2659=VERTEX_POINT('',#7952);
#2660=VERTEX_POINT('',#7954);
#2661=VERTEX_POINT('',#7958);
#2662=VERTEX_POINT('',#7960);
#2663=VERTEX_POINT('',#7964);
#2664=VERTEX_POINT('',#7966);
#2665=VERTEX_POINT('',#7974);
#2666=VERTEX_POINT('',#7975);
#2667=VERTEX_POINT('',#7977);
#2668=VERTEX_POINT('',#7979);
#2669=VERTEX_POINT('',#7981);
#2670=VERTEX_POINT('',#7983);
#2671=VERTEX_POINT('',#7985);
#2672=VERTEX_POINT('',#7987);
#2673=VERTEX_POINT('',#7989);
#2674=VERTEX_POINT('',#7993);
#2675=VERTEX_POINT('',#7995);
#2676=VERTEX_POINT('',#7999);
#2677=VERTEX_POINT('',#8003);
#2678=VERTEX_POINT('',#8007);
#2679=VERTEX_POINT('',#8011);
#2680=VERTEX_POINT('',#8015);
#2681=VERTEX_POINT('',#8016);
#2682=VERTEX_POINT('',#8018);
#2683=VERTEX_POINT('',#8020);
#2684=VERTEX_POINT('',#8024);
#2685=VERTEX_POINT('',#8026);
#2686=VERTEX_POINT('',#8028);
#2687=VERTEX_POINT('',#8030);
#2688=VERTEX_POINT('',#8032);
#2689=VERTEX_POINT('',#8035);
#2690=VERTEX_POINT('',#8036);
#2691=VERTEX_POINT('',#8038);
#2692=VERTEX_POINT('',#8040);
#2693=VERTEX_POINT('',#8044);
#2694=VERTEX_POINT('',#8046);
#2695=VERTEX_POINT('',#8050);
#2696=VERTEX_POINT('',#8054);
#2697=VERTEX_POINT('',#8058);
#2698=VERTEX_POINT('',#8062);
#2699=VERTEX_POINT('',#8066);
#2700=VERTEX_POINT('',#8067);
#2701=VERTEX_POINT('',#8072);
#2702=VERTEX_POINT('',#8077);
#2703=VERTEX_POINT('',#8079);
#2704=VERTEX_POINT('',#8081);
#2705=VERTEX_POINT('',#8083);
#2706=VERTEX_POINT('',#8085);
#2707=VERTEX_POINT('',#8090);
#2708=VERTEX_POINT('',#8095);
#2709=VERTEX_POINT('',#8098);
#2710=VERTEX_POINT('',#8099);
#2711=VERTEX_POINT('',#8104);
#2712=VERTEX_POINT('',#8113);
#2713=VERTEX_POINT('',#8114);
#2714=VERTEX_POINT('',#8119);
#2715=VERTEX_POINT('',#8136);
#2716=VERTEX_POINT('',#8138);
#2717=VERTEX_POINT('',#8152);
#2718=VERTEX_POINT('',#8179);
#2719=VERTEX_POINT('',#8181);
#2720=VERTEX_POINT('',#8195);
#2721=VERTEX_POINT('',#8220);
#2722=VERTEX_POINT('',#8222);
#2723=VERTEX_POINT('',#8235);
#2724=VERTEX_POINT('',#8244);
#2725=VERTEX_POINT('',#8253);
#2726=VERTEX_POINT('',#8264);
#2727=VERTEX_POINT('',#8271);
#2728=VERTEX_POINT('',#8272);
#2729=VERTEX_POINT('',#8274);
#2730=VERTEX_POINT('',#8276);
#2731=VERTEX_POINT('',#8278);
#2732=VERTEX_POINT('',#8280);
#2733=VERTEX_POINT('',#8282);
#2734=VERTEX_POINT('',#8286);
#2735=VERTEX_POINT('',#8288);
#2736=VERTEX_POINT('',#8292);
#2737=VERTEX_POINT('',#8296);
#2738=VERTEX_POINT('',#8300);
#2739=VERTEX_POINT('',#8304);
#2740=VERTEX_POINT('',#8305);
#2741=VERTEX_POINT('',#8307);
#2742=VERTEX_POINT('',#8309);
#2743=VERTEX_POINT('',#8313);
#2744=VERTEX_POINT('',#8315);
#2745=VERTEX_POINT('',#8319);
#2746=VERTEX_POINT('',#8321);
#2747=VERTEX_POINT('',#8323);
#2748=VERTEX_POINT('',#8325);
#2749=VERTEX_POINT('',#8327);
#2750=VERTEX_POINT('',#8329);
#2751=VERTEX_POINT('',#8331);
#2752=VERTEX_POINT('',#8333);
#2753=VERTEX_POINT('',#8335);
#2754=VERTEX_POINT('',#8337);
#2755=VERTEX_POINT('',#8339);
#2756=VERTEX_POINT('',#8341);
#2757=VERTEX_POINT('',#8343);
#2758=VERTEX_POINT('',#8345);
#2759=VERTEX_POINT('',#8347);
#2760=VERTEX_POINT('',#8349);
#2761=VERTEX_POINT('',#8351);
#2762=VERTEX_POINT('',#8355);
#2763=VERTEX_POINT('',#8357);
#2764=VERTEX_POINT('',#8361);
#2765=VERTEX_POINT('',#8365);
#2766=VERTEX_POINT('',#8366);
#2767=VERTEX_POINT('',#8371);
#2768=VERTEX_POINT('',#8375);
#2769=VERTEX_POINT('',#8376);
#2770=VERTEX_POINT('',#8378);
#2771=VERTEX_POINT('',#8380);
#2772=VERTEX_POINT('',#8384);
#2773=VERTEX_POINT('',#8386);
#2774=VERTEX_POINT('',#8390);
#2775=VERTEX_POINT('',#8392);
#2776=VERTEX_POINT('',#8394);
#2777=VERTEX_POINT('',#8396);
#2778=VERTEX_POINT('',#8398);
#2779=VERTEX_POINT('',#8400);
#2780=VERTEX_POINT('',#8402);
#2781=VERTEX_POINT('',#8404);
#2782=VERTEX_POINT('',#8406);
#2783=VERTEX_POINT('',#8408);
#2784=VERTEX_POINT('',#8410);
#2785=VERTEX_POINT('',#8412);
#2786=VERTEX_POINT('',#8414);
#2787=VERTEX_POINT('',#8416);
#2788=VERTEX_POINT('',#8418);
#2789=VERTEX_POINT('',#8420);
#2790=VERTEX_POINT('',#8422);
#2791=VERTEX_POINT('',#8426);
#2792=VERTEX_POINT('',#8428);
#2793=VERTEX_POINT('',#8432);
#2794=VERTEX_POINT('',#8436);
#2795=VERTEX_POINT('',#8437);
#2796=VERTEX_POINT('',#8439);
#2797=VERTEX_POINT('',#8441);
#2798=VERTEX_POINT('',#8445);
#2799=VERTEX_POINT('',#8447);
#2800=VERTEX_POINT('',#8451);
#2801=VERTEX_POINT('',#8455);
#2802=VERTEX_POINT('',#8456);
#2803=VERTEX_POINT('',#8458);
#2804=VERTEX_POINT('',#8460);
#2805=VERTEX_POINT('',#8464);
#2806=VERTEX_POINT('',#8466);
#2807=VERTEX_POINT('',#8470);
#2808=VERTEX_POINT('',#8472);
#2809=VERTEX_POINT('',#8474);
#2810=VERTEX_POINT('',#8476);
#2811=VERTEX_POINT('',#8478);
#2812=VERTEX_POINT('',#8480);
#2813=VERTEX_POINT('',#8482);
#2814=VERTEX_POINT('',#8484);
#2815=VERTEX_POINT('',#8486);
#2816=VERTEX_POINT('',#8488);
#2817=VERTEX_POINT('',#8490);
#2818=VERTEX_POINT('',#8492);
#2819=VERTEX_POINT('',#8494);
#2820=VERTEX_POINT('',#8496);
#2821=VERTEX_POINT('',#8498);
#2822=VERTEX_POINT('',#8500);
#2823=VERTEX_POINT('',#8502);
#2824=VERTEX_POINT('',#8506);
#2825=VERTEX_POINT('',#8507);
#2826=VERTEX_POINT('',#8509);
#2827=VERTEX_POINT('',#8511);
#2828=VERTEX_POINT('',#8515);
#2829=VERTEX_POINT('',#8517);
#2830=VERTEX_POINT('',#8519);
#2831=VERTEX_POINT('',#8521);
#2832=VERTEX_POINT('',#8523);
#2833=VERTEX_POINT('',#8525);
#2834=VERTEX_POINT('',#8527);
#2835=VERTEX_POINT('',#8529);
#2836=VERTEX_POINT('',#8531);
#2837=VERTEX_POINT('',#8533);
#2838=VERTEX_POINT('',#8535);
#2839=VERTEX_POINT('',#8537);
#2840=VERTEX_POINT('',#8539);
#2841=VERTEX_POINT('',#8541);
#2842=VERTEX_POINT('',#8543);
#2843=VERTEX_POINT('',#8545);
#2844=VERTEX_POINT('',#8547);
#2845=VERTEX_POINT('',#8549);
#2846=VERTEX_POINT('',#8553);
#2847=VERTEX_POINT('',#8557);
#2848=VERTEX_POINT('',#8559);
#2849=VERTEX_POINT('',#8563);
#2850=VERTEX_POINT('',#8567);
#2851=VERTEX_POINT('',#8570);
#2852=VERTEX_POINT('',#8572);
#2853=VERTEX_POINT('',#8574);
#2854=VERTEX_POINT('',#8576);
#2855=VERTEX_POINT('',#8578);
#2856=VERTEX_POINT('',#8580);
#2857=VERTEX_POINT('',#8582);
#2858=VERTEX_POINT('',#8584);
#2859=VERTEX_POINT('',#8586);
#2860=VERTEX_POINT('',#8588);
#2861=VERTEX_POINT('',#8590);
#2862=VERTEX_POINT('',#8592);
#2863=VERTEX_POINT('',#8594);
#2864=VERTEX_POINT('',#8598);
#2865=VERTEX_POINT('',#8599);
#2866=VERTEX_POINT('',#8601);
#2867=VERTEX_POINT('',#8603);
#2868=VERTEX_POINT('',#8607);
#2869=VERTEX_POINT('',#8609);
#2870=VERTEX_POINT('',#8613);
#2871=VERTEX_POINT('',#8615);
#2872=VERTEX_POINT('',#8617);
#2873=VERTEX_POINT('',#8619);
#2874=VERTEX_POINT('',#8621);
#2875=VERTEX_POINT('',#8623);
#2876=VERTEX_POINT('',#8625);
#2877=VERTEX_POINT('',#8627);
#2878=VERTEX_POINT('',#8629);
#2879=VERTEX_POINT('',#8631);
#2880=VERTEX_POINT('',#8633);
#2881=VERTEX_POINT('',#8635);
#2882=VERTEX_POINT('',#8637);
#2883=VERTEX_POINT('',#8639);
#2884=VERTEX_POINT('',#8641);
#2885=VERTEX_POINT('',#8643);
#2886=VERTEX_POINT('',#8645);
#2887=VERTEX_POINT('',#8649);
#2888=VERTEX_POINT('',#8650);
#2889=VERTEX_POINT('',#8652);
#2890=VERTEX_POINT('',#8654);
#2891=VERTEX_POINT('',#8658);
#2892=VERTEX_POINT('',#8660);
#2893=VERTEX_POINT('',#8664);
#2894=VERTEX_POINT('',#8666);
#2895=VERTEX_POINT('',#8668);
#2896=VERTEX_POINT('',#8670);
#2897=VERTEX_POINT('',#8672);
#2898=VERTEX_POINT('',#8674);
#2899=VERTEX_POINT('',#8676);
#2900=VERTEX_POINT('',#8678);
#2901=VERTEX_POINT('',#8680);
#2902=VERTEX_POINT('',#8682);
#2903=VERTEX_POINT('',#8684);
#2904=VERTEX_POINT('',#8686);
#2905=VERTEX_POINT('',#8688);
#2906=VERTEX_POINT('',#8690);
#2907=VERTEX_POINT('',#8692);
#2908=VERTEX_POINT('',#8694);
#2909=VERTEX_POINT('',#8696);
#2910=VERTEX_POINT('',#8700);
#2911=VERTEX_POINT('',#8701);
#2912=VERTEX_POINT('',#8703);
#2913=VERTEX_POINT('',#8705);
#2914=VERTEX_POINT('',#8709);
#2915=VERTEX_POINT('',#8711);
#2916=VERTEX_POINT('',#8715);
#2917=VERTEX_POINT('',#8719);
#2918=VERTEX_POINT('',#8720);
#2919=VERTEX_POINT('',#8722);
#2920=VERTEX_POINT('',#8724);
#2921=VERTEX_POINT('',#8728);
#2922=VERTEX_POINT('',#8730);
#2923=VERTEX_POINT('',#8734);
#2924=VERTEX_POINT('',#8736);
#2925=VERTEX_POINT('',#8738);
#2926=VERTEX_POINT('',#8740);
#2927=VERTEX_POINT('',#8742);
#2928=VERTEX_POINT('',#8744);
#2929=VERTEX_POINT('',#8746);
#2930=VERTEX_POINT('',#8748);
#2931=VERTEX_POINT('',#8750);
#2932=VERTEX_POINT('',#8752);
#2933=VERTEX_POINT('',#8754);
#2934=VERTEX_POINT('',#8756);
#2935=VERTEX_POINT('',#8758);
#2936=VERTEX_POINT('',#8760);
#2937=VERTEX_POINT('',#8762);
#2938=VERTEX_POINT('',#8764);
#2939=VERTEX_POINT('',#8766);
#2940=VERTEX_POINT('',#8770);
#2941=VERTEX_POINT('',#8771);
#2942=VERTEX_POINT('',#8773);
#2943=VERTEX_POINT('',#8775);
#2944=VERTEX_POINT('',#8779);
#2945=VERTEX_POINT('',#8781);
#2946=VERTEX_POINT('',#8785);
#2947=VERTEX_POINT('',#8787);
#2948=VERTEX_POINT('',#8789);
#2949=VERTEX_POINT('',#8791);
#2950=VERTEX_POINT('',#8793);
#2951=VERTEX_POINT('',#8795);
#2952=VERTEX_POINT('',#8797);
#2953=VERTEX_POINT('',#8799);
#2954=VERTEX_POINT('',#8801);
#2955=VERTEX_POINT('',#8803);
#2956=VERTEX_POINT('',#8805);
#2957=VERTEX_POINT('',#8807);
#2958=VERTEX_POINT('',#8809);
#2959=VERTEX_POINT('',#8811);
#2960=VERTEX_POINT('',#8813);
#2961=VERTEX_POINT('',#8815);
#2962=VERTEX_POINT('',#8817);
#2963=VERTEX_POINT('',#8821);
#2964=VERTEX_POINT('',#8823);
#2965=VERTEX_POINT('',#8827);
#2966=VERTEX_POINT('',#8831);
#2967=VERTEX_POINT('',#8833);
#2968=VERTEX_POINT('',#8837);
#2969=VERTEX_POINT('',#8841);
#2970=VERTEX_POINT('',#8842);
#2971=VERTEX_POINT('',#8847);
#2972=VERTEX_POINT('',#8851);
#2973=VERTEX_POINT('',#8853);
#2974=VERTEX_POINT('',#8857);
#2975=VERTEX_POINT('',#8861);
#2976=VERTEX_POINT('',#8863);
#2977=VERTEX_POINT('',#8867);
#2978=VERTEX_POINT('',#8869);
#2979=VERTEX_POINT('',#8871);
#2980=VERTEX_POINT('',#8873);
#2981=VERTEX_POINT('',#8875);
#2982=VERTEX_POINT('',#8877);
#2983=VERTEX_POINT('',#8879);
#2984=VERTEX_POINT('',#8881);
#2985=VERTEX_POINT('',#8883);
#2986=VERTEX_POINT('',#8885);
#2987=VERTEX_POINT('',#8887);
#2988=VERTEX_POINT('',#8889);
#2989=VERTEX_POINT('',#8891);
#2990=VERTEX_POINT('',#8894);
#2991=VERTEX_POINT('',#8896);
#2992=VERTEX_POINT('',#8912);
#2993=VERTEX_POINT('',#8914);
#2994=VERTEX_POINT('',#8918);
#2995=VERTEX_POINT('',#8922);
#2996=VERTEX_POINT('',#8923);
#2997=VERTEX_POINT('',#8925);
#2998=VERTEX_POINT('',#8927);
#2999=VERTEX_POINT('',#8931);
#3000=VERTEX_POINT('',#8933);
#3001=VERTEX_POINT('',#8937);
#3002=VERTEX_POINT('',#8941);
#3003=VERTEX_POINT('',#8942);
#3004=VERTEX_POINT('',#8944);
#3005=VERTEX_POINT('',#8946);
#3006=VERTEX_POINT('',#8950);
#3007=VERTEX_POINT('',#8952);
#3008=VERTEX_POINT('',#8956);
#3009=VERTEX_POINT('',#8958);
#3010=VERTEX_POINT('',#8960);
#3011=VERTEX_POINT('',#8962);
#3012=VERTEX_POINT('',#8964);
#3013=VERTEX_POINT('',#8966);
#3014=VERTEX_POINT('',#8968);
#3015=VERTEX_POINT('',#8970);
#3016=VERTEX_POINT('',#8972);
#3017=VERTEX_POINT('',#8974);
#3018=VERTEX_POINT('',#8976);
#3019=VERTEX_POINT('',#8978);
#3020=VERTEX_POINT('',#8980);
#3021=VERTEX_POINT('',#8982);
#3022=VERTEX_POINT('',#8984);
#3023=VERTEX_POINT('',#8986);
#3024=VERTEX_POINT('',#8988);
#3025=VERTEX_POINT('',#8992);
#3026=VERTEX_POINT('',#8994);
#3027=VERTEX_POINT('',#8998);
#3028=VERTEX_POINT('',#9002);
#3029=VERTEX_POINT('',#9003);
#3030=VERTEX_POINT('',#9005);
#3031=VERTEX_POINT('',#9007);
#3032=VERTEX_POINT('',#9011);
#3033=VERTEX_POINT('',#9013);
#3034=VERTEX_POINT('',#9015);
#3035=VERTEX_POINT('',#9017);
#3036=VERTEX_POINT('',#9019);
#3037=VERTEX_POINT('',#9021);
#3038=VERTEX_POINT('',#9023);
#3039=VERTEX_POINT('',#9025);
#3040=VERTEX_POINT('',#9027);
#3041=VERTEX_POINT('',#9029);
#3042=VERTEX_POINT('',#9031);
#3043=VERTEX_POINT('',#9033);
#3044=VERTEX_POINT('',#9035);
#3045=VERTEX_POINT('',#9037);
#3046=VERTEX_POINT('',#9039);
#3047=VERTEX_POINT('',#9041);
#3048=VERTEX_POINT('',#9043);
#3049=VERTEX_POINT('',#9045);
#3050=VERTEX_POINT('',#9049);
#3051=VERTEX_POINT('',#9053);
#3052=VERTEX_POINT('',#9055);
#3053=VERTEX_POINT('',#9059);
#3054=VERTEX_POINT('',#9063);
#3055=VERTEX_POINT('',#9065);
#3056=VERTEX_POINT('',#9067);
#3057=VERTEX_POINT('',#9069);
#3058=VERTEX_POINT('',#9071);
#3059=VERTEX_POINT('',#9074);
#3060=VERTEX_POINT('',#9076);
#3061=VERTEX_POINT('',#9078);
#3062=VERTEX_POINT('',#9080);
#3063=VERTEX_POINT('',#9082);
#3064=VERTEX_POINT('',#9084);
#3065=VERTEX_POINT('',#9086);
#3066=VERTEX_POINT('',#9088);
#3067=VERTEX_POINT('',#9090);
#3068=VERTEX_POINT('',#9099);
#3069=VERTEX_POINT('',#9101);
#3070=VERTEX_POINT('',#9105);
#3071=VERTEX_POINT('',#9109);
#3072=VERTEX_POINT('',#9111);
#3073=VERTEX_POINT('',#9115);
#3074=VERTEX_POINT('',#9119);
#3075=VERTEX_POINT('',#9121);
#3076=VERTEX_POINT('',#9125);
#3077=VERTEX_POINT('',#9129);
#3078=VERTEX_POINT('',#9131);
#3079=VERTEX_POINT('',#9133);
#3080=VERTEX_POINT('',#9135);
#3081=VERTEX_POINT('',#9137);
#3082=VERTEX_POINT('',#9140);
#3083=VERTEX_POINT('',#9142);
#3084=VERTEX_POINT('',#9144);
#3085=VERTEX_POINT('',#9146);
#3086=VERTEX_POINT('',#9149);
#3087=VERTEX_POINT('',#9151);
#3088=VERTEX_POINT('',#9165);
#3089=VERTEX_POINT('',#9167);
#3090=VERTEX_POINT('',#9171);
#3091=VERTEX_POINT('',#9174);
#3092=VERTEX_POINT('',#9176);
#3093=VERTEX_POINT('',#9178);
#3094=VERTEX_POINT('',#9180);
#3095=VERTEX_POINT('',#9182);
#3096=VERTEX_POINT('',#9184);
#3097=VERTEX_POINT('',#9186);
#3098=VERTEX_POINT('',#9188);
#3099=VERTEX_POINT('',#9190);
#3100=VERTEX_POINT('',#9192);
#3101=VERTEX_POINT('',#9195);
#3102=VERTEX_POINT('',#9216);
#3103=VERTEX_POINT('',#9218);
#3104=VERTEX_POINT('',#9222);
#3105=VERTEX_POINT('',#9226);
#3106=VERTEX_POINT('',#9229);
#3107=VERTEX_POINT('',#9231);
#3108=VERTEX_POINT('',#9233);
#3109=VERTEX_POINT('',#9235);
#3110=VERTEX_POINT('',#9237);
#3111=VERTEX_POINT('',#9239);
#3112=VERTEX_POINT('',#9241);
#3113=VERTEX_POINT('',#9243);
#3114=VERTEX_POINT('',#9246);
#3115=VERTEX_POINT('',#9248);
#3116=VERTEX_POINT('',#9252);
#3117=VERTEX_POINT('',#9253);
#3118=VERTEX_POINT('',#9255);
#3119=VERTEX_POINT('',#9257);
#3120=VERTEX_POINT('',#9261);
#3121=VERTEX_POINT('',#9263);
#3122=VERTEX_POINT('',#9267);
#3123=VERTEX_POINT('',#9271);
#3124=VERTEX_POINT('',#9273);
#3125=VERTEX_POINT('',#9277);
#3126=VERTEX_POINT('',#9281);
#3127=VERTEX_POINT('',#9285);
#3128=VERTEX_POINT('',#9287);
#3129=VERTEX_POINT('',#9289);
#3130=VERTEX_POINT('',#9291);
#3131=VERTEX_POINT('',#9293);
#3132=VERTEX_POINT('',#9296);
#3133=VERTEX_POINT('',#9298);
#3134=VERTEX_POINT('',#9302);
#3135=VERTEX_POINT('',#9304);
#3136=VERTEX_POINT('',#9308);
#3137=VERTEX_POINT('',#9313);
#3138=VERTEX_POINT('',#9315);
#3139=VERTEX_POINT('',#9317);
#3140=VERTEX_POINT('',#9319);
#3141=VERTEX_POINT('',#9321);
#3142=VERTEX_POINT('',#9323);
#3143=VERTEX_POINT('',#9325);
#3144=VERTEX_POINT('',#9327);
#3145=VERTEX_POINT('',#9329);
#3146=VERTEX_POINT('',#9331);
#3147=VERTEX_POINT('',#9334);
#3148=VERTEX_POINT('',#9378);
#3149=VERTEX_POINT('',#9379);
#3150=VERTEX_POINT('',#9381);
#3151=VERTEX_POINT('',#9383);
#3152=VERTEX_POINT('',#9387);
#3153=VERTEX_POINT('',#9389);
#3154=VERTEX_POINT('',#9393);
#3155=VERTEX_POINT('',#9397);
#3156=VERTEX_POINT('',#9399);
#3157=VERTEX_POINT('',#9403);
#3158=VERTEX_POINT('',#9406);
#3159=VERTEX_POINT('',#9408);
#3160=VERTEX_POINT('',#9410);
#3161=VERTEX_POINT('',#9412);
#3162=VERTEX_POINT('',#9414);
#3163=VERTEX_POINT('',#9416);
#3164=VERTEX_POINT('',#9419);
#3165=VERTEX_POINT('',#9421);
#3166=VERTEX_POINT('',#9423);
#3167=VERTEX_POINT('',#9425);
#3168=VERTEX_POINT('',#9427);
#3169=VERTEX_POINT('',#9523);
#3170=VERTEX_POINT('',#9529);
#3171=VERTEX_POINT('',#9532);
#3172=VERTEX_POINT('',#9536);
#3173=VERTEX_POINT('',#9538);
#3174=VERTEX_POINT('',#9599);
#3175=VERTEX_POINT('',#9605);
#3176=VERTEX_POINT('',#9611);
#3177=VERTEX_POINT('',#9620);
#3178=VERTEX_POINT('',#9624);
#3179=VERTEX_POINT('',#9628);
#3180=VERTEX_POINT('',#9634);
#3181=VERTEX_POINT('',#9647);
#3182=VERTEX_POINT('',#9661);
#3183=VERTEX_POINT('',#9673);
#3184=VERTEX_POINT('',#9682);
#3185=VERTEX_POINT('',#9698);
#3186=VERTEX_POINT('',#9702);
#3187=VERTEX_POINT('',#9708);
#3188=VERTEX_POINT('',#9724);
#3189=VERTEX_POINT('',#9725);
#3190=VERTEX_POINT('',#9727);
#3191=VERTEX_POINT('',#9729);
#3192=VERTEX_POINT('',#9733);
#3193=VERTEX_POINT('',#9735);
#3194=VERTEX_POINT('',#9739);
#3195=VERTEX_POINT('',#9741);
#3196=VERTEX_POINT('',#9749);
#3197=VERTEX_POINT('',#9751);
#3198=VERTEX_POINT('',#9755);
#3199=VERTEX_POINT('',#9759);
#3200=EDGE_CURVE('',#2633,#2634,#2610,.T.);
#3201=EDGE_CURVE('',#2633,#2635,#1018,.T.);
#3202=EDGE_CURVE('',#2635,#2636,#2611,.T.);
#3203=EDGE_CURVE('',#2634,#2636,#1019,.T.);
#3204=EDGE_CURVE('',#2634,#2637,#2612,.T.);
#3205=EDGE_CURVE('',#2636,#2638,#2613,.T.);
#3206=EDGE_CURVE('',#2637,#2638,#1020,.T.);
#3207=EDGE_CURVE('',#2637,#2639,#1021,.T.);
#3208=EDGE_CURVE('',#2638,#2640,#1022,.T.);
#3209=EDGE_CURVE('',#2639,#2640,#1023,.T.);
#3210=EDGE_CURVE('',#2639,#2641,#2614,.T.);
#3211=EDGE_CURVE('',#2640,#2642,#2615,.T.);
#3212=EDGE_CURVE('',#2641,#2642,#1024,.T.);
#3213=EDGE_CURVE('',#2643,#2633,#1025,.T.);
#3214=EDGE_CURVE('',#2643,#2644,#1026,.T.);
#3215=EDGE_CURVE('',#2644,#2635,#1027,.T.);
#3216=EDGE_CURVE('',#2641,#2643,#2616,.T.);
#3217=EDGE_CURVE('',#2642,#2644,#2617,.T.);
#3218=EDGE_CURVE('',#2645,#2646,#1028,.T.);
#3219=EDGE_CURVE('',#2645,#2647,#1029,.T.);
#3220=EDGE_CURVE('',#2647,#2648,#1030,.T.);
#3221=EDGE_CURVE('',#2646,#2648,#1031,.T.);
#3222=EDGE_CURVE('',#2646,#2649,#1032,.T.);
#3223=EDGE_CURVE('',#2648,#2650,#1033,.T.);
#3224=EDGE_CURVE('',#2649,#2650,#1034,.T.);
#3225=EDGE_CURVE('',#2649,#2651,#2618,.T.);
#3226=EDGE_CURVE('',#2650,#2652,#2619,.T.);
#3227=EDGE_CURVE('',#2651,#2652,#1035,.T.);
#3228=EDGE_CURVE('',#2653,#2645,#1036,.T.);
#3229=EDGE_CURVE('',#2653,#2654,#1037,.T.);
#3230=EDGE_CURVE('',#2654,#2647,#1038,.T.);
#3231=EDGE_CURVE('',#2651,#2653,#2620,.T.);
#3232=EDGE_CURVE('',#2652,#2654,#2621,.T.);
#3233=EDGE_CURVE('',#2655,#2656,#1039,.T.);
#3234=EDGE_CURVE('',#2655,#2657,#1040,.T.);
#3235=EDGE_CURVE('',#2657,#2658,#1041,.T.);
#3236=EDGE_CURVE('',#2656,#2658,#1042,.T.);
#3237=EDGE_CURVE('',#2656,#2659,#1043,.T.);
#3238=EDGE_CURVE('',#2658,#2660,#1044,.T.);
#3239=EDGE_CURVE('',#2659,#2660,#1045,.T.);
#3240=EDGE_CURVE('',#2659,#2661,#2622,.T.);
#3241=EDGE_CURVE('',#2660,#2662,#2623,.T.);
#3242=EDGE_CURVE('',#2661,#2662,#1046,.T.);
#3243=EDGE_CURVE('',#2663,#2655,#1047,.T.);
#3244=EDGE_CURVE('',#2663,#2664,#1048,.T.);
#3245=EDGE_CURVE('',#2664,#2657,#1049,.T.);
#3246=EDGE_CURVE('',#2661,#2663,#2624,.T.);
#3247=EDGE_CURVE('',#2662,#2664,#2625,.T.);
#3248=EDGE_CURVE('',#2665,#2666,#1050,.T.);
#3249=EDGE_CURVE('',#2667,#2665,#2626,.T.);
#3250=EDGE_CURVE('',#2668,#2667,#1051,.T.);
#3251=EDGE_CURVE('',#2669,#2668,#1052,.T.);
#3252=EDGE_CURVE('',#2670,#2669,#1053,.T.);
#3253=EDGE_CURVE('',#2671,#2670,#1054,.T.);
#3254=EDGE_CURVE('',#2672,#2671,#1055,.T.);
#3255=EDGE_CURVE('',#2673,#2672,#1056,.T.);
#3256=EDGE_CURVE('',#2666,#2673,#1057,.T.);
#3257=EDGE_CURVE('',#2670,#2674,#1058,.T.);
#3258=EDGE_CURVE('',#2675,#2674,#1059,.T.);
#3259=EDGE_CURVE('',#2671,#2675,#1060,.T.);
#3260=EDGE_CURVE('',#2669,#2676,#1061,.T.);
#3261=EDGE_CURVE('',#2674,#2676,#1062,.T.);
#3262=EDGE_CURVE('',#2668,#2677,#1063,.T.);
#3263=EDGE_CURVE('',#2676,#2677,#1064,.T.);
#3264=EDGE_CURVE('',#2667,#2678,#1065,.T.);
#3265=EDGE_CURVE('',#2677,#2678,#1066,.T.);
#3266=EDGE_CURVE('',#2665,#2679,#1067,.T.);
#3267=EDGE_CURVE('',#2678,#2679,#2627,.T.);
#3268=EDGE_CURVE('',#2680,#2681,#1068,.T.);
#3269=EDGE_CURVE('',#2682,#2680,#1069,.T.);
#3270=EDGE_CURVE('',#2683,#2682,#1070,.T.);
#3271=EDGE_CURVE('',#2681,#2683,#1071,.T.);
#3272=EDGE_CURVE('',#2684,#2683,#2628,.T.);
#3273=EDGE_CURVE('',#2685,#2684,#1072,.T.);
#3274=EDGE_CURVE('',#2686,#2685,#1073,.T.);
#3275=EDGE_CURVE('',#2687,#2686,#1074,.T.);
#3276=EDGE_CURVE('',#2688,#2687,#1075,.T.);
#3277=EDGE_CURVE('',#2681,#2688,#1076,.T.);
#3278=EDGE_CURVE('',#2689,#2690,#2629,.T.);
#3279=EDGE_CURVE('',#2691,#2689,#1077,.T.);
#3280=EDGE_CURVE('',#2692,#2691,#1078,.T.);
#3281=EDGE_CURVE('',#2690,#2692,#1079,.T.);
#3282=EDGE_CURVE('',#2688,#2693,#1080,.T.);
#3283=EDGE_CURVE('',#2694,#2693,#1081,.T.);
#3284=EDGE_CURVE('',#2681,#2694,#1082,.T.);
#3285=EDGE_CURVE('',#2687,#2695,#1083,.T.);
#3286=EDGE_CURVE('',#2693,#2695,#1084,.T.);
#3287=EDGE_CURVE('',#2686,#2696,#1085,.T.);
#3288=EDGE_CURVE('',#2695,#2696,#1086,.T.);
#3289=EDGE_CURVE('',#2685,#2697,#1087,.T.);
#3290=EDGE_CURVE('',#2696,#2697,#1088,.T.);
#3291=EDGE_CURVE('',#2684,#2698,#1089,.T.);
#3292=EDGE_CURVE('',#2697,#2698,#1090,.T.);
#3293=EDGE_CURVE('',#2699,#2700,#53,.T.);
#3294=EDGE_CURVE('',#2701,#2699,#54,.T.);
#3295=EDGE_CURVE('',#2702,#2701,#41,.T.);
#3296=EDGE_CURVE('',#2703,#2702,#42,.T.);
#3297=EDGE_CURVE('',#2704,#2703,#43,.T.);
#3298=EDGE_CURVE('',#2705,#2704,#44,.T.);
#3299=EDGE_CURVE('',#2706,#2705,#55,.T.);
#3300=EDGE_CURVE('',#2707,#2706,#56,.T.);
#3301=EDGE_CURVE('',#2708,#2707,#45,.T.);
#3302=EDGE_CURVE('',#2700,#2708,#46,.T.);
#3303=EDGE_CURVE('',#2709,#2710,#57,.T.);
#3304=EDGE_CURVE('',#2711,#2709,#58,.T.);
#3305=EDGE_CURVE('',#2710,#2711,#59,.T.);
#3306=EDGE_CURVE('',#2712,#2713,#60,.T.);
#3307=EDGE_CURVE('',#2714,#2712,#61,.T.);
#3308=EDGE_CURVE('',#2713,#2714,#62,.T.);
#3309=EDGE_CURVE('',#2711,#2715,#1091,.T.);
#3310=EDGE_CURVE('',#2716,#2715,#15,.T.);
#3311=EDGE_CURVE('',#2710,#2716,#1092,.T.);
#3312=EDGE_CURVE('',#2709,#2717,#1093,.T.);
#3313=EDGE_CURVE('',#2715,#2717,#16,.T.);
#3314=EDGE_CURVE('',#2717,#2716,#17,.T.);
#3315=EDGE_CURVE('',#2714,#2718,#1094,.T.);
#3316=EDGE_CURVE('',#2719,#2718,#18,.T.);
#3317=EDGE_CURVE('',#2713,#2719,#1095,.T.);
#3318=EDGE_CURVE('',#2712,#2720,#1096,.T.);
#3319=EDGE_CURVE('',#2718,#2720,#19,.T.);
#3320=EDGE_CURVE('',#2720,#2719,#20,.T.);
#3321=EDGE_CURVE('',#2704,#2721,#1097,.T.);
#3322=EDGE_CURVE('',#2722,#2721,#47,.T.);
#3323=EDGE_CURVE('',#2705,#2722,#1098,.T.);
#3324=EDGE_CURVE('',#2703,#2723,#1099,.T.);
#3325=EDGE_CURVE('',#2721,#2723,#48,.T.);
#3326=EDGE_CURVE('',#2702,#2724,#1100,.T.);
#3327=EDGE_CURVE('',#2723,#2724,#49,.T.);
#3328=EDGE_CURVE('',#2701,#2725,#1101,.T.);
#3329=EDGE_CURVE('',#2724,#2725,#50,.T.);
#3330=EDGE_CURVE('',#2699,#2726,#1102,.T.);
#3331=EDGE_CURVE('',#2725,#2726,#21,.T.);
#3332=EDGE_CURVE('',#2727,#2728,#1103,.T.);
#3333=EDGE_CURVE('',#2729,#2727,#1104,.T.);
#3334=EDGE_CURVE('',#2730,#2729,#1105,.T.);
#3335=EDGE_CURVE('',#2731,#2730,#1106,.T.);
#3336=EDGE_CURVE('',#2732,#2731,#1107,.T.);
#3337=EDGE_CURVE('',#2733,#2732,#1108,.T.);
#3338=EDGE_CURVE('',#2728,#2733,#1109,.T.);
#3339=EDGE_CURVE('',#2731,#2734,#1110,.T.);
#3340=EDGE_CURVE('',#2735,#2734,#1111,.T.);
#3341=EDGE_CURVE('',#2732,#2735,#1112,.T.);
#3342=EDGE_CURVE('',#2730,#2736,#1113,.T.);
#3343=EDGE_CURVE('',#2734,#2736,#1114,.T.);
#3344=EDGE_CURVE('',#2729,#2737,#1115,.T.);
#3345=EDGE_CURVE('',#2736,#2737,#1116,.T.);
#3346=EDGE_CURVE('',#2727,#2738,#1117,.T.);
#3347=EDGE_CURVE('',#2737,#2738,#1118,.T.);
#3348=EDGE_CURVE('',#2739,#2740,#1119,.T.);
#3349=EDGE_CURVE('',#2741,#2739,#1120,.T.);
#3350=EDGE_CURVE('',#2742,#2741,#1121,.T.);
#3351=EDGE_CURVE('',#2740,#2742,#1122,.T.);
#3352=EDGE_CURVE('',#2743,#2741,#1123,.T.);
#3353=EDGE_CURVE('',#2744,#2743,#1124,.T.);
#3354=EDGE_CURVE('',#2742,#2744,#1125,.T.);
#3355=EDGE_CURVE('',#2739,#2745,#1126,.T.);
#3356=EDGE_CURVE('',#2746,#2745,#1127,.T.);
#3357=EDGE_CURVE('',#2747,#2746,#1128,.T.);
#3358=EDGE_CURVE('',#2747,#2748,#1129,.T.);
#3359=EDGE_CURVE('',#2748,#2749,#1130,.T.);
#3360=EDGE_CURVE('',#2749,#2750,#1131,.T.);
#3361=EDGE_CURVE('',#2750,#2751,#1132,.T.);
#3362=EDGE_CURVE('',#2751,#2752,#1133,.T.);
#3363=EDGE_CURVE('',#2752,#2753,#1134,.T.);
#3364=EDGE_CURVE('',#2753,#2754,#1135,.T.);
#3365=EDGE_CURVE('',#2754,#2755,#1136,.T.);
#3366=EDGE_CURVE('',#2755,#2756,#1137,.T.);
#3367=EDGE_CURVE('',#2756,#2757,#1138,.T.);
#3368=EDGE_CURVE('',#2757,#2758,#1139,.T.);
#3369=EDGE_CURVE('',#2758,#2759,#1140,.T.);
#3370=EDGE_CURVE('',#2759,#2760,#1141,.T.);
#3371=EDGE_CURVE('',#2760,#2761,#1142,.T.);
#3372=EDGE_CURVE('',#2761,#2743,#1143,.T.);
#3373=EDGE_CURVE('',#2756,#2762,#1144,.T.);
#3374=EDGE_CURVE('',#2763,#2755,#1145,.T.);
#3375=EDGE_CURVE('',#2762,#2763,#1146,.T.);
#3376=EDGE_CURVE('',#2764,#2754,#1147,.T.);
#3377=EDGE_CURVE('',#2763,#2764,#1148,.T.);
#3378=EDGE_CURVE('',#2765,#2766,#1149,.T.);
#3379=EDGE_CURVE('',#2748,#2765,#1150,.T.);
#3380=EDGE_CURVE('',#2766,#2747,#1151,.T.);
#3381=EDGE_CURVE('',#2767,#2765,#1152,.T.);
#3382=EDGE_CURVE('',#2749,#2767,#1153,.T.);
#3383=EDGE_CURVE('',#2768,#2769,#1154,.T.);
#3384=EDGE_CURVE('',#2770,#2768,#1155,.T.);
#3385=EDGE_CURVE('',#2771,#2770,#1156,.T.);
#3386=EDGE_CURVE('',#2769,#2771,#1157,.T.);
#3387=EDGE_CURVE('',#2772,#2770,#1158,.T.);
#3388=EDGE_CURVE('',#2773,#2772,#1159,.T.);
#3389=EDGE_CURVE('',#2771,#2773,#1160,.T.);
#3390=EDGE_CURVE('',#2768,#2774,#1161,.T.);
#3391=EDGE_CURVE('',#2774,#2775,#1162,.T.);
#3392=EDGE_CURVE('',#2775,#2776,#1163,.T.);
#3393=EDGE_CURVE('',#2776,#2777,#1164,.T.);
#3394=EDGE_CURVE('',#2777,#2778,#1165,.T.);
#3395=EDGE_CURVE('',#2779,#2778,#1166,.T.);
#3396=EDGE_CURVE('',#2780,#2779,#1167,.T.);
#3397=EDGE_CURVE('',#2780,#2781,#1168,.T.);
#3398=EDGE_CURVE('',#2781,#2782,#1169,.T.);
#3399=EDGE_CURVE('',#2782,#2783,#1170,.T.);
#3400=EDGE_CURVE('',#2783,#2784,#1171,.T.);
#3401=EDGE_CURVE('',#2784,#2785,#1172,.T.);
#3402=EDGE_CURVE('',#2785,#2786,#1173,.T.);
#3403=EDGE_CURVE('',#2786,#2787,#1174,.T.);
#3404=EDGE_CURVE('',#2787,#2788,#1175,.T.);
#3405=EDGE_CURVE('',#2788,#2789,#1176,.T.);
#3406=EDGE_CURVE('',#2789,#2790,#1177,.T.);
#3407=EDGE_CURVE('',#2790,#2772,#1178,.T.);
#3408=EDGE_CURVE('',#2785,#2791,#1179,.T.);
#3409=EDGE_CURVE('',#2792,#2784,#1180,.T.);
#3410=EDGE_CURVE('',#2791,#2792,#1181,.T.);
#3411=EDGE_CURVE('',#2793,#2783,#1182,.T.);
#3412=EDGE_CURVE('',#2792,#2793,#1183,.T.);
#3413=EDGE_CURVE('',#2794,#2795,#1184,.T.);
#3414=EDGE_CURVE('',#2796,#2794,#1185,.T.);
#3415=EDGE_CURVE('',#2797,#2796,#1186,.T.);
#3416=EDGE_CURVE('',#2795,#2797,#1187,.T.);
#3417=EDGE_CURVE('',#2796,#2798,#1188,.T.);
#3418=EDGE_CURVE('',#2799,#2798,#1189,.T.);
#3419=EDGE_CURVE('',#2797,#2799,#1190,.T.);
#3420=EDGE_CURVE('',#2794,#2800,#1191,.T.);
#3421=EDGE_CURVE('',#2798,#2800,#1192,.T.);
#3422=EDGE_CURVE('',#2801,#2802,#1193,.T.);
#3423=EDGE_CURVE('',#2803,#2801,#1194,.T.);
#3424=EDGE_CURVE('',#2804,#2803,#1195,.T.);
#3425=EDGE_CURVE('',#2802,#2804,#1196,.T.);
#3426=EDGE_CURVE('',#2805,#2803,#1197,.T.);
#3427=EDGE_CURVE('',#2806,#2805,#1198,.T.);
#3428=EDGE_CURVE('',#2804,#2806,#1199,.T.);
#3429=EDGE_CURVE('',#2801,#2807,#1200,.T.);
#3430=EDGE_CURVE('',#2807,#2808,#1201,.T.);
#3431=EDGE_CURVE('',#2808,#2809,#1202,.T.);
#3432=EDGE_CURVE('',#2809,#2810,#1203,.T.);
#3433=EDGE_CURVE('',#2810,#2811,#1204,.T.);
#3434=EDGE_CURVE('',#2811,#2812,#1205,.T.);
#3435=EDGE_CURVE('',#2812,#2813,#1206,.T.);
#3436=EDGE_CURVE('',#2813,#2814,#1207,.T.);
#3437=EDGE_CURVE('',#2814,#2815,#1208,.T.);
#3438=EDGE_CURVE('',#2815,#2816,#1209,.T.);
#3439=EDGE_CURVE('',#2816,#2817,#1210,.T.);
#3440=EDGE_CURVE('',#2817,#2818,#1211,.T.);
#3441=EDGE_CURVE('',#2818,#2819,#1212,.T.);
#3442=EDGE_CURVE('',#2820,#2819,#1213,.T.);
#3443=EDGE_CURVE('',#2821,#2820,#1214,.T.);
#3444=EDGE_CURVE('',#2821,#2822,#1215,.T.);
#3445=EDGE_CURVE('',#2822,#2823,#1216,.T.);
#3446=EDGE_CURVE('',#2823,#2805,#1217,.T.);
#3447=EDGE_CURVE('',#2824,#2825,#1218,.T.);
#3448=EDGE_CURVE('',#2826,#2824,#1219,.T.);
#3449=EDGE_CURVE('',#2827,#2826,#1220,.T.);
#3450=EDGE_CURVE('',#2825,#2827,#1221,.T.);
#3451=EDGE_CURVE('',#2826,#2828,#1222,.T.);
#3452=EDGE_CURVE('',#2828,#2829,#1223,.T.);
#3453=EDGE_CURVE('',#2829,#2830,#1224,.T.);
#3454=EDGE_CURVE('',#2830,#2831,#1225,.T.);
#3455=EDGE_CURVE('',#2831,#2832,#1226,.T.);
#3456=EDGE_CURVE('',#2832,#2833,#1227,.T.);
#3457=EDGE_CURVE('',#2833,#2834,#1228,.T.);
#3458=EDGE_CURVE('',#2834,#2835,#1229,.T.);
#3459=EDGE_CURVE('',#2835,#2836,#1230,.T.);
#3460=EDGE_CURVE('',#2836,#2837,#1231,.T.);
#3461=EDGE_CURVE('',#2837,#2838,#1232,.T.);
#3462=EDGE_CURVE('',#2838,#2839,#1233,.T.);
#3463=EDGE_CURVE('',#2839,#2840,#1234,.T.);
#3464=EDGE_CURVE('',#2840,#2841,#1235,.T.);
#3465=EDGE_CURVE('',#2841,#2842,#1236,.T.);
#3466=EDGE_CURVE('',#2842,#2843,#1237,.T.);
#3467=EDGE_CURVE('',#2843,#2844,#1238,.T.);
#3468=EDGE_CURVE('',#2845,#2844,#1239,.T.);
#3469=EDGE_CURVE('',#2827,#2845,#1240,.T.);
#3470=EDGE_CURVE('',#2846,#2824,#1241,.T.);
#3471=EDGE_CURVE('',#2828,#2846,#1242,.T.);
#3472=EDGE_CURVE('',#2847,#2842,#1243,.T.);
#3473=EDGE_CURVE('',#2848,#2847,#1244,.T.);
#3474=EDGE_CURVE('',#2843,#2848,#1245,.T.);
#3475=EDGE_CURVE('',#2848,#2849,#1246,.T.);
#3476=EDGE_CURVE('',#2844,#2849,#1247,.T.);
#3477=EDGE_CURVE('',#2825,#2850,#1248,.T.);
#3478=EDGE_CURVE('',#2849,#2850,#1249,.T.);
#3479=EDGE_CURVE('',#2847,#2851,#1250,.T.);
#3480=EDGE_CURVE('',#2851,#2852,#1251,.T.);
#3481=EDGE_CURVE('',#2852,#2853,#1252,.T.);
#3482=EDGE_CURVE('',#2853,#2854,#1253,.T.);
#3483=EDGE_CURVE('',#2854,#2855,#1254,.T.);
#3484=EDGE_CURVE('',#2855,#2856,#1255,.T.);
#3485=EDGE_CURVE('',#2856,#2857,#1256,.T.);
#3486=EDGE_CURVE('',#2857,#2858,#1257,.T.);
#3487=EDGE_CURVE('',#2858,#2859,#1258,.T.);
#3488=EDGE_CURVE('',#2859,#2860,#1259,.T.);
#3489=EDGE_CURVE('',#2860,#2861,#1260,.T.);
#3490=EDGE_CURVE('',#2861,#2862,#1261,.T.);
#3491=EDGE_CURVE('',#2862,#2863,#1262,.T.);
#3492=EDGE_CURVE('',#2863,#2846,#1263,.T.);
#3493=EDGE_CURVE('',#2864,#2865,#1264,.T.);
#3494=EDGE_CURVE('',#2866,#2864,#1265,.T.);
#3495=EDGE_CURVE('',#2867,#2866,#1266,.T.);
#3496=EDGE_CURVE('',#2865,#2867,#1267,.T.);
#3497=EDGE_CURVE('',#2868,#2866,#1268,.T.);
#3498=EDGE_CURVE('',#2869,#2868,#1269,.T.);
#3499=EDGE_CURVE('',#2867,#2869,#1270,.T.);
#3500=EDGE_CURVE('',#2864,#2870,#1271,.T.);
#3501=EDGE_CURVE('',#2870,#2871,#1272,.T.);
#3502=EDGE_CURVE('',#2871,#2872,#1273,.T.);
#3503=EDGE_CURVE('',#2872,#2873,#1274,.T.);
#3504=EDGE_CURVE('',#2873,#2874,#1275,.T.);
#3505=EDGE_CURVE('',#2875,#2874,#1276,.T.);
#3506=EDGE_CURVE('',#2876,#2875,#1277,.T.);
#3507=EDGE_CURVE('',#2876,#2877,#1278,.T.);
#3508=EDGE_CURVE('',#2877,#2878,#1279,.T.);
#3509=EDGE_CURVE('',#2878,#2879,#1280,.T.);
#3510=EDGE_CURVE('',#2879,#2880,#1281,.T.);
#3511=EDGE_CURVE('',#2880,#2881,#1282,.T.);
#3512=EDGE_CURVE('',#2881,#2882,#1283,.T.);
#3513=EDGE_CURVE('',#2882,#2883,#1284,.T.);
#3514=EDGE_CURVE('',#2883,#2884,#1285,.T.);
#3515=EDGE_CURVE('',#2884,#2885,#1286,.T.);
#3516=EDGE_CURVE('',#2885,#2886,#1287,.T.);
#3517=EDGE_CURVE('',#2886,#2868,#1288,.T.);
#3518=EDGE_CURVE('',#2887,#2888,#1289,.T.);
#3519=EDGE_CURVE('',#2889,#2887,#1290,.T.);
#3520=EDGE_CURVE('',#2890,#2889,#1291,.T.);
#3521=EDGE_CURVE('',#2888,#2890,#1292,.T.);
#3522=EDGE_CURVE('',#2891,#2889,#1293,.T.);
#3523=EDGE_CURVE('',#2892,#2891,#1294,.T.);
#3524=EDGE_CURVE('',#2890,#2892,#1295,.T.);
#3525=EDGE_CURVE('',#2887,#2893,#1296,.T.);
#3526=EDGE_CURVE('',#2893,#2894,#1297,.T.);
#3527=EDGE_CURVE('',#2894,#2895,#1298,.T.);
#3528=EDGE_CURVE('',#2895,#2896,#1299,.T.);
#3529=EDGE_CURVE('',#2896,#2897,#1300,.T.);
#3530=EDGE_CURVE('',#2897,#2898,#1301,.T.);
#3531=EDGE_CURVE('',#2898,#2899,#1302,.T.);
#3532=EDGE_CURVE('',#2899,#2900,#1303,.T.);
#3533=EDGE_CURVE('',#2900,#2901,#1304,.T.);
#3534=EDGE_CURVE('',#2902,#2901,#1305,.T.);
#3535=EDGE_CURVE('',#2903,#2902,#1306,.T.);
#3536=EDGE_CURVE('',#2903,#2904,#1307,.T.);
#3537=EDGE_CURVE('',#2904,#2905,#1308,.T.);
#3538=EDGE_CURVE('',#2905,#2906,#1309,.T.);
#3539=EDGE_CURVE('',#2906,#2907,#1310,.T.);
#3540=EDGE_CURVE('',#2907,#2908,#1311,.T.);
#3541=EDGE_CURVE('',#2908,#2909,#1312,.T.);
#3542=EDGE_CURVE('',#2909,#2891,#1313,.T.);
#3543=EDGE_CURVE('',#2910,#2911,#1314,.T.);
#3544=EDGE_CURVE('',#2912,#2910,#1315,.T.);
#3545=EDGE_CURVE('',#2913,#2912,#1316,.T.);
#3546=EDGE_CURVE('',#2911,#2913,#1317,.T.);
#3547=EDGE_CURVE('',#2912,#2914,#1318,.T.);
#3548=EDGE_CURVE('',#2915,#2914,#1319,.T.);
#3549=EDGE_CURVE('',#2913,#2915,#1320,.T.);
#3550=EDGE_CURVE('',#2910,#2916,#1321,.T.);
#3551=EDGE_CURVE('',#2914,#2916,#1322,.T.);
#3552=EDGE_CURVE('',#2917,#2918,#1323,.T.);
#3553=EDGE_CURVE('',#2919,#2917,#1324,.T.);
#3554=EDGE_CURVE('',#2920,#2919,#1325,.T.);
#3555=EDGE_CURVE('',#2918,#2920,#1326,.T.);
#3556=EDGE_CURVE('',#2921,#2919,#1327,.T.);
#3557=EDGE_CURVE('',#2922,#2921,#1328,.T.);
#3558=EDGE_CURVE('',#2920,#2922,#1329,.T.);
#3559=EDGE_CURVE('',#2917,#2923,#1330,.T.);
#3560=EDGE_CURVE('',#2923,#2924,#1331,.T.);
#3561=EDGE_CURVE('',#2924,#2925,#1332,.T.);
#3562=EDGE_CURVE('',#2925,#2926,#1333,.T.);
#3563=EDGE_CURVE('',#2926,#2927,#1334,.T.);
#3564=EDGE_CURVE('',#2927,#2928,#1335,.T.);
#3565=EDGE_CURVE('',#2928,#2929,#1336,.T.);
#3566=EDGE_CURVE('',#2929,#2930,#1337,.T.);
#3567=EDGE_CURVE('',#2930,#2931,#1338,.T.);
#3568=EDGE_CURVE('',#2931,#2932,#1339,.T.);
#3569=EDGE_CURVE('',#2932,#2933,#1340,.T.);
#3570=EDGE_CURVE('',#2933,#2934,#1341,.T.);
#3571=EDGE_CURVE('',#2934,#2935,#1342,.T.);
#3572=EDGE_CURVE('',#2936,#2935,#1343,.T.);
#3573=EDGE_CURVE('',#2937,#2936,#1344,.T.);
#3574=EDGE_CURVE('',#2937,#2938,#1345,.T.);
#3575=EDGE_CURVE('',#2938,#2939,#1346,.T.);
#3576=EDGE_CURVE('',#2939,#2921,#1347,.T.);
#3577=EDGE_CURVE('',#2940,#2941,#1348,.T.);
#3578=EDGE_CURVE('',#2942,#2940,#1349,.T.);
#3579=EDGE_CURVE('',#2943,#2942,#1350,.T.);
#3580=EDGE_CURVE('',#2941,#2943,#1351,.T.);
#3581=EDGE_CURVE('',#2944,#2942,#1352,.T.);
#3582=EDGE_CURVE('',#2945,#2944,#1353,.T.);
#3583=EDGE_CURVE('',#2943,#2945,#1354,.T.);
#3584=EDGE_CURVE('',#2940,#2946,#1355,.T.);
#3585=EDGE_CURVE('',#2946,#2947,#1356,.T.);
#3586=EDGE_CURVE('',#2947,#2948,#1357,.T.);
#3587=EDGE_CURVE('',#2948,#2949,#1358,.T.);
#3588=EDGE_CURVE('',#2949,#2950,#1359,.T.);
#3589=EDGE_CURVE('',#2950,#2951,#1360,.T.);
#3590=EDGE_CURVE('',#2951,#2952,#1361,.T.);
#3591=EDGE_CURVE('',#2952,#2953,#1362,.T.);
#3592=EDGE_CURVE('',#2953,#2954,#1363,.T.);
#3593=EDGE_CURVE('',#2955,#2954,#1364,.T.);
#3594=EDGE_CURVE('',#2956,#2955,#1365,.T.);
#3595=EDGE_CURVE('',#2956,#2957,#1366,.T.);
#3596=EDGE_CURVE('',#2957,#2958,#1367,.T.);
#3597=EDGE_CURVE('',#2958,#2959,#1368,.T.);
#3598=EDGE_CURVE('',#2959,#2960,#1369,.T.);
#3599=EDGE_CURVE('',#2960,#2961,#1370,.T.);
#3600=EDGE_CURVE('',#2961,#2962,#1371,.T.);
#3601=EDGE_CURVE('',#2962,#2944,#1372,.T.);
#3602=EDGE_CURVE('',#2949,#2963,#1373,.T.);
#3603=EDGE_CURVE('',#2964,#2948,#1374,.T.);
#3604=EDGE_CURVE('',#2963,#2964,#1375,.T.);
#3605=EDGE_CURVE('',#2965,#2947,#1376,.T.);
#3606=EDGE_CURVE('',#2964,#2965,#1377,.T.);
#3607=EDGE_CURVE('',#2938,#2966,#1378,.T.);
#3608=EDGE_CURVE('',#2967,#2937,#1379,.T.);
#3609=EDGE_CURVE('',#2966,#2967,#1380,.T.);
#3610=EDGE_CURVE('',#2968,#2936,#1381,.T.);
#3611=EDGE_CURVE('',#2967,#2968,#1382,.T.);
#3612=EDGE_CURVE('',#2969,#2970,#1383,.T.);
#3613=EDGE_CURVE('',#2934,#2969,#1384,.T.);
#3614=EDGE_CURVE('',#2970,#2933,#1385,.T.);
#3615=EDGE_CURVE('',#2969,#2971,#1386,.T.);
#3616=EDGE_CURVE('',#2935,#2971,#1387,.T.);
#3617=EDGE_CURVE('',#2908,#2972,#1388,.T.);
#3618=EDGE_CURVE('',#2973,#2907,#1389,.T.);
#3619=EDGE_CURVE('',#2972,#2973,#1390,.T.);
#3620=EDGE_CURVE('',#2974,#2906,#1391,.T.);
#3621=EDGE_CURVE('',#2973,#2974,#1392,.T.);
#3622=EDGE_CURVE('',#2975,#2872,#1393,.T.);
#3623=EDGE_CURVE('',#2976,#2975,#1394,.T.);
#3624=EDGE_CURVE('',#2873,#2976,#1395,.T.);
#3625=EDGE_CURVE('',#2869,#2977,#1396,.T.);
#3626=EDGE_CURVE('',#2977,#2978,#1397,.T.);
#3627=EDGE_CURVE('',#2978,#2979,#1398,.T.);
#3628=EDGE_CURVE('',#2979,#2980,#1399,.T.);
#3629=EDGE_CURVE('',#2980,#2981,#1400,.T.);
#3630=EDGE_CURVE('',#2981,#2982,#1401,.T.);
#3631=EDGE_CURVE('',#2982,#2983,#1402,.T.);
#3632=EDGE_CURVE('',#2983,#2984,#1403,.T.);
#3633=EDGE_CURVE('',#2984,#2985,#1404,.T.);
#3634=EDGE_CURVE('',#2985,#2986,#1405,.T.);
#3635=EDGE_CURVE('',#2986,#2987,#1406,.T.);
#3636=EDGE_CURVE('',#2987,#2988,#1407,.T.);
#3637=EDGE_CURVE('',#2989,#2988,#1408,.T.);
#3638=EDGE_CURVE('',#2976,#2989,#1409,.T.);
#3639=EDGE_CURVE('',#2975,#2990,#1410,.T.);
#3640=EDGE_CURVE('',#2990,#2991,#1411,.T.);
#3641=EDGE_CURVE('',#2991,#2865,#1412,.T.);
#3642=EDGE_CURVE('',#2990,#2871,#1413,.T.);
#3643=EDGE_CURVE('',#2877,#2986,#1414,.T.);
#3644=EDGE_CURVE('',#2987,#2876,#1415,.T.);
#3645=EDGE_CURVE('',#2988,#2875,#1416,.T.);
#3646=EDGE_CURVE('',#2862,#2830,#1417,.T.);
#3647=EDGE_CURVE('',#2831,#2861,#1418,.T.);
#3648=EDGE_CURVE('',#2832,#2860,#1419,.T.);
#3649=EDGE_CURVE('',#2810,#2992,#1420,.T.);
#3650=EDGE_CURVE('',#2993,#2809,#1421,.T.);
#3651=EDGE_CURVE('',#2992,#2993,#1422,.T.);
#3652=EDGE_CURVE('',#2994,#2808,#1423,.T.);
#3653=EDGE_CURVE('',#2993,#2994,#1424,.T.);
#3654=EDGE_CURVE('',#2995,#2996,#1425,.T.);
#3655=EDGE_CURVE('',#2997,#2995,#1426,.T.);
#3656=EDGE_CURVE('',#2998,#2997,#1427,.T.);
#3657=EDGE_CURVE('',#2996,#2998,#1428,.T.);
#3658=EDGE_CURVE('',#2997,#2999,#1429,.T.);
#3659=EDGE_CURVE('',#3000,#2999,#1430,.T.);
#3660=EDGE_CURVE('',#2998,#3000,#1431,.T.);
#3661=EDGE_CURVE('',#2995,#3001,#1432,.T.);
#3662=EDGE_CURVE('',#2999,#3001,#1433,.T.);
#3663=EDGE_CURVE('',#3002,#3003,#1434,.T.);
#3664=EDGE_CURVE('',#3004,#3002,#1435,.T.);
#3665=EDGE_CURVE('',#3005,#3004,#1436,.T.);
#3666=EDGE_CURVE('',#3003,#3005,#1437,.T.);
#3667=EDGE_CURVE('',#3006,#3004,#1438,.T.);
#3668=EDGE_CURVE('',#3007,#3006,#1439,.T.);
#3669=EDGE_CURVE('',#3005,#3007,#1440,.T.);
#3670=EDGE_CURVE('',#3002,#3008,#1441,.T.);
#3671=EDGE_CURVE('',#3008,#3009,#1442,.T.);
#3672=EDGE_CURVE('',#3009,#3010,#1443,.T.);
#3673=EDGE_CURVE('',#3010,#3011,#1444,.T.);
#3674=EDGE_CURVE('',#3011,#3012,#1445,.T.);
#3675=EDGE_CURVE('',#3012,#3013,#1446,.T.);
#3676=EDGE_CURVE('',#3013,#3014,#1447,.T.);
#3677=EDGE_CURVE('',#3014,#3015,#1448,.T.);
#3678=EDGE_CURVE('',#3015,#3016,#1449,.T.);
#3679=EDGE_CURVE('',#3016,#3017,#1450,.T.);
#3680=EDGE_CURVE('',#3017,#3018,#1451,.T.);
#3681=EDGE_CURVE('',#3018,#3019,#1452,.T.);
#3682=EDGE_CURVE('',#3019,#3020,#1453,.T.);
#3683=EDGE_CURVE('',#3021,#3020,#1454,.T.);
#3684=EDGE_CURVE('',#3022,#3021,#1455,.T.);
#3685=EDGE_CURVE('',#3022,#3023,#1456,.T.);
#3686=EDGE_CURVE('',#3023,#3024,#1457,.T.);
#3687=EDGE_CURVE('',#3024,#3006,#1458,.T.);
#3688=EDGE_CURVE('',#3015,#3025,#1459,.T.);
#3689=EDGE_CURVE('',#3026,#3014,#1460,.T.);
#3690=EDGE_CURVE('',#3025,#3026,#1461,.T.);
#3691=EDGE_CURVE('',#3027,#3013,#1462,.T.);
#3692=EDGE_CURVE('',#3026,#3027,#1463,.T.);
#3693=EDGE_CURVE('',#3028,#3029,#1464,.T.);
#3694=EDGE_CURVE('',#3030,#3028,#1465,.T.);
#3695=EDGE_CURVE('',#3031,#3030,#1466,.T.);
#3696=EDGE_CURVE('',#3029,#3031,#1467,.T.);
#3697=EDGE_CURVE('',#3030,#3032,#1468,.T.);
#3698=EDGE_CURVE('',#3033,#3032,#1469,.T.);
#3699=EDGE_CURVE('',#3034,#3033,#1470,.T.);
#3700=EDGE_CURVE('',#3034,#3035,#1471,.T.);
#3701=EDGE_CURVE('',#3035,#3036,#1472,.T.);
#3702=EDGE_CURVE('',#3036,#3037,#1473,.T.);
#3703=EDGE_CURVE('',#3037,#3038,#1474,.T.);
#3704=EDGE_CURVE('',#3038,#3039,#1475,.T.);
#3705=EDGE_CURVE('',#3039,#3040,#1476,.T.);
#3706=EDGE_CURVE('',#3040,#3041,#1477,.T.);
#3707=EDGE_CURVE('',#3041,#3042,#1478,.T.);
#3708=EDGE_CURVE('',#3042,#3043,#1479,.T.);
#3709=EDGE_CURVE('',#3043,#3044,#1480,.T.);
#3710=EDGE_CURVE('',#3044,#3045,#1481,.T.);
#3711=EDGE_CURVE('',#3045,#3046,#1482,.T.);
#3712=EDGE_CURVE('',#3046,#3047,#1483,.T.);
#3713=EDGE_CURVE('',#3047,#3048,#1484,.T.);
#3714=EDGE_CURVE('',#3048,#3049,#1485,.T.);
#3715=EDGE_CURVE('',#3049,#3031,#1486,.T.);
#3716=EDGE_CURVE('',#3028,#3050,#1487,.T.);
#3717=EDGE_CURVE('',#3032,#3050,#1488,.T.);
#3718=EDGE_CURVE('',#3051,#3042,#1489,.T.);
#3719=EDGE_CURVE('',#3052,#3051,#1490,.T.);
#3720=EDGE_CURVE('',#3043,#3052,#1491,.T.);
#3721=EDGE_CURVE('',#3053,#3052,#1492,.T.);
#3722=EDGE_CURVE('',#3044,#3053,#1493,.T.);
#3723=EDGE_CURVE('',#3029,#3054,#1494,.T.);
#3724=EDGE_CURVE('',#3054,#3055,#1495,.T.);
#3725=EDGE_CURVE('',#3055,#3056,#1496,.T.);
#3726=EDGE_CURVE('',#3056,#3057,#1497,.T.);
#3727=EDGE_CURVE('',#3057,#3058,#1498,.T.);
#3728=EDGE_CURVE('',#3058,#3053,#1499,.T.);
#3729=EDGE_CURVE('',#3051,#3059,#1500,.T.);
#3730=EDGE_CURVE('',#3059,#3060,#1501,.T.);
#3731=EDGE_CURVE('',#3060,#3061,#1502,.T.);
#3732=EDGE_CURVE('',#3061,#3062,#1503,.T.);
#3733=EDGE_CURVE('',#3062,#3063,#1504,.T.);
#3734=EDGE_CURVE('',#3063,#3064,#1505,.T.);
#3735=EDGE_CURVE('',#3064,#3065,#1506,.T.);
#3736=EDGE_CURVE('',#3065,#3066,#1507,.T.);
#3737=EDGE_CURVE('',#3066,#3067,#1508,.T.);
#3738=EDGE_CURVE('',#3050,#3067,#1509,.T.);
#3739=EDGE_CURVE('',#3035,#3065,#1510,.T.);
#3740=EDGE_CURVE('',#3066,#3034,#1511,.T.);
#3741=EDGE_CURVE('',#3067,#3033,#1512,.T.);
#3742=EDGE_CURVE('',#2760,#3068,#1513,.T.);
#3743=EDGE_CURVE('',#3069,#2759,#1514,.T.);
#3744=EDGE_CURVE('',#3068,#3069,#1515,.T.);
#3745=EDGE_CURVE('',#3070,#2758,#1516,.T.);
#3746=EDGE_CURVE('',#3069,#3070,#1517,.T.);
#3747=EDGE_CURVE('',#2752,#3071,#1518,.T.);
#3748=EDGE_CURVE('',#3072,#2751,#1519,.T.);
#3749=EDGE_CURVE('',#3071,#3072,#1520,.T.);
#3750=EDGE_CURVE('',#3073,#2750,#1521,.T.);
#3751=EDGE_CURVE('',#3072,#3073,#1522,.T.);
#3752=EDGE_CURVE('',#3074,#2776,#1523,.T.);
#3753=EDGE_CURVE('',#3075,#3074,#1524,.T.);
#3754=EDGE_CURVE('',#2777,#3075,#1525,.T.);
#3755=EDGE_CURVE('',#3075,#3076,#1526,.T.);
#3756=EDGE_CURVE('',#2778,#3076,#1527,.T.);
#3757=EDGE_CURVE('',#2773,#3077,#1528,.T.);
#3758=EDGE_CURVE('',#3077,#3078,#1529,.T.);
#3759=EDGE_CURVE('',#3078,#3079,#1530,.T.);
#3760=EDGE_CURVE('',#3079,#3080,#1531,.T.);
#3761=EDGE_CURVE('',#3080,#3081,#1532,.T.);
#3762=EDGE_CURVE('',#3081,#2791,#1533,.T.);
#3763=EDGE_CURVE('',#2793,#3082,#1534,.T.);
#3764=EDGE_CURVE('',#3082,#3083,#1535,.T.);
#3765=EDGE_CURVE('',#3083,#3084,#1536,.T.);
#3766=EDGE_CURVE('',#3084,#3085,#1537,.T.);
#3767=EDGE_CURVE('',#3076,#3085,#1538,.T.);
#3768=EDGE_CURVE('',#3074,#3086,#1539,.T.);
#3769=EDGE_CURVE('',#3086,#3087,#1540,.T.);
#3770=EDGE_CURVE('',#3087,#2769,#1541,.T.);
#3771=EDGE_CURVE('',#2789,#3078,#1542,.T.);
#3772=EDGE_CURVE('',#3079,#2788,#1543,.T.);
#3773=EDGE_CURVE('',#3080,#2787,#1544,.T.);
#3774=EDGE_CURVE('',#3084,#2780,#1545,.T.);
#3775=EDGE_CURVE('',#2781,#3083,#1546,.T.);
#3776=EDGE_CURVE('',#3085,#2779,#1547,.T.);
#3777=EDGE_CURVE('',#3088,#2821,#1548,.T.);
#3778=EDGE_CURVE('',#3089,#3088,#1549,.T.);
#3779=EDGE_CURVE('',#2822,#3089,#1550,.T.);
#3780=EDGE_CURVE('',#2806,#3090,#1551,.T.);
#3781=EDGE_CURVE('',#3090,#3089,#1552,.T.);
#3782=EDGE_CURVE('',#3088,#3091,#1553,.T.);
#3783=EDGE_CURVE('',#3092,#3091,#1554,.T.);
#3784=EDGE_CURVE('',#3093,#3092,#1555,.T.);
#3785=EDGE_CURVE('',#3093,#3094,#1556,.T.);
#3786=EDGE_CURVE('',#3094,#3095,#1557,.T.);
#3787=EDGE_CURVE('',#3095,#3096,#1558,.T.);
#3788=EDGE_CURVE('',#3096,#3097,#1559,.T.);
#3789=EDGE_CURVE('',#3097,#3098,#1560,.T.);
#3790=EDGE_CURVE('',#3098,#3099,#1561,.T.);
#3791=EDGE_CURVE('',#3099,#3100,#1562,.T.);
#3792=EDGE_CURVE('',#3100,#2992,#1563,.T.);
#3793=EDGE_CURVE('',#2994,#3101,#1564,.T.);
#3794=EDGE_CURVE('',#3101,#2802,#1565,.T.);
#3795=EDGE_CURVE('',#3091,#2820,#1566,.T.);
#3796=EDGE_CURVE('',#3094,#2817,#1567,.T.);
#3797=EDGE_CURVE('',#2818,#3093,#1568,.T.);
#3798=EDGE_CURVE('',#2819,#3092,#1569,.T.);
#3799=EDGE_CURVE('',#2839,#2853,#1570,.T.);
#3800=EDGE_CURVE('',#2854,#2838,#1571,.T.);
#3801=EDGE_CURVE('',#2855,#2837,#1572,.T.);
#3802=EDGE_CURVE('',#2979,#2884,#1573,.T.);
#3803=EDGE_CURVE('',#2885,#2978,#1574,.T.);
#3804=EDGE_CURVE('',#2886,#2977,#1575,.T.);
#3805=EDGE_CURVE('',#3102,#2895,#1576,.T.);
#3806=EDGE_CURVE('',#3103,#3102,#1577,.T.);
#3807=EDGE_CURVE('',#2896,#3103,#1578,.T.);
#3808=EDGE_CURVE('',#3104,#3103,#1579,.T.);
#3809=EDGE_CURVE('',#2897,#3104,#1580,.T.);
#3810=EDGE_CURVE('',#2892,#3105,#1581,.T.);
#3811=EDGE_CURVE('',#3105,#2972,#1582,.T.);
#3812=EDGE_CURVE('',#2974,#3106,#1583,.T.);
#3813=EDGE_CURVE('',#3106,#3107,#1584,.T.);
#3814=EDGE_CURVE('',#3107,#3108,#1585,.T.);
#3815=EDGE_CURVE('',#3108,#3109,#1586,.T.);
#3816=EDGE_CURVE('',#3110,#3109,#1587,.T.);
#3817=EDGE_CURVE('',#3111,#3110,#1588,.T.);
#3818=EDGE_CURVE('',#3111,#3112,#1589,.T.);
#3819=EDGE_CURVE('',#3112,#3113,#1590,.T.);
#3820=EDGE_CURVE('',#3113,#3104,#1591,.T.);
#3821=EDGE_CURVE('',#3102,#3114,#1592,.T.);
#3822=EDGE_CURVE('',#3114,#3115,#1593,.T.);
#3823=EDGE_CURVE('',#3115,#2888,#1594,.T.);
#3824=EDGE_CURVE('',#3116,#3117,#1595,.T.);
#3825=EDGE_CURVE('',#3118,#3116,#1596,.T.);
#3826=EDGE_CURVE('',#3119,#3118,#1597,.T.);
#3827=EDGE_CURVE('',#3117,#3119,#1598,.T.);
#3828=EDGE_CURVE('',#3118,#3120,#1599,.T.);
#3829=EDGE_CURVE('',#3121,#3120,#1600,.T.);
#3830=EDGE_CURVE('',#3119,#3121,#1601,.T.);
#3831=EDGE_CURVE('',#3116,#3122,#1602,.T.);
#3832=EDGE_CURVE('',#3120,#3122,#1603,.T.);
#3833=EDGE_CURVE('',#3123,#2925,#1604,.T.);
#3834=EDGE_CURVE('',#3124,#3123,#1605,.T.);
#3835=EDGE_CURVE('',#2926,#3124,#1606,.T.);
#3836=EDGE_CURVE('',#3125,#3124,#1607,.T.);
#3837=EDGE_CURVE('',#2927,#3125,#1608,.T.);
#3838=EDGE_CURVE('',#2922,#3126,#1609,.T.);
#3839=EDGE_CURVE('',#3126,#2966,#1610,.T.);
#3840=EDGE_CURVE('',#2971,#2968,#1611,.T.);
#3841=EDGE_CURVE('',#2970,#3127,#1612,.T.);
#3842=EDGE_CURVE('',#3127,#3128,#1613,.T.);
#3843=EDGE_CURVE('',#3128,#3129,#1614,.T.);
#3844=EDGE_CURVE('',#3129,#3130,#1615,.T.);
#3845=EDGE_CURVE('',#3130,#3131,#1616,.T.);
#3846=EDGE_CURVE('',#3131,#3125,#1617,.T.);
#3847=EDGE_CURVE('',#3123,#3132,#1618,.T.);
#3848=EDGE_CURVE('',#3132,#3133,#1619,.T.);
#3849=EDGE_CURVE('',#3133,#2918,#1620,.T.);
#3850=EDGE_CURVE('',#3134,#2960,#1621,.T.);
#3851=EDGE_CURVE('',#3135,#3134,#1622,.T.);
#3852=EDGE_CURVE('',#2961,#3135,#1623,.T.);
#3853=EDGE_CURVE('',#3136,#3135,#1624,.T.);
#3854=EDGE_CURVE('',#2962,#3136,#1625,.T.);
#3855=EDGE_CURVE('',#2945,#3136,#1626,.T.);
#3856=EDGE_CURVE('',#3134,#3137,#1627,.T.);
#3857=EDGE_CURVE('',#3137,#3138,#1628,.T.);
#3858=EDGE_CURVE('',#3138,#3139,#1629,.T.);
#3859=EDGE_CURVE('',#3139,#3140,#1630,.T.);
#3860=EDGE_CURVE('',#3140,#3141,#1631,.T.);
#3861=EDGE_CURVE('',#3142,#3141,#1632,.T.);
#3862=EDGE_CURVE('',#3143,#3142,#1633,.T.);
#3863=EDGE_CURVE('',#3143,#3144,#1634,.T.);
#3864=EDGE_CURVE('',#3144,#3145,#1635,.T.);
#3865=EDGE_CURVE('',#3145,#3146,#1636,.T.);
#3866=EDGE_CURVE('',#3146,#2963,#1637,.T.);
#3867=EDGE_CURVE('',#2965,#3147,#1638,.T.);
#3868=EDGE_CURVE('',#3147,#2941,#1639,.T.);
#3869=EDGE_CURVE('',#3144,#2952,#1640,.T.);
#3870=EDGE_CURVE('',#2953,#3143,#1641,.T.);
#3871=EDGE_CURVE('',#2954,#3142,#1642,.T.);
#3872=EDGE_CURVE('',#2957,#3139,#1643,.T.);
#3873=EDGE_CURVE('',#3140,#2956,#1644,.T.);
#3874=EDGE_CURVE('',#2958,#3138,#1645,.T.);
#3875=EDGE_CURVE('',#3130,#2929,#1646,.T.);
#3876=EDGE_CURVE('',#2930,#3129,#1647,.T.);
#3877=EDGE_CURVE('',#2931,#3128,#1648,.T.);
#3878=EDGE_CURVE('',#3108,#2903,#1649,.T.);
#3879=EDGE_CURVE('',#2904,#3107,#1650,.T.);
#3880=EDGE_CURVE('',#3109,#2902,#1651,.T.);
#3881=EDGE_CURVE('',#3112,#2899,#1652,.T.);
#3882=EDGE_CURVE('',#2900,#3111,#1653,.T.);
#3883=EDGE_CURVE('',#2901,#3110,#1654,.T.);
#3884=EDGE_CURVE('',#2983,#2880,#1655,.T.);
#3885=EDGE_CURVE('',#2881,#2982,#1656,.T.);
#3886=EDGE_CURVE('',#2882,#2981,#1657,.T.);
#3887=EDGE_CURVE('',#2835,#2857,#1658,.T.);
#3888=EDGE_CURVE('',#2858,#2834,#1659,.T.);
#3889=EDGE_CURVE('',#2859,#2833,#1660,.T.);
#3890=EDGE_CURVE('',#3098,#2813,#1661,.T.);
#3891=EDGE_CURVE('',#2814,#3097,#1662,.T.);
#3892=EDGE_CURVE('',#2815,#3096,#1663,.T.);
#3893=EDGE_CURVE('',#3148,#3149,#1664,.T.);
#3894=EDGE_CURVE('',#3150,#3148,#1665,.T.);
#3895=EDGE_CURVE('',#3151,#3150,#1666,.T.);
#3896=EDGE_CURVE('',#3149,#3151,#1667,.T.);
#3897=EDGE_CURVE('',#3150,#3152,#1668,.T.);
#3898=EDGE_CURVE('',#3153,#3152,#1669,.T.);
#3899=EDGE_CURVE('',#3151,#3153,#1670,.T.);
#3900=EDGE_CURVE('',#3148,#3154,#1671,.T.);
#3901=EDGE_CURVE('',#3152,#3154,#1672,.T.);
#3902=EDGE_CURVE('',#3155,#3022,#1673,.T.);
#3903=EDGE_CURVE('',#3156,#3155,#1674,.T.);
#3904=EDGE_CURVE('',#3023,#3156,#1675,.T.);
#3905=EDGE_CURVE('',#3007,#3157,#1676,.T.);
#3906=EDGE_CURVE('',#3157,#3156,#1677,.T.);
#3907=EDGE_CURVE('',#3155,#3158,#1678,.T.);
#3908=EDGE_CURVE('',#3159,#3158,#1679,.T.);
#3909=EDGE_CURVE('',#3160,#3159,#1680,.T.);
#3910=EDGE_CURVE('',#3160,#3161,#1681,.T.);
#3911=EDGE_CURVE('',#3161,#3162,#1682,.T.);
#3912=EDGE_CURVE('',#3162,#3163,#1683,.T.);
#3913=EDGE_CURVE('',#3163,#3025,#1684,.T.);
#3914=EDGE_CURVE('',#3027,#3164,#1685,.T.);
#3915=EDGE_CURVE('',#3164,#3165,#1686,.T.);
#3916=EDGE_CURVE('',#3165,#3166,#1687,.T.);
#3917=EDGE_CURVE('',#3166,#3167,#1688,.T.);
#3918=EDGE_CURVE('',#3167,#3168,#1689,.T.);
#3919=EDGE_CURVE('',#3168,#3003,#1690,.T.);
#3920=EDGE_CURVE('',#3158,#3021,#1691,.T.);
#3921=EDGE_CURVE('',#3011,#3165,#1692,.T.);
#3922=EDGE_CURVE('',#3166,#3010,#1693,.T.);
#3923=EDGE_CURVE('',#3167,#3009,#1694,.T.);
#3924=EDGE_CURVE('',#3161,#3018,#1695,.T.);
#3925=EDGE_CURVE('',#3019,#3160,#1696,.T.);
#3926=EDGE_CURVE('',#3020,#3159,#1697,.T.);
#3927=EDGE_CURVE('',#3057,#3046,#1698,.T.);
#3928=EDGE_CURVE('',#3047,#3056,#1699,.T.);
#3929=EDGE_CURVE('',#3048,#3055,#1700,.T.);
#3930=EDGE_CURVE('',#3062,#3038,#1701,.T.);
#3931=EDGE_CURVE('',#3039,#3061,#1702,.T.);
#3932=EDGE_CURVE('',#3040,#3060,#1703,.T.);
#3933=EDGE_CURVE('',#3063,#3037,#1704,.T.);
#3934=EDGE_CURVE('',#3036,#3064,#1705,.T.);
#3935=EDGE_CURVE('',#3058,#3045,#1706,.T.);
#3936=EDGE_CURVE('',#3162,#3017,#1707,.T.);
#3937=EDGE_CURVE('',#3016,#3163,#1708,.T.);
#3938=EDGE_CURVE('',#3008,#3168,#1709,.T.);
#3939=EDGE_CURVE('',#2823,#3090,#1710,.T.);
#3940=EDGE_CURVE('',#2863,#2829,#1711,.T.);
#3941=EDGE_CURVE('',#2878,#2985,#1712,.T.);
#3942=EDGE_CURVE('',#2984,#2879,#1713,.T.);
#3943=EDGE_CURVE('',#3113,#2898,#1714,.T.);
#3944=EDGE_CURVE('',#3127,#2932,#1715,.T.);
#3945=EDGE_CURVE('',#3137,#2959,#1716,.T.);
#3946=EDGE_CURVE('',#3145,#2951,#1717,.T.);
#3947=EDGE_CURVE('',#2950,#3146,#1718,.T.);
#3948=EDGE_CURVE('',#2939,#3126,#1719,.T.);
#3949=EDGE_CURVE('',#2905,#3106,#1720,.T.);
#3950=EDGE_CURVE('',#2870,#2991,#1721,.T.);
#3951=EDGE_CURVE('',#2851,#2841,#1722,.T.);
#3952=EDGE_CURVE('',#2840,#2852,#1723,.T.);
#3953=EDGE_CURVE('',#3095,#2816,#1724,.T.);
#3954=EDGE_CURVE('',#3024,#3157,#1725,.T.);
#3955=EDGE_CURVE('',#3012,#3164,#1726,.T.);
#3956=EDGE_CURVE('',#3054,#3049,#1727,.T.);
#3957=EDGE_CURVE('',#3059,#3041,#1728,.T.);
#3958=EDGE_CURVE('',#3169,#3068,#1729,.T.);
#3959=EDGE_CURVE('',#2761,#3169,#1730,.T.);
#3960=EDGE_CURVE('',#2744,#3169,#1731,.T.);
#3961=EDGE_CURVE('',#3070,#3170,#1732,.T.);
#3962=EDGE_CURVE('',#3170,#2762,#1733,.T.);
#3963=EDGE_CURVE('',#2764,#3171,#1734,.T.);
#3964=EDGE_CURVE('',#3171,#3071,#1735,.T.);
#3965=EDGE_CURVE('',#3073,#2767,#1736,.T.);
#3966=EDGE_CURVE('',#2766,#3172,#1737,.T.);
#3967=EDGE_CURVE('',#3173,#3172,#1738,.T.);
#3968=EDGE_CURVE('',#2740,#3173,#1739,.T.);
#3969=EDGE_CURVE('',#2753,#3171,#1740,.T.);
#3970=EDGE_CURVE('',#2774,#3087,#1741,.T.);
#3971=EDGE_CURVE('',#3086,#2775,#1742,.T.);
#3972=EDGE_CURVE('',#2786,#3081,#1743,.T.);
#3973=EDGE_CURVE('',#2807,#3101,#1744,.T.);
#3974=EDGE_CURVE('',#2980,#2883,#1745,.T.);
#3975=EDGE_CURVE('',#3114,#2894,#1746,.T.);
#3976=EDGE_CURVE('',#2893,#3115,#1747,.T.);
#3977=EDGE_CURVE('',#3131,#2928,#1748,.T.);
#3978=EDGE_CURVE('',#2946,#3147,#1749,.T.);
#3979=EDGE_CURVE('',#2923,#3133,#1750,.T.);
#3980=EDGE_CURVE('',#3132,#2924,#1751,.T.);
#3981=EDGE_CURVE('',#2909,#3105,#1752,.T.);
#3982=EDGE_CURVE('',#2836,#2856,#1753,.T.);
#3983=EDGE_CURVE('',#3099,#2812,#1754,.T.);
#3984=EDGE_CURVE('',#2811,#3100,#1755,.T.);
#3985=EDGE_CURVE('',#2782,#3082,#1756,.T.);
#3986=EDGE_CURVE('',#2790,#3077,#1757,.T.);
#3987=EDGE_CURVE('',#2757,#3170,#1758,.T.);
#3988=EDGE_CURVE('',#3174,#2799,#1759,.T.);
#3989=EDGE_CURVE('',#2795,#3174,#1760,.T.);
#3990=EDGE_CURVE('',#2800,#3174,#1761,.T.);
#3991=EDGE_CURVE('',#3175,#3000,#1762,.T.);
#3992=EDGE_CURVE('',#2996,#3175,#1763,.T.);
#3993=EDGE_CURVE('',#3001,#3175,#1764,.T.);
#3994=EDGE_CURVE('',#3176,#3121,#1765,.T.);
#3995=EDGE_CURVE('',#3117,#3176,#1766,.T.);
#3996=EDGE_CURVE('',#3122,#3176,#1767,.T.);
#3997=EDGE_CURVE('',#2682,#2680,#2630,.T.);
#3998=EDGE_CURVE('',#2698,#2694,#2631,.T.);
#3999=EDGE_CURVE('',#3177,#2675,#1768,.T.);
#4000=EDGE_CURVE('',#2672,#3177,#1769,.T.);
#4001=EDGE_CURVE('',#3178,#3177,#1770,.T.);
#4002=EDGE_CURVE('',#2673,#3178,#1771,.T.);
#4003=EDGE_CURVE('',#3179,#3178,#1772,.T.);
#4004=EDGE_CURVE('',#2666,#3179,#1773,.T.);
#4005=EDGE_CURVE('',#2679,#3179,#1774,.T.);
#4006=EDGE_CURVE('',#3180,#3153,#1775,.T.);
#4007=EDGE_CURVE('',#3149,#3180,#1776,.T.);
#4008=EDGE_CURVE('',#3154,#3180,#1777,.T.);
#4009=EDGE_CURVE('',#3181,#2722,#22,.T.);
#4010=EDGE_CURVE('',#2706,#3181,#1778,.T.);
#4011=EDGE_CURVE('',#3182,#3181,#23,.T.);
#4012=EDGE_CURVE('',#2707,#3182,#1779,.T.);
#4013=EDGE_CURVE('',#3183,#3182,#51,.T.);
#4014=EDGE_CURVE('',#2708,#3183,#1780,.T.);
#4015=EDGE_CURVE('',#3184,#3183,#52,.T.);
#4016=EDGE_CURVE('',#2700,#3184,#1781,.T.);
#4017=EDGE_CURVE('',#2726,#3184,#24,.T.);
#4018=EDGE_CURVE('',#3185,#2735,#1782,.T.);
#4019=EDGE_CURVE('',#2733,#3185,#1783,.T.);
#4020=EDGE_CURVE('',#3186,#3185,#1784,.T.);
#4021=EDGE_CURVE('',#2728,#3186,#1785,.T.);
#4022=EDGE_CURVE('',#2738,#3186,#1786,.T.);
#4023=EDGE_CURVE('',#3187,#2915,#1787,.T.);
#4024=EDGE_CURVE('',#2911,#3187,#1788,.T.);
#4025=EDGE_CURVE('',#2916,#3187,#1789,.T.);
#4026=EDGE_CURVE('',#2745,#3173,#1790,.T.);
#4027=EDGE_CURVE('',#3172,#2746,#1791,.T.);
#4028=EDGE_CURVE('',#3141,#2955,#1792,.T.);
#4029=EDGE_CURVE('',#2850,#2845,#1793,.T.);
#4030=EDGE_CURVE('',#2874,#2989,#1794,.T.);
#4031=EDGE_CURVE('',#3188,#3189,#1795,.T.);
#4032=EDGE_CURVE('',#3188,#3190,#1796,.T.);
#4033=EDGE_CURVE('',#3191,#3190,#1797,.T.);
#4034=EDGE_CURVE('',#3189,#3191,#1798,.T.);
#4035=EDGE_CURVE('',#3189,#3192,#1799,.T.);
#4036=EDGE_CURVE('',#3193,#3191,#1800,.T.);
#4037=EDGE_CURVE('',#3192,#3193,#1801,.T.);
#4038=EDGE_CURVE('',#3194,#3192,#1802,.T.);
#4039=EDGE_CURVE('',#3195,#3193,#1803,.T.);
#4040=EDGE_CURVE('',#3194,#3195,#1804,.T.);
#4041=EDGE_CURVE('',#3188,#3194,#1805,.T.);
#4042=EDGE_CURVE('',#3190,#3195,#1806,.T.);
#4043=EDGE_CURVE('',#2691,#3196,#1807,.T.);
#4044=EDGE_CURVE('',#3197,#3196,#1808,.T.);
#4045=EDGE_CURVE('',#2692,#3197,#1809,.T.);
#4046=EDGE_CURVE('',#2689,#3198,#1810,.T.);
#4047=EDGE_CURVE('',#3196,#3198,#1811,.T.);
#4048=EDGE_CURVE('',#3199,#3197,#1812,.T.);
#4049=EDGE_CURVE('',#2690,#3199,#1813,.T.);
#4050=EDGE_CURVE('',#3198,#3199,#2632,.T.);
#4051=ORIENTED_EDGE('',*,*,#3200,.F.);
#4052=ORIENTED_EDGE('',*,*,#3201,.T.);
#4053=ORIENTED_EDGE('',*,*,#3202,.T.);
#4054=ORIENTED_EDGE('',*,*,#3203,.F.);
#4055=ORIENTED_EDGE('',*,*,#3204,.F.);
#4056=ORIENTED_EDGE('',*,*,#3203,.T.);
#4057=ORIENTED_EDGE('',*,*,#3205,.T.);
#4058=ORIENTED_EDGE('',*,*,#3206,.F.);
#4059=ORIENTED_EDGE('',*,*,#3207,.F.);
#4060=ORIENTED_EDGE('',*,*,#3206,.T.);
#4061=ORIENTED_EDGE('',*,*,#3208,.T.);
#4062=ORIENTED_EDGE('',*,*,#3209,.F.);
#4063=ORIENTED_EDGE('',*,*,#3210,.F.);
#4064=ORIENTED_EDGE('',*,*,#3209,.T.);
#4065=ORIENTED_EDGE('',*,*,#3211,.T.);
#4066=ORIENTED_EDGE('',*,*,#3212,.F.);
#4067=ORIENTED_EDGE('',*,*,#3213,.F.);
#4068=ORIENTED_EDGE('',*,*,#3214,.T.);
#4069=ORIENTED_EDGE('',*,*,#3215,.T.);
#4070=ORIENTED_EDGE('',*,*,#3201,.F.);
#4071=ORIENTED_EDGE('',*,*,#3216,.F.);
#4072=ORIENTED_EDGE('',*,*,#3212,.T.);
#4073=ORIENTED_EDGE('',*,*,#3217,.T.);
#4074=ORIENTED_EDGE('',*,*,#3214,.F.);
#4075=ORIENTED_EDGE('',*,*,#3217,.F.);
#4076=ORIENTED_EDGE('',*,*,#3211,.F.);
#4077=ORIENTED_EDGE('',*,*,#3208,.F.);
#4078=ORIENTED_EDGE('',*,*,#3205,.F.);
#4079=ORIENTED_EDGE('',*,*,#3202,.F.);
#4080=ORIENTED_EDGE('',*,*,#3215,.F.);
#4081=ORIENTED_EDGE('',*,*,#3218,.F.);
#4082=ORIENTED_EDGE('',*,*,#3219,.T.);
#4083=ORIENTED_EDGE('',*,*,#3220,.T.);
#4084=ORIENTED_EDGE('',*,*,#3221,.F.);
#4085=ORIENTED_EDGE('',*,*,#3222,.F.);
#4086=ORIENTED_EDGE('',*,*,#3221,.T.);
#4087=ORIENTED_EDGE('',*,*,#3223,.T.);
#4088=ORIENTED_EDGE('',*,*,#3224,.F.);
#4089=ORIENTED_EDGE('',*,*,#3225,.F.);
#4090=ORIENTED_EDGE('',*,*,#3224,.T.);
#4091=ORIENTED_EDGE('',*,*,#3226,.T.);
#4092=ORIENTED_EDGE('',*,*,#3227,.F.);
#4093=ORIENTED_EDGE('',*,*,#3228,.F.);
#4094=ORIENTED_EDGE('',*,*,#3229,.T.);
#4095=ORIENTED_EDGE('',*,*,#3230,.T.);
#4096=ORIENTED_EDGE('',*,*,#3219,.F.);
#4097=ORIENTED_EDGE('',*,*,#3231,.F.);
#4098=ORIENTED_EDGE('',*,*,#3227,.T.);
#4099=ORIENTED_EDGE('',*,*,#3232,.T.);
#4100=ORIENTED_EDGE('',*,*,#3229,.F.);
#4101=ORIENTED_EDGE('',*,*,#3232,.F.);
#4102=ORIENTED_EDGE('',*,*,#3226,.F.);
#4103=ORIENTED_EDGE('',*,*,#3223,.F.);
#4104=ORIENTED_EDGE('',*,*,#3220,.F.);
#4105=ORIENTED_EDGE('',*,*,#3230,.F.);
#4106=ORIENTED_EDGE('',*,*,#3233,.F.);
#4107=ORIENTED_EDGE('',*,*,#3234,.T.);
#4108=ORIENTED_EDGE('',*,*,#3235,.T.);
#4109=ORIENTED_EDGE('',*,*,#3236,.F.);
#4110=ORIENTED_EDGE('',*,*,#3237,.F.);
#4111=ORIENTED_EDGE('',*,*,#3236,.T.);
#4112=ORIENTED_EDGE('',*,*,#3238,.T.);
#4113=ORIENTED_EDGE('',*,*,#3239,.F.);
#4114=ORIENTED_EDGE('',*,*,#3240,.F.);
#4115=ORIENTED_EDGE('',*,*,#3239,.T.);
#4116=ORIENTED_EDGE('',*,*,#3241,.T.);
#4117=ORIENTED_EDGE('',*,*,#3242,.F.);
#4118=ORIENTED_EDGE('',*,*,#3243,.F.);
#4119=ORIENTED_EDGE('',*,*,#3244,.T.);
#4120=ORIENTED_EDGE('',*,*,#3245,.T.);
#4121=ORIENTED_EDGE('',*,*,#3234,.F.);
#4122=ORIENTED_EDGE('',*,*,#3246,.F.);
#4123=ORIENTED_EDGE('',*,*,#3242,.T.);
#4124=ORIENTED_EDGE('',*,*,#3247,.T.);
#4125=ORIENTED_EDGE('',*,*,#3244,.F.);
#4126=ORIENTED_EDGE('',*,*,#3247,.F.);
#4127=ORIENTED_EDGE('',*,*,#3241,.F.);
#4128=ORIENTED_EDGE('',*,*,#3238,.F.);
#4129=ORIENTED_EDGE('',*,*,#3235,.F.);
#4130=ORIENTED_EDGE('',*,*,#3245,.F.);
#4131=ORIENTED_EDGE('',*,*,#3248,.F.);
#4132=ORIENTED_EDGE('',*,*,#3249,.F.);
#4133=ORIENTED_EDGE('',*,*,#3250,.F.);
#4134=ORIENTED_EDGE('',*,*,#3251,.F.);
#4135=ORIENTED_EDGE('',*,*,#3252,.F.);
#4136=ORIENTED_EDGE('',*,*,#3253,.F.);
#4137=ORIENTED_EDGE('',*,*,#3254,.F.);
#4138=ORIENTED_EDGE('',*,*,#3255,.F.);
#4139=ORIENTED_EDGE('',*,*,#3256,.F.);
#4140=ORIENTED_EDGE('',*,*,#3253,.T.);
#4141=ORIENTED_EDGE('',*,*,#3257,.T.);
#4142=ORIENTED_EDGE('',*,*,#3258,.F.);
#4143=ORIENTED_EDGE('',*,*,#3259,.F.);
#4144=ORIENTED_EDGE('',*,*,#3252,.T.);
#4145=ORIENTED_EDGE('',*,*,#3260,.T.);
#4146=ORIENTED_EDGE('',*,*,#3261,.F.);
#4147=ORIENTED_EDGE('',*,*,#3257,.F.);
#4148=ORIENTED_EDGE('',*,*,#3251,.T.);
#4149=ORIENTED_EDGE('',*,*,#3262,.T.);
#4150=ORIENTED_EDGE('',*,*,#3263,.F.);
#4151=ORIENTED_EDGE('',*,*,#3260,.F.);
#4152=ORIENTED_EDGE('',*,*,#3250,.T.);
#4153=ORIENTED_EDGE('',*,*,#3264,.T.);
#4154=ORIENTED_EDGE('',*,*,#3265,.F.);
#4155=ORIENTED_EDGE('',*,*,#3262,.F.);
#4156=ORIENTED_EDGE('',*,*,#3249,.T.);
#4157=ORIENTED_EDGE('',*,*,#3266,.T.);
#4158=ORIENTED_EDGE('',*,*,#3267,.F.);
#4159=ORIENTED_EDGE('',*,*,#3264,.F.);
#4160=ORIENTED_EDGE('',*,*,#3268,.F.);
#4161=ORIENTED_EDGE('',*,*,#3269,.F.);
#4162=ORIENTED_EDGE('',*,*,#3270,.F.);
#4163=ORIENTED_EDGE('',*,*,#3271,.F.);
#4164=ORIENTED_EDGE('',*,*,#3272,.F.);
#4165=ORIENTED_EDGE('',*,*,#3273,.F.);
#4166=ORIENTED_EDGE('',*,*,#3274,.F.);
#4167=ORIENTED_EDGE('',*,*,#3275,.F.);
#4168=ORIENTED_EDGE('',*,*,#3276,.F.);
#4169=ORIENTED_EDGE('',*,*,#3277,.F.);
#4170=ORIENTED_EDGE('',*,*,#3271,.T.);
#4171=ORIENTED_EDGE('',*,*,#3278,.F.);
#4172=ORIENTED_EDGE('',*,*,#3279,.F.);
#4173=ORIENTED_EDGE('',*,*,#3280,.F.);
#4174=ORIENTED_EDGE('',*,*,#3281,.F.);
#4175=ORIENTED_EDGE('',*,*,#3277,.T.);
#4176=ORIENTED_EDGE('',*,*,#3282,.T.);
#4177=ORIENTED_EDGE('',*,*,#3283,.F.);
#4178=ORIENTED_EDGE('',*,*,#3284,.F.);
#4179=ORIENTED_EDGE('',*,*,#3276,.T.);
#4180=ORIENTED_EDGE('',*,*,#3285,.T.);
#4181=ORIENTED_EDGE('',*,*,#3286,.F.);
#4182=ORIENTED_EDGE('',*,*,#3282,.F.);
#4183=ORIENTED_EDGE('',*,*,#3275,.T.);
#4184=ORIENTED_EDGE('',*,*,#3287,.T.);
#4185=ORIENTED_EDGE('',*,*,#3288,.F.);
#4186=ORIENTED_EDGE('',*,*,#3285,.F.);
#4187=ORIENTED_EDGE('',*,*,#3274,.T.);
#4188=ORIENTED_EDGE('',*,*,#3289,.T.);
#4189=ORIENTED_EDGE('',*,*,#3290,.F.);
#4190=ORIENTED_EDGE('',*,*,#3287,.F.);
#4191=ORIENTED_EDGE('',*,*,#3273,.T.);
#4192=ORIENTED_EDGE('',*,*,#3291,.T.);
#4193=ORIENTED_EDGE('',*,*,#3292,.F.);
#4194=ORIENTED_EDGE('',*,*,#3289,.F.);
#4195=ORIENTED_EDGE('',*,*,#3293,.F.);
#4196=ORIENTED_EDGE('',*,*,#3294,.F.);
#4197=ORIENTED_EDGE('',*,*,#3295,.F.);
#4198=ORIENTED_EDGE('',*,*,#3296,.F.);
#4199=ORIENTED_EDGE('',*,*,#3297,.F.);
#4200=ORIENTED_EDGE('',*,*,#3298,.F.);
#4201=ORIENTED_EDGE('',*,*,#3299,.F.);
#4202=ORIENTED_EDGE('',*,*,#3300,.F.);
#4203=ORIENTED_EDGE('',*,*,#3301,.F.);
#4204=ORIENTED_EDGE('',*,*,#3302,.F.);
#4205=ORIENTED_EDGE('',*,*,#3303,.F.);
#4206=ORIENTED_EDGE('',*,*,#3304,.F.);
#4207=ORIENTED_EDGE('',*,*,#3305,.F.);
#4208=ORIENTED_EDGE('',*,*,#3306,.F.);
#4209=ORIENTED_EDGE('',*,*,#3307,.F.);
#4210=ORIENTED_EDGE('',*,*,#3308,.F.);
#4211=ORIENTED_EDGE('',*,*,#3305,.T.);
#4212=ORIENTED_EDGE('',*,*,#3309,.T.);
#4213=ORIENTED_EDGE('',*,*,#3310,.F.);
#4214=ORIENTED_EDGE('',*,*,#3311,.F.);
#4215=ORIENTED_EDGE('',*,*,#3304,.T.);
#4216=ORIENTED_EDGE('',*,*,#3312,.T.);
#4217=ORIENTED_EDGE('',*,*,#3313,.F.);
#4218=ORIENTED_EDGE('',*,*,#3309,.F.);
#4219=ORIENTED_EDGE('',*,*,#3303,.T.);
#4220=ORIENTED_EDGE('',*,*,#3311,.T.);
#4221=ORIENTED_EDGE('',*,*,#3314,.F.);
#4222=ORIENTED_EDGE('',*,*,#3312,.F.);
#4223=ORIENTED_EDGE('',*,*,#3314,.T.);
#4224=ORIENTED_EDGE('',*,*,#3310,.T.);
#4225=ORIENTED_EDGE('',*,*,#3313,.T.);
#4226=ORIENTED_EDGE('',*,*,#3308,.T.);
#4227=ORIENTED_EDGE('',*,*,#3315,.T.);
#4228=ORIENTED_EDGE('',*,*,#3316,.F.);
#4229=ORIENTED_EDGE('',*,*,#3317,.F.);
#4230=ORIENTED_EDGE('',*,*,#3307,.T.);
#4231=ORIENTED_EDGE('',*,*,#3318,.T.);
#4232=ORIENTED_EDGE('',*,*,#3319,.F.);
#4233=ORIENTED_EDGE('',*,*,#3315,.F.);
#4234=ORIENTED_EDGE('',*,*,#3306,.T.);
#4235=ORIENTED_EDGE('',*,*,#3317,.T.);
#4236=ORIENTED_EDGE('',*,*,#3320,.F.);
#4237=ORIENTED_EDGE('',*,*,#3318,.F.);
#4238=ORIENTED_EDGE('',*,*,#3320,.T.);
#4239=ORIENTED_EDGE('',*,*,#3316,.T.);
#4240=ORIENTED_EDGE('',*,*,#3319,.T.);
#4241=ORIENTED_EDGE('',*,*,#3298,.T.);
#4242=ORIENTED_EDGE('',*,*,#3321,.T.);
#4243=ORIENTED_EDGE('',*,*,#3322,.F.);
#4244=ORIENTED_EDGE('',*,*,#3323,.F.);
#4245=ORIENTED_EDGE('',*,*,#3297,.T.);
#4246=ORIENTED_EDGE('',*,*,#3324,.T.);
#4247=ORIENTED_EDGE('',*,*,#3325,.F.);
#4248=ORIENTED_EDGE('',*,*,#3321,.F.);
#4249=ORIENTED_EDGE('',*,*,#3296,.T.);
#4250=ORIENTED_EDGE('',*,*,#3326,.T.);
#4251=ORIENTED_EDGE('',*,*,#3327,.F.);
#4252=ORIENTED_EDGE('',*,*,#3324,.F.);
#4253=ORIENTED_EDGE('',*,*,#3295,.T.);
#4254=ORIENTED_EDGE('',*,*,#3328,.T.);
#4255=ORIENTED_EDGE('',*,*,#3329,.F.);
#4256=ORIENTED_EDGE('',*,*,#3326,.F.);
#4257=ORIENTED_EDGE('',*,*,#3294,.T.);
#4258=ORIENTED_EDGE('',*,*,#3330,.T.);
#4259=ORIENTED_EDGE('',*,*,#3331,.F.);
#4260=ORIENTED_EDGE('',*,*,#3328,.F.);
#4261=ORIENTED_EDGE('',*,*,#3332,.F.);
#4262=ORIENTED_EDGE('',*,*,#3333,.F.);
#4263=ORIENTED_EDGE('',*,*,#3334,.F.);
#4264=ORIENTED_EDGE('',*,*,#3335,.F.);
#4265=ORIENTED_EDGE('',*,*,#3336,.F.);
#4266=ORIENTED_EDGE('',*,*,#3337,.F.);
#4267=ORIENTED_EDGE('',*,*,#3338,.F.);
#4268=ORIENTED_EDGE('',*,*,#3336,.T.);
#4269=ORIENTED_EDGE('',*,*,#3339,.T.);
#4270=ORIENTED_EDGE('',*,*,#3340,.F.);
#4271=ORIENTED_EDGE('',*,*,#3341,.F.);
#4272=ORIENTED_EDGE('',*,*,#3335,.T.);
#4273=ORIENTED_EDGE('',*,*,#3342,.T.);
#4274=ORIENTED_EDGE('',*,*,#3343,.F.);
#4275=ORIENTED_EDGE('',*,*,#3339,.F.);
#4276=ORIENTED_EDGE('',*,*,#3334,.T.);
#4277=ORIENTED_EDGE('',*,*,#3344,.T.);
#4278=ORIENTED_EDGE('',*,*,#3345,.F.);
#4279=ORIENTED_EDGE('',*,*,#3342,.F.);
#4280=ORIENTED_EDGE('',*,*,#3333,.T.);
#4281=ORIENTED_EDGE('',*,*,#3346,.T.);
#4282=ORIENTED_EDGE('',*,*,#3347,.F.);
#4283=ORIENTED_EDGE('',*,*,#3344,.F.);
#4284=ORIENTED_EDGE('',*,*,#3348,.F.);
#4285=ORIENTED_EDGE('',*,*,#3349,.F.);
#4286=ORIENTED_EDGE('',*,*,#3350,.F.);
#4287=ORIENTED_EDGE('',*,*,#3351,.F.);
#4288=ORIENTED_EDGE('',*,*,#3350,.T.);
#4289=ORIENTED_EDGE('',*,*,#3352,.F.);
#4290=ORIENTED_EDGE('',*,*,#3353,.F.);
#4291=ORIENTED_EDGE('',*,*,#3354,.F.);
#4292=ORIENTED_EDGE('',*,*,#3349,.T.);
#4293=ORIENTED_EDGE('',*,*,#3355,.T.);
#4294=ORIENTED_EDGE('',*,*,#3356,.F.);
#4295=ORIENTED_EDGE('',*,*,#3357,.F.);
#4296=ORIENTED_EDGE('',*,*,#3358,.T.);
#4297=ORIENTED_EDGE('',*,*,#3359,.T.);
#4298=ORIENTED_EDGE('',*,*,#3360,.T.);
#4299=ORIENTED_EDGE('',*,*,#3361,.T.);
#4300=ORIENTED_EDGE('',*,*,#3362,.T.);
#4301=ORIENTED_EDGE('',*,*,#3363,.T.);
#4302=ORIENTED_EDGE('',*,*,#3364,.T.);
#4303=ORIENTED_EDGE('',*,*,#3365,.T.);
#4304=ORIENTED_EDGE('',*,*,#3366,.T.);
#4305=ORIENTED_EDGE('',*,*,#3367,.T.);
#4306=ORIENTED_EDGE('',*,*,#3368,.T.);
#4307=ORIENTED_EDGE('',*,*,#3369,.T.);
#4308=ORIENTED_EDGE('',*,*,#3370,.T.);
#4309=ORIENTED_EDGE('',*,*,#3371,.T.);
#4310=ORIENTED_EDGE('',*,*,#3372,.T.);
#4311=ORIENTED_EDGE('',*,*,#3352,.T.);
#4312=ORIENTED_EDGE('',*,*,#3373,.F.);
#4313=ORIENTED_EDGE('',*,*,#3366,.F.);
#4314=ORIENTED_EDGE('',*,*,#3374,.F.);
#4315=ORIENTED_EDGE('',*,*,#3375,.F.);
#4316=ORIENTED_EDGE('',*,*,#3374,.T.);
#4317=ORIENTED_EDGE('',*,*,#3365,.F.);
#4318=ORIENTED_EDGE('',*,*,#3376,.F.);
#4319=ORIENTED_EDGE('',*,*,#3377,.F.);
#4320=ORIENTED_EDGE('',*,*,#3378,.F.);
#4321=ORIENTED_EDGE('',*,*,#3379,.F.);
#4322=ORIENTED_EDGE('',*,*,#3358,.F.);
#4323=ORIENTED_EDGE('',*,*,#3380,.F.);
#4324=ORIENTED_EDGE('',*,*,#3379,.T.);
#4325=ORIENTED_EDGE('',*,*,#3381,.F.);
#4326=ORIENTED_EDGE('',*,*,#3382,.F.);
#4327=ORIENTED_EDGE('',*,*,#3359,.F.);
#4328=ORIENTED_EDGE('',*,*,#3383,.F.);
#4329=ORIENTED_EDGE('',*,*,#3384,.F.);
#4330=ORIENTED_EDGE('',*,*,#3385,.F.);
#4331=ORIENTED_EDGE('',*,*,#3386,.F.);
#4332=ORIENTED_EDGE('',*,*,#3385,.T.);
#4333=ORIENTED_EDGE('',*,*,#3387,.F.);
#4334=ORIENTED_EDGE('',*,*,#3388,.F.);
#4335=ORIENTED_EDGE('',*,*,#3389,.F.);
#4336=ORIENTED_EDGE('',*,*,#3384,.T.);
#4337=ORIENTED_EDGE('',*,*,#3390,.T.);
#4338=ORIENTED_EDGE('',*,*,#3391,.T.);
#4339=ORIENTED_EDGE('',*,*,#3392,.T.);
#4340=ORIENTED_EDGE('',*,*,#3393,.T.);
#4341=ORIENTED_EDGE('',*,*,#3394,.T.);
#4342=ORIENTED_EDGE('',*,*,#3395,.F.);
#4343=ORIENTED_EDGE('',*,*,#3396,.F.);
#4344=ORIENTED_EDGE('',*,*,#3397,.T.);
#4345=ORIENTED_EDGE('',*,*,#3398,.T.);
#4346=ORIENTED_EDGE('',*,*,#3399,.T.);
#4347=ORIENTED_EDGE('',*,*,#3400,.T.);
#4348=ORIENTED_EDGE('',*,*,#3401,.T.);
#4349=ORIENTED_EDGE('',*,*,#3402,.T.);
#4350=ORIENTED_EDGE('',*,*,#3403,.T.);
#4351=ORIENTED_EDGE('',*,*,#3404,.T.);
#4352=ORIENTED_EDGE('',*,*,#3405,.T.);
#4353=ORIENTED_EDGE('',*,*,#3406,.T.);
#4354=ORIENTED_EDGE('',*,*,#3407,.T.);
#4355=ORIENTED_EDGE('',*,*,#3387,.T.);
#4356=ORIENTED_EDGE('',*,*,#3408,.F.);
#4357=ORIENTED_EDGE('',*,*,#3401,.F.);
#4358=ORIENTED_EDGE('',*,*,#3409,.F.);
#4359=ORIENTED_EDGE('',*,*,#3410,.F.);
#4360=ORIENTED_EDGE('',*,*,#3409,.T.);
#4361=ORIENTED_EDGE('',*,*,#3400,.F.);
#4362=ORIENTED_EDGE('',*,*,#3411,.F.);
#4363=ORIENTED_EDGE('',*,*,#3412,.F.);
#4364=ORIENTED_EDGE('',*,*,#3413,.F.);
#4365=ORIENTED_EDGE('',*,*,#3414,.F.);
#4366=ORIENTED_EDGE('',*,*,#3415,.F.);
#4367=ORIENTED_EDGE('',*,*,#3416,.F.);
#4368=ORIENTED_EDGE('',*,*,#3415,.T.);
#4369=ORIENTED_EDGE('',*,*,#3417,.T.);
#4370=ORIENTED_EDGE('',*,*,#3418,.F.);
#4371=ORIENTED_EDGE('',*,*,#3419,.F.);
#4372=ORIENTED_EDGE('',*,*,#3414,.T.);
#4373=ORIENTED_EDGE('',*,*,#3420,.T.);
#4374=ORIENTED_EDGE('',*,*,#3421,.F.);
#4375=ORIENTED_EDGE('',*,*,#3417,.F.);
#4376=ORIENTED_EDGE('',*,*,#3422,.F.);
#4377=ORIENTED_EDGE('',*,*,#3423,.F.);
#4378=ORIENTED_EDGE('',*,*,#3424,.F.);
#4379=ORIENTED_EDGE('',*,*,#3425,.F.);
#4380=ORIENTED_EDGE('',*,*,#3424,.T.);
#4381=ORIENTED_EDGE('',*,*,#3426,.F.);
#4382=ORIENTED_EDGE('',*,*,#3427,.F.);
#4383=ORIENTED_EDGE('',*,*,#3428,.F.);
#4384=ORIENTED_EDGE('',*,*,#3423,.T.);
#4385=ORIENTED_EDGE('',*,*,#3429,.T.);
#4386=ORIENTED_EDGE('',*,*,#3430,.T.);
#4387=ORIENTED_EDGE('',*,*,#3431,.T.);
#4388=ORIENTED_EDGE('',*,*,#3432,.T.);
#4389=ORIENTED_EDGE('',*,*,#3433,.T.);
#4390=ORIENTED_EDGE('',*,*,#3434,.T.);
#4391=ORIENTED_EDGE('',*,*,#3435,.T.);
#4392=ORIENTED_EDGE('',*,*,#3436,.T.);
#4393=ORIENTED_EDGE('',*,*,#3437,.T.);
#4394=ORIENTED_EDGE('',*,*,#3438,.T.);
#4395=ORIENTED_EDGE('',*,*,#3439,.T.);
#4396=ORIENTED_EDGE('',*,*,#3440,.T.);
#4397=ORIENTED_EDGE('',*,*,#3441,.T.);
#4398=ORIENTED_EDGE('',*,*,#3442,.F.);
#4399=ORIENTED_EDGE('',*,*,#3443,.F.);
#4400=ORIENTED_EDGE('',*,*,#3444,.T.);
#4401=ORIENTED_EDGE('',*,*,#3445,.T.);
#4402=ORIENTED_EDGE('',*,*,#3446,.T.);
#4403=ORIENTED_EDGE('',*,*,#3426,.T.);
#4404=ORIENTED_EDGE('',*,*,#3447,.F.);
#4405=ORIENTED_EDGE('',*,*,#3448,.F.);
#4406=ORIENTED_EDGE('',*,*,#3449,.F.);
#4407=ORIENTED_EDGE('',*,*,#3450,.F.);
#4408=ORIENTED_EDGE('',*,*,#3449,.T.);
#4409=ORIENTED_EDGE('',*,*,#3451,.T.);
#4410=ORIENTED_EDGE('',*,*,#3452,.T.);
#4411=ORIENTED_EDGE('',*,*,#3453,.T.);
#4412=ORIENTED_EDGE('',*,*,#3454,.T.);
#4413=ORIENTED_EDGE('',*,*,#3455,.T.);
#4414=ORIENTED_EDGE('',*,*,#3456,.T.);
#4415=ORIENTED_EDGE('',*,*,#3457,.T.);
#4416=ORIENTED_EDGE('',*,*,#3458,.T.);
#4417=ORIENTED_EDGE('',*,*,#3459,.T.);
#4418=ORIENTED_EDGE('',*,*,#3460,.T.);
#4419=ORIENTED_EDGE('',*,*,#3461,.T.);
#4420=ORIENTED_EDGE('',*,*,#3462,.T.);
#4421=ORIENTED_EDGE('',*,*,#3463,.T.);
#4422=ORIENTED_EDGE('',*,*,#3464,.T.);
#4423=ORIENTED_EDGE('',*,*,#3465,.T.);
#4424=ORIENTED_EDGE('',*,*,#3466,.T.);
#4425=ORIENTED_EDGE('',*,*,#3467,.T.);
#4426=ORIENTED_EDGE('',*,*,#3468,.F.);
#4427=ORIENTED_EDGE('',*,*,#3469,.F.);
#4428=ORIENTED_EDGE('',*,*,#3448,.T.);
#4429=ORIENTED_EDGE('',*,*,#3470,.F.);
#4430=ORIENTED_EDGE('',*,*,#3471,.F.);
#4431=ORIENTED_EDGE('',*,*,#3451,.F.);
#4432=ORIENTED_EDGE('',*,*,#3472,.F.);
#4433=ORIENTED_EDGE('',*,*,#3473,.F.);
#4434=ORIENTED_EDGE('',*,*,#3474,.F.);
#4435=ORIENTED_EDGE('',*,*,#3466,.F.);
#4436=ORIENTED_EDGE('',*,*,#3474,.T.);
#4437=ORIENTED_EDGE('',*,*,#3475,.T.);
#4438=ORIENTED_EDGE('',*,*,#3476,.F.);
#4439=ORIENTED_EDGE('',*,*,#3467,.F.);
#4440=ORIENTED_EDGE('',*,*,#3447,.T.);
#4441=ORIENTED_EDGE('',*,*,#3477,.T.);
#4442=ORIENTED_EDGE('',*,*,#3478,.F.);
#4443=ORIENTED_EDGE('',*,*,#3475,.F.);
#4444=ORIENTED_EDGE('',*,*,#3473,.T.);
#4445=ORIENTED_EDGE('',*,*,#3479,.T.);
#4446=ORIENTED_EDGE('',*,*,#3480,.T.);
#4447=ORIENTED_EDGE('',*,*,#3481,.T.);
#4448=ORIENTED_EDGE('',*,*,#3482,.T.);
#4449=ORIENTED_EDGE('',*,*,#3483,.T.);
#4450=ORIENTED_EDGE('',*,*,#3484,.T.);
#4451=ORIENTED_EDGE('',*,*,#3485,.T.);
#4452=ORIENTED_EDGE('',*,*,#3486,.T.);
#4453=ORIENTED_EDGE('',*,*,#3487,.T.);
#4454=ORIENTED_EDGE('',*,*,#3488,.T.);
#4455=ORIENTED_EDGE('',*,*,#3489,.T.);
#4456=ORIENTED_EDGE('',*,*,#3490,.T.);
#4457=ORIENTED_EDGE('',*,*,#3491,.T.);
#4458=ORIENTED_EDGE('',*,*,#3492,.T.);
#4459=ORIENTED_EDGE('',*,*,#3470,.T.);
#4460=ORIENTED_EDGE('',*,*,#3493,.F.);
#4461=ORIENTED_EDGE('',*,*,#3494,.F.);
#4462=ORIENTED_EDGE('',*,*,#3495,.F.);
#4463=ORIENTED_EDGE('',*,*,#3496,.F.);
#4464=ORIENTED_EDGE('',*,*,#3495,.T.);
#4465=ORIENTED_EDGE('',*,*,#3497,.F.);
#4466=ORIENTED_EDGE('',*,*,#3498,.F.);
#4467=ORIENTED_EDGE('',*,*,#3499,.F.);
#4468=ORIENTED_EDGE('',*,*,#3494,.T.);
#4469=ORIENTED_EDGE('',*,*,#3500,.T.);
#4470=ORIENTED_EDGE('',*,*,#3501,.T.);
#4471=ORIENTED_EDGE('',*,*,#3502,.T.);
#4472=ORIENTED_EDGE('',*,*,#3503,.T.);
#4473=ORIENTED_EDGE('',*,*,#3504,.T.);
#4474=ORIENTED_EDGE('',*,*,#3505,.F.);
#4475=ORIENTED_EDGE('',*,*,#3506,.F.);
#4476=ORIENTED_EDGE('',*,*,#3507,.T.);
#4477=ORIENTED_EDGE('',*,*,#3508,.T.);
#4478=ORIENTED_EDGE('',*,*,#3509,.T.);
#4479=ORIENTED_EDGE('',*,*,#3510,.T.);
#4480=ORIENTED_EDGE('',*,*,#3511,.T.);
#4481=ORIENTED_EDGE('',*,*,#3512,.T.);
#4482=ORIENTED_EDGE('',*,*,#3513,.T.);
#4483=ORIENTED_EDGE('',*,*,#3514,.T.);
#4484=ORIENTED_EDGE('',*,*,#3515,.T.);
#4485=ORIENTED_EDGE('',*,*,#3516,.T.);
#4486=ORIENTED_EDGE('',*,*,#3517,.T.);
#4487=ORIENTED_EDGE('',*,*,#3497,.T.);
#4488=ORIENTED_EDGE('',*,*,#3518,.F.);
#4489=ORIENTED_EDGE('',*,*,#3519,.F.);
#4490=ORIENTED_EDGE('',*,*,#3520,.F.);
#4491=ORIENTED_EDGE('',*,*,#3521,.F.);
#4492=ORIENTED_EDGE('',*,*,#3520,.T.);
#4493=ORIENTED_EDGE('',*,*,#3522,.F.);
#4494=ORIENTED_EDGE('',*,*,#3523,.F.);
#4495=ORIENTED_EDGE('',*,*,#3524,.F.);
#4496=ORIENTED_EDGE('',*,*,#3519,.T.);
#4497=ORIENTED_EDGE('',*,*,#3525,.T.);
#4498=ORIENTED_EDGE('',*,*,#3526,.T.);
#4499=ORIENTED_EDGE('',*,*,#3527,.T.);
#4500=ORIENTED_EDGE('',*,*,#3528,.T.);
#4501=ORIENTED_EDGE('',*,*,#3529,.T.);
#4502=ORIENTED_EDGE('',*,*,#3530,.T.);
#4503=ORIENTED_EDGE('',*,*,#3531,.T.);
#4504=ORIENTED_EDGE('',*,*,#3532,.T.);
#4505=ORIENTED_EDGE('',*,*,#3533,.T.);
#4506=ORIENTED_EDGE('',*,*,#3534,.F.);
#4507=ORIENTED_EDGE('',*,*,#3535,.F.);
#4508=ORIENTED_EDGE('',*,*,#3536,.T.);
#4509=ORIENTED_EDGE('',*,*,#3537,.T.);
#4510=ORIENTED_EDGE('',*,*,#3538,.T.);
#4511=ORIENTED_EDGE('',*,*,#3539,.T.);
#4512=ORIENTED_EDGE('',*,*,#3540,.T.);
#4513=ORIENTED_EDGE('',*,*,#3541,.T.);
#4514=ORIENTED_EDGE('',*,*,#3542,.T.);
#4515=ORIENTED_EDGE('',*,*,#3522,.T.);
#4516=ORIENTED_EDGE('',*,*,#3543,.F.);
#4517=ORIENTED_EDGE('',*,*,#3544,.F.);
#4518=ORIENTED_EDGE('',*,*,#3545,.F.);
#4519=ORIENTED_EDGE('',*,*,#3546,.F.);
#4520=ORIENTED_EDGE('',*,*,#3545,.T.);
#4521=ORIENTED_EDGE('',*,*,#3547,.T.);
#4522=ORIENTED_EDGE('',*,*,#3548,.F.);
#4523=ORIENTED_EDGE('',*,*,#3549,.F.);
#4524=ORIENTED_EDGE('',*,*,#3544,.T.);
#4525=ORIENTED_EDGE('',*,*,#3550,.T.);
#4526=ORIENTED_EDGE('',*,*,#3551,.F.);
#4527=ORIENTED_EDGE('',*,*,#3547,.F.);
#4528=ORIENTED_EDGE('',*,*,#3552,.F.);
#4529=ORIENTED_EDGE('',*,*,#3553,.F.);
#4530=ORIENTED_EDGE('',*,*,#3554,.F.);
#4531=ORIENTED_EDGE('',*,*,#3555,.F.);
#4532=ORIENTED_EDGE('',*,*,#3554,.T.);
#4533=ORIENTED_EDGE('',*,*,#3556,.F.);
#4534=ORIENTED_EDGE('',*,*,#3557,.F.);
#4535=ORIENTED_EDGE('',*,*,#3558,.F.);
#4536=ORIENTED_EDGE('',*,*,#3553,.T.);
#4537=ORIENTED_EDGE('',*,*,#3559,.T.);
#4538=ORIENTED_EDGE('',*,*,#3560,.T.);
#4539=ORIENTED_EDGE('',*,*,#3561,.T.);
#4540=ORIENTED_EDGE('',*,*,#3562,.T.);
#4541=ORIENTED_EDGE('',*,*,#3563,.T.);
#4542=ORIENTED_EDGE('',*,*,#3564,.T.);
#4543=ORIENTED_EDGE('',*,*,#3565,.T.);
#4544=ORIENTED_EDGE('',*,*,#3566,.T.);
#4545=ORIENTED_EDGE('',*,*,#3567,.T.);
#4546=ORIENTED_EDGE('',*,*,#3568,.T.);
#4547=ORIENTED_EDGE('',*,*,#3569,.T.);
#4548=ORIENTED_EDGE('',*,*,#3570,.T.);
#4549=ORIENTED_EDGE('',*,*,#3571,.T.);
#4550=ORIENTED_EDGE('',*,*,#3572,.F.);
#4551=ORIENTED_EDGE('',*,*,#3573,.F.);
#4552=ORIENTED_EDGE('',*,*,#3574,.T.);
#4553=ORIENTED_EDGE('',*,*,#3575,.T.);
#4554=ORIENTED_EDGE('',*,*,#3576,.T.);
#4555=ORIENTED_EDGE('',*,*,#3556,.T.);
#4556=ORIENTED_EDGE('',*,*,#3577,.F.);
#4557=ORIENTED_EDGE('',*,*,#3578,.F.);
#4558=ORIENTED_EDGE('',*,*,#3579,.F.);
#4559=ORIENTED_EDGE('',*,*,#3580,.F.);
#4560=ORIENTED_EDGE('',*,*,#3579,.T.);
#4561=ORIENTED_EDGE('',*,*,#3581,.F.);
#4562=ORIENTED_EDGE('',*,*,#3582,.F.);
#4563=ORIENTED_EDGE('',*,*,#3583,.F.);
#4564=ORIENTED_EDGE('',*,*,#3578,.T.);
#4565=ORIENTED_EDGE('',*,*,#3584,.T.);
#4566=ORIENTED_EDGE('',*,*,#3585,.T.);
#4567=ORIENTED_EDGE('',*,*,#3586,.T.);
#4568=ORIENTED_EDGE('',*,*,#3587,.T.);
#4569=ORIENTED_EDGE('',*,*,#3588,.T.);
#4570=ORIENTED_EDGE('',*,*,#3589,.T.);
#4571=ORIENTED_EDGE('',*,*,#3590,.T.);
#4572=ORIENTED_EDGE('',*,*,#3591,.T.);
#4573=ORIENTED_EDGE('',*,*,#3592,.T.);
#4574=ORIENTED_EDGE('',*,*,#3593,.F.);
#4575=ORIENTED_EDGE('',*,*,#3594,.F.);
#4576=ORIENTED_EDGE('',*,*,#3595,.T.);
#4577=ORIENTED_EDGE('',*,*,#3596,.T.);
#4578=ORIENTED_EDGE('',*,*,#3597,.T.);
#4579=ORIENTED_EDGE('',*,*,#3598,.T.);
#4580=ORIENTED_EDGE('',*,*,#3599,.T.);
#4581=ORIENTED_EDGE('',*,*,#3600,.T.);
#4582=ORIENTED_EDGE('',*,*,#3601,.T.);
#4583=ORIENTED_EDGE('',*,*,#3581,.T.);
#4584=ORIENTED_EDGE('',*,*,#3602,.F.);
#4585=ORIENTED_EDGE('',*,*,#3587,.F.);
#4586=ORIENTED_EDGE('',*,*,#3603,.F.);
#4587=ORIENTED_EDGE('',*,*,#3604,.F.);
#4588=ORIENTED_EDGE('',*,*,#3603,.T.);
#4589=ORIENTED_EDGE('',*,*,#3586,.F.);
#4590=ORIENTED_EDGE('',*,*,#3605,.F.);
#4591=ORIENTED_EDGE('',*,*,#3606,.F.);
#4592=ORIENTED_EDGE('',*,*,#3607,.F.);
#4593=ORIENTED_EDGE('',*,*,#3574,.F.);
#4594=ORIENTED_EDGE('',*,*,#3608,.F.);
#4595=ORIENTED_EDGE('',*,*,#3609,.F.);
#4596=ORIENTED_EDGE('',*,*,#3608,.T.);
#4597=ORIENTED_EDGE('',*,*,#3573,.T.);
#4598=ORIENTED_EDGE('',*,*,#3610,.F.);
#4599=ORIENTED_EDGE('',*,*,#3611,.F.);
#4600=ORIENTED_EDGE('',*,*,#3612,.F.);
#4601=ORIENTED_EDGE('',*,*,#3613,.F.);
#4602=ORIENTED_EDGE('',*,*,#3570,.F.);
#4603=ORIENTED_EDGE('',*,*,#3614,.F.);
#4604=ORIENTED_EDGE('',*,*,#3613,.T.);
#4605=ORIENTED_EDGE('',*,*,#3615,.T.);
#4606=ORIENTED_EDGE('',*,*,#3616,.F.);
#4607=ORIENTED_EDGE('',*,*,#3571,.F.);
#4608=ORIENTED_EDGE('',*,*,#3617,.F.);
#4609=ORIENTED_EDGE('',*,*,#3540,.F.);
#4610=ORIENTED_EDGE('',*,*,#3618,.F.);
#4611=ORIENTED_EDGE('',*,*,#3619,.F.);
#4612=ORIENTED_EDGE('',*,*,#3618,.T.);
#4613=ORIENTED_EDGE('',*,*,#3539,.F.);
#4614=ORIENTED_EDGE('',*,*,#3620,.F.);
#4615=ORIENTED_EDGE('',*,*,#3621,.F.);
#4616=ORIENTED_EDGE('',*,*,#3503,.F.);
#4617=ORIENTED_EDGE('',*,*,#3622,.F.);
#4618=ORIENTED_EDGE('',*,*,#3623,.F.);
#4619=ORIENTED_EDGE('',*,*,#3624,.F.);
#4620=ORIENTED_EDGE('',*,*,#3496,.T.);
#4621=ORIENTED_EDGE('',*,*,#3499,.T.);
#4622=ORIENTED_EDGE('',*,*,#3625,.T.);
#4623=ORIENTED_EDGE('',*,*,#3626,.T.);
#4624=ORIENTED_EDGE('',*,*,#3627,.T.);
#4625=ORIENTED_EDGE('',*,*,#3628,.T.);
#4626=ORIENTED_EDGE('',*,*,#3629,.T.);
#4627=ORIENTED_EDGE('',*,*,#3630,.T.);
#4628=ORIENTED_EDGE('',*,*,#3631,.T.);
#4629=ORIENTED_EDGE('',*,*,#3632,.T.);
#4630=ORIENTED_EDGE('',*,*,#3633,.T.);
#4631=ORIENTED_EDGE('',*,*,#3634,.T.);
#4632=ORIENTED_EDGE('',*,*,#3635,.T.);
#4633=ORIENTED_EDGE('',*,*,#3636,.T.);
#4634=ORIENTED_EDGE('',*,*,#3637,.F.);
#4635=ORIENTED_EDGE('',*,*,#3638,.F.);
#4636=ORIENTED_EDGE('',*,*,#3623,.T.);
#4637=ORIENTED_EDGE('',*,*,#3639,.T.);
#4638=ORIENTED_EDGE('',*,*,#3640,.T.);
#4639=ORIENTED_EDGE('',*,*,#3641,.T.);
#4640=ORIENTED_EDGE('',*,*,#3622,.T.);
#4641=ORIENTED_EDGE('',*,*,#3502,.F.);
#4642=ORIENTED_EDGE('',*,*,#3642,.F.);
#4643=ORIENTED_EDGE('',*,*,#3639,.F.);
#4644=ORIENTED_EDGE('',*,*,#3643,.F.);
#4645=ORIENTED_EDGE('',*,*,#3507,.F.);
#4646=ORIENTED_EDGE('',*,*,#3644,.F.);
#4647=ORIENTED_EDGE('',*,*,#3635,.F.);
#4648=ORIENTED_EDGE('',*,*,#3644,.T.);
#4649=ORIENTED_EDGE('',*,*,#3506,.T.);
#4650=ORIENTED_EDGE('',*,*,#3645,.F.);
#4651=ORIENTED_EDGE('',*,*,#3636,.F.);
#4652=ORIENTED_EDGE('',*,*,#3646,.F.);
#4653=ORIENTED_EDGE('',*,*,#3490,.F.);
#4654=ORIENTED_EDGE('',*,*,#3647,.F.);
#4655=ORIENTED_EDGE('',*,*,#3454,.F.);
#4656=ORIENTED_EDGE('',*,*,#3647,.T.);
#4657=ORIENTED_EDGE('',*,*,#3489,.F.);
#4658=ORIENTED_EDGE('',*,*,#3648,.F.);
#4659=ORIENTED_EDGE('',*,*,#3455,.F.);
#4660=ORIENTED_EDGE('',*,*,#3649,.F.);
#4661=ORIENTED_EDGE('',*,*,#3432,.F.);
#4662=ORIENTED_EDGE('',*,*,#3650,.F.);
#4663=ORIENTED_EDGE('',*,*,#3651,.F.);
#4664=ORIENTED_EDGE('',*,*,#3650,.T.);
#4665=ORIENTED_EDGE('',*,*,#3431,.F.);
#4666=ORIENTED_EDGE('',*,*,#3652,.F.);
#4667=ORIENTED_EDGE('',*,*,#3653,.F.);
#4668=ORIENTED_EDGE('',*,*,#3654,.F.);
#4669=ORIENTED_EDGE('',*,*,#3655,.F.);
#4670=ORIENTED_EDGE('',*,*,#3656,.F.);
#4671=ORIENTED_EDGE('',*,*,#3657,.F.);
#4672=ORIENTED_EDGE('',*,*,#3656,.T.);
#4673=ORIENTED_EDGE('',*,*,#3658,.T.);
#4674=ORIENTED_EDGE('',*,*,#3659,.F.);
#4675=ORIENTED_EDGE('',*,*,#3660,.F.);
#4676=ORIENTED_EDGE('',*,*,#3655,.T.);
#4677=ORIENTED_EDGE('',*,*,#3661,.T.);
#4678=ORIENTED_EDGE('',*,*,#3662,.F.);
#4679=ORIENTED_EDGE('',*,*,#3658,.F.);
#4680=ORIENTED_EDGE('',*,*,#3663,.F.);
#4681=ORIENTED_EDGE('',*,*,#3664,.F.);
#4682=ORIENTED_EDGE('',*,*,#3665,.F.);
#4683=ORIENTED_EDGE('',*,*,#3666,.F.);
#4684=ORIENTED_EDGE('',*,*,#3665,.T.);
#4685=ORIENTED_EDGE('',*,*,#3667,.F.);
#4686=ORIENTED_EDGE('',*,*,#3668,.F.);
#4687=ORIENTED_EDGE('',*,*,#3669,.F.);
#4688=ORIENTED_EDGE('',*,*,#3664,.T.);
#4689=ORIENTED_EDGE('',*,*,#3670,.T.);
#4690=ORIENTED_EDGE('',*,*,#3671,.T.);
#4691=ORIENTED_EDGE('',*,*,#3672,.T.);
#4692=ORIENTED_EDGE('',*,*,#3673,.T.);
#4693=ORIENTED_EDGE('',*,*,#3674,.T.);
#4694=ORIENTED_EDGE('',*,*,#3675,.T.);
#4695=ORIENTED_EDGE('',*,*,#3676,.T.);
#4696=ORIENTED_EDGE('',*,*,#3677,.T.);
#4697=ORIENTED_EDGE('',*,*,#3678,.T.);
#4698=ORIENTED_EDGE('',*,*,#3679,.T.);
#4699=ORIENTED_EDGE('',*,*,#3680,.T.);
#4700=ORIENTED_EDGE('',*,*,#3681,.T.);
#4701=ORIENTED_EDGE('',*,*,#3682,.T.);
#4702=ORIENTED_EDGE('',*,*,#3683,.F.);
#4703=ORIENTED_EDGE('',*,*,#3684,.F.);
#4704=ORIENTED_EDGE('',*,*,#3685,.T.);
#4705=ORIENTED_EDGE('',*,*,#3686,.T.);
#4706=ORIENTED_EDGE('',*,*,#3687,.T.);
#4707=ORIENTED_EDGE('',*,*,#3667,.T.);
#4708=ORIENTED_EDGE('',*,*,#3688,.F.);
#4709=ORIENTED_EDGE('',*,*,#3677,.F.);
#4710=ORIENTED_EDGE('',*,*,#3689,.F.);
#4711=ORIENTED_EDGE('',*,*,#3690,.F.);
#4712=ORIENTED_EDGE('',*,*,#3689,.T.);
#4713=ORIENTED_EDGE('',*,*,#3676,.F.);
#4714=ORIENTED_EDGE('',*,*,#3691,.F.);
#4715=ORIENTED_EDGE('',*,*,#3692,.F.);
#4716=ORIENTED_EDGE('',*,*,#3693,.F.);
#4717=ORIENTED_EDGE('',*,*,#3694,.F.);
#4718=ORIENTED_EDGE('',*,*,#3695,.F.);
#4719=ORIENTED_EDGE('',*,*,#3696,.F.);
#4720=ORIENTED_EDGE('',*,*,#3695,.T.);
#4721=ORIENTED_EDGE('',*,*,#3697,.T.);
#4722=ORIENTED_EDGE('',*,*,#3698,.F.);
#4723=ORIENTED_EDGE('',*,*,#3699,.F.);
#4724=ORIENTED_EDGE('',*,*,#3700,.T.);
#4725=ORIENTED_EDGE('',*,*,#3701,.T.);
#4726=ORIENTED_EDGE('',*,*,#3702,.T.);
#4727=ORIENTED_EDGE('',*,*,#3703,.T.);
#4728=ORIENTED_EDGE('',*,*,#3704,.T.);
#4729=ORIENTED_EDGE('',*,*,#3705,.T.);
#4730=ORIENTED_EDGE('',*,*,#3706,.T.);
#4731=ORIENTED_EDGE('',*,*,#3707,.T.);
#4732=ORIENTED_EDGE('',*,*,#3708,.T.);
#4733=ORIENTED_EDGE('',*,*,#3709,.T.);
#4734=ORIENTED_EDGE('',*,*,#3710,.T.);
#4735=ORIENTED_EDGE('',*,*,#3711,.T.);
#4736=ORIENTED_EDGE('',*,*,#3712,.T.);
#4737=ORIENTED_EDGE('',*,*,#3713,.T.);
#4738=ORIENTED_EDGE('',*,*,#3714,.T.);
#4739=ORIENTED_EDGE('',*,*,#3715,.T.);
#4740=ORIENTED_EDGE('',*,*,#3694,.T.);
#4741=ORIENTED_EDGE('',*,*,#3716,.T.);
#4742=ORIENTED_EDGE('',*,*,#3717,.F.);
#4743=ORIENTED_EDGE('',*,*,#3697,.F.);
#4744=ORIENTED_EDGE('',*,*,#3718,.F.);
#4745=ORIENTED_EDGE('',*,*,#3719,.F.);
#4746=ORIENTED_EDGE('',*,*,#3720,.F.);
#4747=ORIENTED_EDGE('',*,*,#3708,.F.);
#4748=ORIENTED_EDGE('',*,*,#3720,.T.);
#4749=ORIENTED_EDGE('',*,*,#3721,.F.);
#4750=ORIENTED_EDGE('',*,*,#3722,.F.);
#4751=ORIENTED_EDGE('',*,*,#3709,.F.);
#4752=ORIENTED_EDGE('',*,*,#3693,.T.);
#4753=ORIENTED_EDGE('',*,*,#3723,.T.);
#4754=ORIENTED_EDGE('',*,*,#3724,.T.);
#4755=ORIENTED_EDGE('',*,*,#3725,.T.);
#4756=ORIENTED_EDGE('',*,*,#3726,.T.);
#4757=ORIENTED_EDGE('',*,*,#3727,.T.);
#4758=ORIENTED_EDGE('',*,*,#3728,.T.);
#4759=ORIENTED_EDGE('',*,*,#3721,.T.);
#4760=ORIENTED_EDGE('',*,*,#3719,.T.);
#4761=ORIENTED_EDGE('',*,*,#3729,.T.);
#4762=ORIENTED_EDGE('',*,*,#3730,.T.);
#4763=ORIENTED_EDGE('',*,*,#3731,.T.);
#4764=ORIENTED_EDGE('',*,*,#3732,.T.);
#4765=ORIENTED_EDGE('',*,*,#3733,.T.);
#4766=ORIENTED_EDGE('',*,*,#3734,.T.);
#4767=ORIENTED_EDGE('',*,*,#3735,.T.);
#4768=ORIENTED_EDGE('',*,*,#3736,.T.);
#4769=ORIENTED_EDGE('',*,*,#3737,.T.);
#4770=ORIENTED_EDGE('',*,*,#3738,.F.);
#4771=ORIENTED_EDGE('',*,*,#3716,.F.);
#4772=ORIENTED_EDGE('',*,*,#3739,.F.);
#4773=ORIENTED_EDGE('',*,*,#3700,.F.);
#4774=ORIENTED_EDGE('',*,*,#3740,.F.);
#4775=ORIENTED_EDGE('',*,*,#3736,.F.);
#4776=ORIENTED_EDGE('',*,*,#3740,.T.);
#4777=ORIENTED_EDGE('',*,*,#3699,.T.);
#4778=ORIENTED_EDGE('',*,*,#3741,.F.);
#4779=ORIENTED_EDGE('',*,*,#3737,.F.);
#4780=ORIENTED_EDGE('',*,*,#3742,.F.);
#4781=ORIENTED_EDGE('',*,*,#3370,.F.);
#4782=ORIENTED_EDGE('',*,*,#3743,.F.);
#4783=ORIENTED_EDGE('',*,*,#3744,.F.);
#4784=ORIENTED_EDGE('',*,*,#3743,.T.);
#4785=ORIENTED_EDGE('',*,*,#3369,.F.);
#4786=ORIENTED_EDGE('',*,*,#3745,.F.);
#4787=ORIENTED_EDGE('',*,*,#3746,.F.);
#4788=ORIENTED_EDGE('',*,*,#3747,.F.);
#4789=ORIENTED_EDGE('',*,*,#3362,.F.);
#4790=ORIENTED_EDGE('',*,*,#3748,.F.);
#4791=ORIENTED_EDGE('',*,*,#3749,.F.);
#4792=ORIENTED_EDGE('',*,*,#3748,.T.);
#4793=ORIENTED_EDGE('',*,*,#3361,.F.);
#4794=ORIENTED_EDGE('',*,*,#3750,.F.);
#4795=ORIENTED_EDGE('',*,*,#3751,.F.);
#4796=ORIENTED_EDGE('',*,*,#3752,.F.);
#4797=ORIENTED_EDGE('',*,*,#3753,.F.);
#4798=ORIENTED_EDGE('',*,*,#3754,.F.);
#4799=ORIENTED_EDGE('',*,*,#3393,.F.);
#4800=ORIENTED_EDGE('',*,*,#3754,.T.);
#4801=ORIENTED_EDGE('',*,*,#3755,.T.);
#4802=ORIENTED_EDGE('',*,*,#3756,.F.);
#4803=ORIENTED_EDGE('',*,*,#3394,.F.);
#4804=ORIENTED_EDGE('',*,*,#3386,.T.);
#4805=ORIENTED_EDGE('',*,*,#3389,.T.);
#4806=ORIENTED_EDGE('',*,*,#3757,.T.);
#4807=ORIENTED_EDGE('',*,*,#3758,.T.);
#4808=ORIENTED_EDGE('',*,*,#3759,.T.);
#4809=ORIENTED_EDGE('',*,*,#3760,.T.);
#4810=ORIENTED_EDGE('',*,*,#3761,.T.);
#4811=ORIENTED_EDGE('',*,*,#3762,.T.);
#4812=ORIENTED_EDGE('',*,*,#3410,.T.);
#4813=ORIENTED_EDGE('',*,*,#3412,.T.);
#4814=ORIENTED_EDGE('',*,*,#3763,.T.);
#4815=ORIENTED_EDGE('',*,*,#3764,.T.);
#4816=ORIENTED_EDGE('',*,*,#3765,.T.);
#4817=ORIENTED_EDGE('',*,*,#3766,.T.);
#4818=ORIENTED_EDGE('',*,*,#3767,.F.);
#4819=ORIENTED_EDGE('',*,*,#3755,.F.);
#4820=ORIENTED_EDGE('',*,*,#3753,.T.);
#4821=ORIENTED_EDGE('',*,*,#3768,.T.);
#4822=ORIENTED_EDGE('',*,*,#3769,.T.);
#4823=ORIENTED_EDGE('',*,*,#3770,.T.);
#4824=ORIENTED_EDGE('',*,*,#3771,.F.);
#4825=ORIENTED_EDGE('',*,*,#3405,.F.);
#4826=ORIENTED_EDGE('',*,*,#3772,.F.);
#4827=ORIENTED_EDGE('',*,*,#3759,.F.);
#4828=ORIENTED_EDGE('',*,*,#3772,.T.);
#4829=ORIENTED_EDGE('',*,*,#3404,.F.);
#4830=ORIENTED_EDGE('',*,*,#3773,.F.);
#4831=ORIENTED_EDGE('',*,*,#3760,.F.);
#4832=ORIENTED_EDGE('',*,*,#3397,.F.);
#4833=ORIENTED_EDGE('',*,*,#3774,.F.);
#4834=ORIENTED_EDGE('',*,*,#3765,.F.);
#4835=ORIENTED_EDGE('',*,*,#3775,.F.);
#4836=ORIENTED_EDGE('',*,*,#3774,.T.);
#4837=ORIENTED_EDGE('',*,*,#3396,.T.);
#4838=ORIENTED_EDGE('',*,*,#3776,.F.);
#4839=ORIENTED_EDGE('',*,*,#3766,.F.);
#4840=ORIENTED_EDGE('',*,*,#3444,.F.);
#4841=ORIENTED_EDGE('',*,*,#3777,.F.);
#4842=ORIENTED_EDGE('',*,*,#3778,.F.);
#4843=ORIENTED_EDGE('',*,*,#3779,.F.);
#4844=ORIENTED_EDGE('',*,*,#3425,.T.);
#4845=ORIENTED_EDGE('',*,*,#3428,.T.);
#4846=ORIENTED_EDGE('',*,*,#3780,.T.);
#4847=ORIENTED_EDGE('',*,*,#3781,.T.);
#4848=ORIENTED_EDGE('',*,*,#3778,.T.);
#4849=ORIENTED_EDGE('',*,*,#3782,.T.);
#4850=ORIENTED_EDGE('',*,*,#3783,.F.);
#4851=ORIENTED_EDGE('',*,*,#3784,.F.);
#4852=ORIENTED_EDGE('',*,*,#3785,.T.);
#4853=ORIENTED_EDGE('',*,*,#3786,.T.);
#4854=ORIENTED_EDGE('',*,*,#3787,.T.);
#4855=ORIENTED_EDGE('',*,*,#3788,.T.);
#4856=ORIENTED_EDGE('',*,*,#3789,.T.);
#4857=ORIENTED_EDGE('',*,*,#3790,.T.);
#4858=ORIENTED_EDGE('',*,*,#3791,.T.);
#4859=ORIENTED_EDGE('',*,*,#3792,.T.);
#4860=ORIENTED_EDGE('',*,*,#3651,.T.);
#4861=ORIENTED_EDGE('',*,*,#3653,.T.);
#4862=ORIENTED_EDGE('',*,*,#3793,.T.);
#4863=ORIENTED_EDGE('',*,*,#3794,.T.);
#4864=ORIENTED_EDGE('',*,*,#3777,.T.);
#4865=ORIENTED_EDGE('',*,*,#3443,.T.);
#4866=ORIENTED_EDGE('',*,*,#3795,.F.);
#4867=ORIENTED_EDGE('',*,*,#3782,.F.);
#4868=ORIENTED_EDGE('',*,*,#3796,.F.);
#4869=ORIENTED_EDGE('',*,*,#3785,.F.);
#4870=ORIENTED_EDGE('',*,*,#3797,.F.);
#4871=ORIENTED_EDGE('',*,*,#3440,.F.);
#4872=ORIENTED_EDGE('',*,*,#3797,.T.);
#4873=ORIENTED_EDGE('',*,*,#3784,.T.);
#4874=ORIENTED_EDGE('',*,*,#3798,.F.);
#4875=ORIENTED_EDGE('',*,*,#3441,.F.);
#4876=ORIENTED_EDGE('',*,*,#3799,.F.);
#4877=ORIENTED_EDGE('',*,*,#3462,.F.);
#4878=ORIENTED_EDGE('',*,*,#3800,.F.);
#4879=ORIENTED_EDGE('',*,*,#3482,.F.);
#4880=ORIENTED_EDGE('',*,*,#3800,.T.);
#4881=ORIENTED_EDGE('',*,*,#3461,.F.);
#4882=ORIENTED_EDGE('',*,*,#3801,.F.);
#4883=ORIENTED_EDGE('',*,*,#3483,.F.);
#4884=ORIENTED_EDGE('',*,*,#3802,.F.);
#4885=ORIENTED_EDGE('',*,*,#3627,.F.);
#4886=ORIENTED_EDGE('',*,*,#3803,.F.);
#4887=ORIENTED_EDGE('',*,*,#3515,.F.);
#4888=ORIENTED_EDGE('',*,*,#3803,.T.);
#4889=ORIENTED_EDGE('',*,*,#3626,.F.);
#4890=ORIENTED_EDGE('',*,*,#3804,.F.);
#4891=ORIENTED_EDGE('',*,*,#3516,.F.);
#4892=ORIENTED_EDGE('',*,*,#3805,.F.);
#4893=ORIENTED_EDGE('',*,*,#3806,.F.);
#4894=ORIENTED_EDGE('',*,*,#3807,.F.);
#4895=ORIENTED_EDGE('',*,*,#3528,.F.);
#4896=ORIENTED_EDGE('',*,*,#3807,.T.);
#4897=ORIENTED_EDGE('',*,*,#3808,.F.);
#4898=ORIENTED_EDGE('',*,*,#3809,.F.);
#4899=ORIENTED_EDGE('',*,*,#3529,.F.);
#4900=ORIENTED_EDGE('',*,*,#3521,.T.);
#4901=ORIENTED_EDGE('',*,*,#3524,.T.);
#4902=ORIENTED_EDGE('',*,*,#3810,.T.);
#4903=ORIENTED_EDGE('',*,*,#3811,.T.);
#4904=ORIENTED_EDGE('',*,*,#3619,.T.);
#4905=ORIENTED_EDGE('',*,*,#3621,.T.);
#4906=ORIENTED_EDGE('',*,*,#3812,.T.);
#4907=ORIENTED_EDGE('',*,*,#3813,.T.);
#4908=ORIENTED_EDGE('',*,*,#3814,.T.);
#4909=ORIENTED_EDGE('',*,*,#3815,.T.);
#4910=ORIENTED_EDGE('',*,*,#3816,.F.);
#4911=ORIENTED_EDGE('',*,*,#3817,.F.);
#4912=ORIENTED_EDGE('',*,*,#3818,.T.);
#4913=ORIENTED_EDGE('',*,*,#3819,.T.);
#4914=ORIENTED_EDGE('',*,*,#3820,.T.);
#4915=ORIENTED_EDGE('',*,*,#3808,.T.);
#4916=ORIENTED_EDGE('',*,*,#3806,.T.);
#4917=ORIENTED_EDGE('',*,*,#3821,.T.);
#4918=ORIENTED_EDGE('',*,*,#3822,.T.);
#4919=ORIENTED_EDGE('',*,*,#3823,.T.);
#4920=ORIENTED_EDGE('',*,*,#3824,.F.);
#4921=ORIENTED_EDGE('',*,*,#3825,.F.);
#4922=ORIENTED_EDGE('',*,*,#3826,.F.);
#4923=ORIENTED_EDGE('',*,*,#3827,.F.);
#4924=ORIENTED_EDGE('',*,*,#3826,.T.);
#4925=ORIENTED_EDGE('',*,*,#3828,.T.);
#4926=ORIENTED_EDGE('',*,*,#3829,.F.);
#4927=ORIENTED_EDGE('',*,*,#3830,.F.);
#4928=ORIENTED_EDGE('',*,*,#3825,.T.);
#4929=ORIENTED_EDGE('',*,*,#3831,.T.);
#4930=ORIENTED_EDGE('',*,*,#3832,.F.);
#4931=ORIENTED_EDGE('',*,*,#3828,.F.);
#4932=ORIENTED_EDGE('',*,*,#3833,.F.);
#4933=ORIENTED_EDGE('',*,*,#3834,.F.);
#4934=ORIENTED_EDGE('',*,*,#3835,.F.);
#4935=ORIENTED_EDGE('',*,*,#3562,.F.);
#4936=ORIENTED_EDGE('',*,*,#3835,.T.);
#4937=ORIENTED_EDGE('',*,*,#3836,.F.);
#4938=ORIENTED_EDGE('',*,*,#3837,.F.);
#4939=ORIENTED_EDGE('',*,*,#3563,.F.);
#4940=ORIENTED_EDGE('',*,*,#3555,.T.);
#4941=ORIENTED_EDGE('',*,*,#3558,.T.);
#4942=ORIENTED_EDGE('',*,*,#3838,.T.);
#4943=ORIENTED_EDGE('',*,*,#3839,.T.);
#4944=ORIENTED_EDGE('',*,*,#3609,.T.);
#4945=ORIENTED_EDGE('',*,*,#3611,.T.);
#4946=ORIENTED_EDGE('',*,*,#3840,.F.);
#4947=ORIENTED_EDGE('',*,*,#3615,.F.);
#4948=ORIENTED_EDGE('',*,*,#3612,.T.);
#4949=ORIENTED_EDGE('',*,*,#3841,.T.);
#4950=ORIENTED_EDGE('',*,*,#3842,.T.);
#4951=ORIENTED_EDGE('',*,*,#3843,.T.);
#4952=ORIENTED_EDGE('',*,*,#3844,.T.);
#4953=ORIENTED_EDGE('',*,*,#3845,.T.);
#4954=ORIENTED_EDGE('',*,*,#3846,.T.);
#4955=ORIENTED_EDGE('',*,*,#3836,.T.);
#4956=ORIENTED_EDGE('',*,*,#3834,.T.);
#4957=ORIENTED_EDGE('',*,*,#3847,.T.);
#4958=ORIENTED_EDGE('',*,*,#3848,.T.);
#4959=ORIENTED_EDGE('',*,*,#3849,.T.);
#4960=ORIENTED_EDGE('',*,*,#3850,.F.);
#4961=ORIENTED_EDGE('',*,*,#3851,.F.);
#4962=ORIENTED_EDGE('',*,*,#3852,.F.);
#4963=ORIENTED_EDGE('',*,*,#3599,.F.);
#4964=ORIENTED_EDGE('',*,*,#3852,.T.);
#4965=ORIENTED_EDGE('',*,*,#3853,.F.);
#4966=ORIENTED_EDGE('',*,*,#3854,.F.);
#4967=ORIENTED_EDGE('',*,*,#3600,.F.);
#4968=ORIENTED_EDGE('',*,*,#3580,.T.);
#4969=ORIENTED_EDGE('',*,*,#3583,.T.);
#4970=ORIENTED_EDGE('',*,*,#3855,.T.);
#4971=ORIENTED_EDGE('',*,*,#3853,.T.);
#4972=ORIENTED_EDGE('',*,*,#3851,.T.);
#4973=ORIENTED_EDGE('',*,*,#3856,.T.);
#4974=ORIENTED_EDGE('',*,*,#3857,.T.);
#4975=ORIENTED_EDGE('',*,*,#3858,.T.);
#4976=ORIENTED_EDGE('',*,*,#3859,.T.);
#4977=ORIENTED_EDGE('',*,*,#3860,.T.);
#4978=ORIENTED_EDGE('',*,*,#3861,.F.);
#4979=ORIENTED_EDGE('',*,*,#3862,.F.);
#4980=ORIENTED_EDGE('',*,*,#3863,.T.);
#4981=ORIENTED_EDGE('',*,*,#3864,.T.);
#4982=ORIENTED_EDGE('',*,*,#3865,.T.);
#4983=ORIENTED_EDGE('',*,*,#3866,.T.);
#4984=ORIENTED_EDGE('',*,*,#3604,.T.);
#4985=ORIENTED_EDGE('',*,*,#3606,.T.);
#4986=ORIENTED_EDGE('',*,*,#3867,.T.);
#4987=ORIENTED_EDGE('',*,*,#3868,.T.);
#4988=ORIENTED_EDGE('',*,*,#3869,.F.);
#4989=ORIENTED_EDGE('',*,*,#3863,.F.);
#4990=ORIENTED_EDGE('',*,*,#3870,.F.);
#4991=ORIENTED_EDGE('',*,*,#3591,.F.);
#4992=ORIENTED_EDGE('',*,*,#3870,.T.);
#4993=ORIENTED_EDGE('',*,*,#3862,.T.);
#4994=ORIENTED_EDGE('',*,*,#3871,.F.);
#4995=ORIENTED_EDGE('',*,*,#3592,.F.);
#4996=ORIENTED_EDGE('',*,*,#3859,.F.);
#4997=ORIENTED_EDGE('',*,*,#3872,.F.);
#4998=ORIENTED_EDGE('',*,*,#3595,.F.);
#4999=ORIENTED_EDGE('',*,*,#3873,.F.);
#5000=ORIENTED_EDGE('',*,*,#3872,.T.);
#5001=ORIENTED_EDGE('',*,*,#3858,.F.);
#5002=ORIENTED_EDGE('',*,*,#3874,.F.);
#5003=ORIENTED_EDGE('',*,*,#3596,.F.);
#5004=ORIENTED_EDGE('',*,*,#3875,.F.);
#5005=ORIENTED_EDGE('',*,*,#3844,.F.);
#5006=ORIENTED_EDGE('',*,*,#3876,.F.);
#5007=ORIENTED_EDGE('',*,*,#3566,.F.);
#5008=ORIENTED_EDGE('',*,*,#3876,.T.);
#5009=ORIENTED_EDGE('',*,*,#3843,.F.);
#5010=ORIENTED_EDGE('',*,*,#3877,.F.);
#5011=ORIENTED_EDGE('',*,*,#3567,.F.);
#5012=ORIENTED_EDGE('',*,*,#3536,.F.);
#5013=ORIENTED_EDGE('',*,*,#3878,.F.);
#5014=ORIENTED_EDGE('',*,*,#3814,.F.);
#5015=ORIENTED_EDGE('',*,*,#3879,.F.);
#5016=ORIENTED_EDGE('',*,*,#3878,.T.);
#5017=ORIENTED_EDGE('',*,*,#3535,.T.);
#5018=ORIENTED_EDGE('',*,*,#3880,.F.);
#5019=ORIENTED_EDGE('',*,*,#3815,.F.);
#5020=ORIENTED_EDGE('',*,*,#3881,.F.);
#5021=ORIENTED_EDGE('',*,*,#3818,.F.);
#5022=ORIENTED_EDGE('',*,*,#3882,.F.);
#5023=ORIENTED_EDGE('',*,*,#3532,.F.);
#5024=ORIENTED_EDGE('',*,*,#3882,.T.);
#5025=ORIENTED_EDGE('',*,*,#3817,.T.);
#5026=ORIENTED_EDGE('',*,*,#3883,.F.);
#5027=ORIENTED_EDGE('',*,*,#3533,.F.);
#5028=ORIENTED_EDGE('',*,*,#3884,.F.);
#5029=ORIENTED_EDGE('',*,*,#3631,.F.);
#5030=ORIENTED_EDGE('',*,*,#3885,.F.);
#5031=ORIENTED_EDGE('',*,*,#3511,.F.);
#5032=ORIENTED_EDGE('',*,*,#3885,.T.);
#5033=ORIENTED_EDGE('',*,*,#3630,.F.);
#5034=ORIENTED_EDGE('',*,*,#3886,.F.);
#5035=ORIENTED_EDGE('',*,*,#3512,.F.);
#5036=ORIENTED_EDGE('',*,*,#3887,.F.);
#5037=ORIENTED_EDGE('',*,*,#3458,.F.);
#5038=ORIENTED_EDGE('',*,*,#3888,.F.);
#5039=ORIENTED_EDGE('',*,*,#3486,.F.);
#5040=ORIENTED_EDGE('',*,*,#3888,.T.);
#5041=ORIENTED_EDGE('',*,*,#3457,.F.);
#5042=ORIENTED_EDGE('',*,*,#3889,.F.);
#5043=ORIENTED_EDGE('',*,*,#3487,.F.);
#5044=ORIENTED_EDGE('',*,*,#3890,.F.);
#5045=ORIENTED_EDGE('',*,*,#3789,.F.);
#5046=ORIENTED_EDGE('',*,*,#3891,.F.);
#5047=ORIENTED_EDGE('',*,*,#3436,.F.);
#5048=ORIENTED_EDGE('',*,*,#3891,.T.);
#5049=ORIENTED_EDGE('',*,*,#3788,.F.);
#5050=ORIENTED_EDGE('',*,*,#3892,.F.);
#5051=ORIENTED_EDGE('',*,*,#3437,.F.);
#5052=ORIENTED_EDGE('',*,*,#3893,.F.);
#5053=ORIENTED_EDGE('',*,*,#3894,.F.);
#5054=ORIENTED_EDGE('',*,*,#3895,.F.);
#5055=ORIENTED_EDGE('',*,*,#3896,.F.);
#5056=ORIENTED_EDGE('',*,*,#3895,.T.);
#5057=ORIENTED_EDGE('',*,*,#3897,.T.);
#5058=ORIENTED_EDGE('',*,*,#3898,.F.);
#5059=ORIENTED_EDGE('',*,*,#3899,.F.);
#5060=ORIENTED_EDGE('',*,*,#3894,.T.);
#5061=ORIENTED_EDGE('',*,*,#3900,.T.);
#5062=ORIENTED_EDGE('',*,*,#3901,.F.);
#5063=ORIENTED_EDGE('',*,*,#3897,.F.);
#5064=ORIENTED_EDGE('',*,*,#3685,.F.);
#5065=ORIENTED_EDGE('',*,*,#3902,.F.);
#5066=ORIENTED_EDGE('',*,*,#3903,.F.);
#5067=ORIENTED_EDGE('',*,*,#3904,.F.);
#5068=ORIENTED_EDGE('',*,*,#3666,.T.);
#5069=ORIENTED_EDGE('',*,*,#3669,.T.);
#5070=ORIENTED_EDGE('',*,*,#3905,.T.);
#5071=ORIENTED_EDGE('',*,*,#3906,.T.);
#5072=ORIENTED_EDGE('',*,*,#3903,.T.);
#5073=ORIENTED_EDGE('',*,*,#3907,.T.);
#5074=ORIENTED_EDGE('',*,*,#3908,.F.);
#5075=ORIENTED_EDGE('',*,*,#3909,.F.);
#5076=ORIENTED_EDGE('',*,*,#3910,.T.);
#5077=ORIENTED_EDGE('',*,*,#3911,.T.);
#5078=ORIENTED_EDGE('',*,*,#3912,.T.);
#5079=ORIENTED_EDGE('',*,*,#3913,.T.);
#5080=ORIENTED_EDGE('',*,*,#3690,.T.);
#5081=ORIENTED_EDGE('',*,*,#3692,.T.);
#5082=ORIENTED_EDGE('',*,*,#3914,.T.);
#5083=ORIENTED_EDGE('',*,*,#3915,.T.);
#5084=ORIENTED_EDGE('',*,*,#3916,.T.);
#5085=ORIENTED_EDGE('',*,*,#3917,.T.);
#5086=ORIENTED_EDGE('',*,*,#3918,.T.);
#5087=ORIENTED_EDGE('',*,*,#3919,.T.);
#5088=ORIENTED_EDGE('',*,*,#3902,.T.);
#5089=ORIENTED_EDGE('',*,*,#3684,.T.);
#5090=ORIENTED_EDGE('',*,*,#3920,.F.);
#5091=ORIENTED_EDGE('',*,*,#3907,.F.);
#5092=ORIENTED_EDGE('',*,*,#3921,.F.);
#5093=ORIENTED_EDGE('',*,*,#3673,.F.);
#5094=ORIENTED_EDGE('',*,*,#3922,.F.);
#5095=ORIENTED_EDGE('',*,*,#3916,.F.);
#5096=ORIENTED_EDGE('',*,*,#3922,.T.);
#5097=ORIENTED_EDGE('',*,*,#3672,.F.);
#5098=ORIENTED_EDGE('',*,*,#3923,.F.);
#5099=ORIENTED_EDGE('',*,*,#3917,.F.);
#5100=ORIENTED_EDGE('',*,*,#3924,.F.);
#5101=ORIENTED_EDGE('',*,*,#3910,.F.);
#5102=ORIENTED_EDGE('',*,*,#3925,.F.);
#5103=ORIENTED_EDGE('',*,*,#3681,.F.);
#5104=ORIENTED_EDGE('',*,*,#3925,.T.);
#5105=ORIENTED_EDGE('',*,*,#3909,.T.);
#5106=ORIENTED_EDGE('',*,*,#3926,.F.);
#5107=ORIENTED_EDGE('',*,*,#3682,.F.);
#5108=ORIENTED_EDGE('',*,*,#3927,.F.);
#5109=ORIENTED_EDGE('',*,*,#3726,.F.);
#5110=ORIENTED_EDGE('',*,*,#3928,.F.);
#5111=ORIENTED_EDGE('',*,*,#3712,.F.);
#5112=ORIENTED_EDGE('',*,*,#3928,.T.);
#5113=ORIENTED_EDGE('',*,*,#3725,.F.);
#5114=ORIENTED_EDGE('',*,*,#3929,.F.);
#5115=ORIENTED_EDGE('',*,*,#3713,.F.);
#5116=ORIENTED_EDGE('',*,*,#3930,.F.);
#5117=ORIENTED_EDGE('',*,*,#3732,.F.);
#5118=ORIENTED_EDGE('',*,*,#3931,.F.);
#5119=ORIENTED_EDGE('',*,*,#3704,.F.);
#5120=ORIENTED_EDGE('',*,*,#3931,.T.);
#5121=ORIENTED_EDGE('',*,*,#3731,.F.);
#5122=ORIENTED_EDGE('',*,*,#3932,.F.);
#5123=ORIENTED_EDGE('',*,*,#3705,.F.);
#5124=ORIENTED_EDGE('',*,*,#3930,.T.);
#5125=ORIENTED_EDGE('',*,*,#3703,.F.);
#5126=ORIENTED_EDGE('',*,*,#3933,.F.);
#5127=ORIENTED_EDGE('',*,*,#3733,.F.);
#5128=ORIENTED_EDGE('',*,*,#3739,.T.);
#5129=ORIENTED_EDGE('',*,*,#3735,.F.);
#5130=ORIENTED_EDGE('',*,*,#3934,.F.);
#5131=ORIENTED_EDGE('',*,*,#3701,.F.);
#5132=ORIENTED_EDGE('',*,*,#3934,.T.);
#5133=ORIENTED_EDGE('',*,*,#3734,.F.);
#5134=ORIENTED_EDGE('',*,*,#3933,.T.);
#5135=ORIENTED_EDGE('',*,*,#3702,.F.);
#5136=ORIENTED_EDGE('',*,*,#3927,.T.);
#5137=ORIENTED_EDGE('',*,*,#3711,.F.);
#5138=ORIENTED_EDGE('',*,*,#3935,.F.);
#5139=ORIENTED_EDGE('',*,*,#3727,.F.);
#5140=ORIENTED_EDGE('',*,*,#3728,.F.);
#5141=ORIENTED_EDGE('',*,*,#3935,.T.);
#5142=ORIENTED_EDGE('',*,*,#3710,.F.);
#5143=ORIENTED_EDGE('',*,*,#3722,.T.);
#5144=ORIENTED_EDGE('',*,*,#3924,.T.);
#5145=ORIENTED_EDGE('',*,*,#3680,.F.);
#5146=ORIENTED_EDGE('',*,*,#3936,.F.);
#5147=ORIENTED_EDGE('',*,*,#3911,.F.);
#5148=ORIENTED_EDGE('',*,*,#3688,.T.);
#5149=ORIENTED_EDGE('',*,*,#3913,.F.);
#5150=ORIENTED_EDGE('',*,*,#3937,.F.);
#5151=ORIENTED_EDGE('',*,*,#3678,.F.);
#5152=ORIENTED_EDGE('',*,*,#3679,.F.);
#5153=ORIENTED_EDGE('',*,*,#3937,.T.);
#5154=ORIENTED_EDGE('',*,*,#3912,.F.);
#5155=ORIENTED_EDGE('',*,*,#3936,.T.);
#5156=ORIENTED_EDGE('',*,*,#3663,.T.);
#5157=ORIENTED_EDGE('',*,*,#3919,.F.);
#5158=ORIENTED_EDGE('',*,*,#3938,.F.);
#5159=ORIENTED_EDGE('',*,*,#3670,.F.);
#5160=ORIENTED_EDGE('',*,*,#3671,.F.);
#5161=ORIENTED_EDGE('',*,*,#3938,.T.);
#5162=ORIENTED_EDGE('',*,*,#3918,.F.);
#5163=ORIENTED_EDGE('',*,*,#3923,.T.);
#5164=ORIENTED_EDGE('',*,*,#3779,.T.);
#5165=ORIENTED_EDGE('',*,*,#3781,.F.);
#5166=ORIENTED_EDGE('',*,*,#3939,.F.);
#5167=ORIENTED_EDGE('',*,*,#3445,.F.);
#5168=ORIENTED_EDGE('',*,*,#3446,.F.);
#5169=ORIENTED_EDGE('',*,*,#3939,.T.);
#5170=ORIENTED_EDGE('',*,*,#3780,.F.);
#5171=ORIENTED_EDGE('',*,*,#3427,.T.);
#5172=ORIENTED_EDGE('',*,*,#3646,.T.);
#5173=ORIENTED_EDGE('',*,*,#3453,.F.);
#5174=ORIENTED_EDGE('',*,*,#3940,.F.);
#5175=ORIENTED_EDGE('',*,*,#3491,.F.);
#5176=ORIENTED_EDGE('',*,*,#3452,.F.);
#5177=ORIENTED_EDGE('',*,*,#3471,.T.);
#5178=ORIENTED_EDGE('',*,*,#3492,.F.);
#5179=ORIENTED_EDGE('',*,*,#3940,.T.);
#5180=ORIENTED_EDGE('',*,*,#3643,.T.);
#5181=ORIENTED_EDGE('',*,*,#3634,.F.);
#5182=ORIENTED_EDGE('',*,*,#3941,.F.);
#5183=ORIENTED_EDGE('',*,*,#3508,.F.);
#5184=ORIENTED_EDGE('',*,*,#3884,.T.);
#5185=ORIENTED_EDGE('',*,*,#3510,.F.);
#5186=ORIENTED_EDGE('',*,*,#3942,.F.);
#5187=ORIENTED_EDGE('',*,*,#3632,.F.);
#5188=ORIENTED_EDGE('',*,*,#3633,.F.);
#5189=ORIENTED_EDGE('',*,*,#3942,.T.);
#5190=ORIENTED_EDGE('',*,*,#3509,.F.);
#5191=ORIENTED_EDGE('',*,*,#3941,.T.);
#5192=ORIENTED_EDGE('',*,*,#3881,.T.);
#5193=ORIENTED_EDGE('',*,*,#3531,.F.);
#5194=ORIENTED_EDGE('',*,*,#3943,.F.);
#5195=ORIENTED_EDGE('',*,*,#3819,.F.);
#5196=ORIENTED_EDGE('',*,*,#3530,.F.);
#5197=ORIENTED_EDGE('',*,*,#3809,.T.);
#5198=ORIENTED_EDGE('',*,*,#3820,.F.);
#5199=ORIENTED_EDGE('',*,*,#3943,.T.);
#5200=ORIENTED_EDGE('',*,*,#3614,.T.);
#5201=ORIENTED_EDGE('',*,*,#3569,.F.);
#5202=ORIENTED_EDGE('',*,*,#3944,.F.);
#5203=ORIENTED_EDGE('',*,*,#3841,.F.);
#5204=ORIENTED_EDGE('',*,*,#3842,.F.);
#5205=ORIENTED_EDGE('',*,*,#3944,.T.);
#5206=ORIENTED_EDGE('',*,*,#3568,.F.);
#5207=ORIENTED_EDGE('',*,*,#3877,.T.);
#5208=ORIENTED_EDGE('',*,*,#3850,.T.);
#5209=ORIENTED_EDGE('',*,*,#3598,.F.);
#5210=ORIENTED_EDGE('',*,*,#3945,.F.);
#5211=ORIENTED_EDGE('',*,*,#3856,.F.);
#5212=ORIENTED_EDGE('',*,*,#3597,.F.);
#5213=ORIENTED_EDGE('',*,*,#3874,.T.);
#5214=ORIENTED_EDGE('',*,*,#3857,.F.);
#5215=ORIENTED_EDGE('',*,*,#3945,.T.);
#5216=ORIENTED_EDGE('',*,*,#3869,.T.);
#5217=ORIENTED_EDGE('',*,*,#3590,.F.);
#5218=ORIENTED_EDGE('',*,*,#3946,.F.);
#5219=ORIENTED_EDGE('',*,*,#3864,.F.);
#5220=ORIENTED_EDGE('',*,*,#3602,.T.);
#5221=ORIENTED_EDGE('',*,*,#3866,.F.);
#5222=ORIENTED_EDGE('',*,*,#3947,.F.);
#5223=ORIENTED_EDGE('',*,*,#3588,.F.);
#5224=ORIENTED_EDGE('',*,*,#3589,.F.);
#5225=ORIENTED_EDGE('',*,*,#3947,.T.);
#5226=ORIENTED_EDGE('',*,*,#3865,.F.);
#5227=ORIENTED_EDGE('',*,*,#3946,.T.);
#5228=ORIENTED_EDGE('',*,*,#3607,.T.);
#5229=ORIENTED_EDGE('',*,*,#3839,.F.);
#5230=ORIENTED_EDGE('',*,*,#3948,.F.);
#5231=ORIENTED_EDGE('',*,*,#3575,.F.);
#5232=ORIENTED_EDGE('',*,*,#3838,.F.);
#5233=ORIENTED_EDGE('',*,*,#3557,.T.);
#5234=ORIENTED_EDGE('',*,*,#3576,.F.);
#5235=ORIENTED_EDGE('',*,*,#3948,.T.);
#5236=ORIENTED_EDGE('',*,*,#3879,.T.);
#5237=ORIENTED_EDGE('',*,*,#3813,.F.);
#5238=ORIENTED_EDGE('',*,*,#3949,.F.);
#5239=ORIENTED_EDGE('',*,*,#3537,.F.);
#5240=ORIENTED_EDGE('',*,*,#3538,.F.);
#5241=ORIENTED_EDGE('',*,*,#3949,.T.);
#5242=ORIENTED_EDGE('',*,*,#3812,.F.);
#5243=ORIENTED_EDGE('',*,*,#3620,.T.);
#5244=ORIENTED_EDGE('',*,*,#3493,.T.);
#5245=ORIENTED_EDGE('',*,*,#3641,.F.);
#5246=ORIENTED_EDGE('',*,*,#3950,.F.);
#5247=ORIENTED_EDGE('',*,*,#3500,.F.);
#5248=ORIENTED_EDGE('',*,*,#3640,.F.);
#5249=ORIENTED_EDGE('',*,*,#3642,.T.);
#5250=ORIENTED_EDGE('',*,*,#3501,.F.);
#5251=ORIENTED_EDGE('',*,*,#3950,.T.);
#5252=ORIENTED_EDGE('',*,*,#3472,.T.);
#5253=ORIENTED_EDGE('',*,*,#3465,.F.);
#5254=ORIENTED_EDGE('',*,*,#3951,.F.);
#5255=ORIENTED_EDGE('',*,*,#3479,.F.);
#5256=ORIENTED_EDGE('',*,*,#3799,.T.);
#5257=ORIENTED_EDGE('',*,*,#3481,.F.);
#5258=ORIENTED_EDGE('',*,*,#3952,.F.);
#5259=ORIENTED_EDGE('',*,*,#3463,.F.);
#5260=ORIENTED_EDGE('',*,*,#3464,.F.);
#5261=ORIENTED_EDGE('',*,*,#3952,.T.);
#5262=ORIENTED_EDGE('',*,*,#3480,.F.);
#5263=ORIENTED_EDGE('',*,*,#3951,.T.);
#5264=ORIENTED_EDGE('',*,*,#3796,.T.);
#5265=ORIENTED_EDGE('',*,*,#3439,.F.);
#5266=ORIENTED_EDGE('',*,*,#3953,.F.);
#5267=ORIENTED_EDGE('',*,*,#3786,.F.);
#5268=ORIENTED_EDGE('',*,*,#3438,.F.);
#5269=ORIENTED_EDGE('',*,*,#3892,.T.);
#5270=ORIENTED_EDGE('',*,*,#3787,.F.);
#5271=ORIENTED_EDGE('',*,*,#3953,.T.);
#5272=ORIENTED_EDGE('',*,*,#3904,.T.);
#5273=ORIENTED_EDGE('',*,*,#3906,.F.);
#5274=ORIENTED_EDGE('',*,*,#3954,.F.);
#5275=ORIENTED_EDGE('',*,*,#3686,.F.);
#5276=ORIENTED_EDGE('',*,*,#3687,.F.);
#5277=ORIENTED_EDGE('',*,*,#3954,.T.);
#5278=ORIENTED_EDGE('',*,*,#3905,.F.);
#5279=ORIENTED_EDGE('',*,*,#3668,.T.);
#5280=ORIENTED_EDGE('',*,*,#3921,.T.);
#5281=ORIENTED_EDGE('',*,*,#3915,.F.);
#5282=ORIENTED_EDGE('',*,*,#3955,.F.);
#5283=ORIENTED_EDGE('',*,*,#3674,.F.);
#5284=ORIENTED_EDGE('',*,*,#3675,.F.);
#5285=ORIENTED_EDGE('',*,*,#3955,.T.);
#5286=ORIENTED_EDGE('',*,*,#3914,.F.);
#5287=ORIENTED_EDGE('',*,*,#3691,.T.);
#5288=ORIENTED_EDGE('',*,*,#3696,.T.);
#5289=ORIENTED_EDGE('',*,*,#3715,.F.);
#5290=ORIENTED_EDGE('',*,*,#3956,.F.);
#5291=ORIENTED_EDGE('',*,*,#3723,.F.);
#5292=ORIENTED_EDGE('',*,*,#3724,.F.);
#5293=ORIENTED_EDGE('',*,*,#3956,.T.);
#5294=ORIENTED_EDGE('',*,*,#3714,.F.);
#5295=ORIENTED_EDGE('',*,*,#3929,.T.);
#5296=ORIENTED_EDGE('',*,*,#3718,.T.);
#5297=ORIENTED_EDGE('',*,*,#3707,.F.);
#5298=ORIENTED_EDGE('',*,*,#3957,.F.);
#5299=ORIENTED_EDGE('',*,*,#3729,.F.);
#5300=ORIENTED_EDGE('',*,*,#3730,.F.);
#5301=ORIENTED_EDGE('',*,*,#3957,.T.);
#5302=ORIENTED_EDGE('',*,*,#3706,.F.);
#5303=ORIENTED_EDGE('',*,*,#3932,.T.);
#5304=ORIENTED_EDGE('',*,*,#3742,.T.);
#5305=ORIENTED_EDGE('',*,*,#3958,.F.);
#5306=ORIENTED_EDGE('',*,*,#3959,.F.);
#5307=ORIENTED_EDGE('',*,*,#3371,.F.);
#5308=ORIENTED_EDGE('',*,*,#3353,.T.);
#5309=ORIENTED_EDGE('',*,*,#3372,.F.);
#5310=ORIENTED_EDGE('',*,*,#3959,.T.);
#5311=ORIENTED_EDGE('',*,*,#3960,.F.);
#5312=ORIENTED_EDGE('',*,*,#3351,.T.);
#5313=ORIENTED_EDGE('',*,*,#3354,.T.);
#5314=ORIENTED_EDGE('',*,*,#3960,.T.);
#5315=ORIENTED_EDGE('',*,*,#3958,.T.);
#5316=ORIENTED_EDGE('',*,*,#3744,.T.);
#5317=ORIENTED_EDGE('',*,*,#3746,.T.);
#5318=ORIENTED_EDGE('',*,*,#3961,.T.);
#5319=ORIENTED_EDGE('',*,*,#3962,.T.);
#5320=ORIENTED_EDGE('',*,*,#3375,.T.);
#5321=ORIENTED_EDGE('',*,*,#3377,.T.);
#5322=ORIENTED_EDGE('',*,*,#3963,.T.);
#5323=ORIENTED_EDGE('',*,*,#3964,.T.);
#5324=ORIENTED_EDGE('',*,*,#3749,.T.);
#5325=ORIENTED_EDGE('',*,*,#3751,.T.);
#5326=ORIENTED_EDGE('',*,*,#3965,.T.);
#5327=ORIENTED_EDGE('',*,*,#3381,.T.);
#5328=ORIENTED_EDGE('',*,*,#3378,.T.);
#5329=ORIENTED_EDGE('',*,*,#3966,.T.);
#5330=ORIENTED_EDGE('',*,*,#3967,.F.);
#5331=ORIENTED_EDGE('',*,*,#3968,.F.);
#5332=ORIENTED_EDGE('',*,*,#3747,.T.);
#5333=ORIENTED_EDGE('',*,*,#3964,.F.);
#5334=ORIENTED_EDGE('',*,*,#3969,.F.);
#5335=ORIENTED_EDGE('',*,*,#3363,.F.);
#5336=ORIENTED_EDGE('',*,*,#3364,.F.);
#5337=ORIENTED_EDGE('',*,*,#3969,.T.);
#5338=ORIENTED_EDGE('',*,*,#3963,.F.);
#5339=ORIENTED_EDGE('',*,*,#3376,.T.);
#5340=ORIENTED_EDGE('',*,*,#3383,.T.);
#5341=ORIENTED_EDGE('',*,*,#3770,.F.);
#5342=ORIENTED_EDGE('',*,*,#3970,.F.);
#5343=ORIENTED_EDGE('',*,*,#3390,.F.);
#5344=ORIENTED_EDGE('',*,*,#3752,.T.);
#5345=ORIENTED_EDGE('',*,*,#3392,.F.);
#5346=ORIENTED_EDGE('',*,*,#3971,.F.);
#5347=ORIENTED_EDGE('',*,*,#3768,.F.);
#5348=ORIENTED_EDGE('',*,*,#3971,.T.);
#5349=ORIENTED_EDGE('',*,*,#3391,.F.);
#5350=ORIENTED_EDGE('',*,*,#3970,.T.);
#5351=ORIENTED_EDGE('',*,*,#3769,.F.);
#5352=ORIENTED_EDGE('',*,*,#3408,.T.);
#5353=ORIENTED_EDGE('',*,*,#3762,.F.);
#5354=ORIENTED_EDGE('',*,*,#3972,.F.);
#5355=ORIENTED_EDGE('',*,*,#3402,.F.);
#5356=ORIENTED_EDGE('',*,*,#3403,.F.);
#5357=ORIENTED_EDGE('',*,*,#3972,.T.);
#5358=ORIENTED_EDGE('',*,*,#3761,.F.);
#5359=ORIENTED_EDGE('',*,*,#3773,.T.);
#5360=ORIENTED_EDGE('',*,*,#3422,.T.);
#5361=ORIENTED_EDGE('',*,*,#3794,.F.);
#5362=ORIENTED_EDGE('',*,*,#3973,.F.);
#5363=ORIENTED_EDGE('',*,*,#3429,.F.);
#5364=ORIENTED_EDGE('',*,*,#3430,.F.);
#5365=ORIENTED_EDGE('',*,*,#3973,.T.);
#5366=ORIENTED_EDGE('',*,*,#3793,.F.);
#5367=ORIENTED_EDGE('',*,*,#3652,.T.);
#5368=ORIENTED_EDGE('',*,*,#3456,.F.);
#5369=ORIENTED_EDGE('',*,*,#3648,.T.);
#5370=ORIENTED_EDGE('',*,*,#3488,.F.);
#5371=ORIENTED_EDGE('',*,*,#3889,.T.);
#5372=ORIENTED_EDGE('',*,*,#3802,.T.);
#5373=ORIENTED_EDGE('',*,*,#3514,.F.);
#5374=ORIENTED_EDGE('',*,*,#3974,.F.);
#5375=ORIENTED_EDGE('',*,*,#3628,.F.);
#5376=ORIENTED_EDGE('',*,*,#3629,.F.);
#5377=ORIENTED_EDGE('',*,*,#3974,.T.);
#5378=ORIENTED_EDGE('',*,*,#3513,.F.);
#5379=ORIENTED_EDGE('',*,*,#3886,.T.);
#5380=ORIENTED_EDGE('',*,*,#3805,.T.);
#5381=ORIENTED_EDGE('',*,*,#3527,.F.);
#5382=ORIENTED_EDGE('',*,*,#3975,.F.);
#5383=ORIENTED_EDGE('',*,*,#3821,.F.);
#5384=ORIENTED_EDGE('',*,*,#3518,.T.);
#5385=ORIENTED_EDGE('',*,*,#3823,.F.);
#5386=ORIENTED_EDGE('',*,*,#3976,.F.);
#5387=ORIENTED_EDGE('',*,*,#3525,.F.);
#5388=ORIENTED_EDGE('',*,*,#3526,.F.);
#5389=ORIENTED_EDGE('',*,*,#3976,.T.);
#5390=ORIENTED_EDGE('',*,*,#3822,.F.);
#5391=ORIENTED_EDGE('',*,*,#3975,.T.);
#5392=ORIENTED_EDGE('',*,*,#3875,.T.);
#5393=ORIENTED_EDGE('',*,*,#3565,.F.);
#5394=ORIENTED_EDGE('',*,*,#3977,.F.);
#5395=ORIENTED_EDGE('',*,*,#3845,.F.);
#5396=ORIENTED_EDGE('',*,*,#3846,.F.);
#5397=ORIENTED_EDGE('',*,*,#3977,.T.);
#5398=ORIENTED_EDGE('',*,*,#3564,.F.);
#5399=ORIENTED_EDGE('',*,*,#3837,.T.);
#5400=ORIENTED_EDGE('',*,*,#3601,.F.);
#5401=ORIENTED_EDGE('',*,*,#3854,.T.);
#5402=ORIENTED_EDGE('',*,*,#3855,.F.);
#5403=ORIENTED_EDGE('',*,*,#3582,.T.);
#5404=ORIENTED_EDGE('',*,*,#3577,.T.);
#5405=ORIENTED_EDGE('',*,*,#3868,.F.);
#5406=ORIENTED_EDGE('',*,*,#3978,.F.);
#5407=ORIENTED_EDGE('',*,*,#3584,.F.);
#5408=ORIENTED_EDGE('',*,*,#3585,.F.);
#5409=ORIENTED_EDGE('',*,*,#3978,.T.);
#5410=ORIENTED_EDGE('',*,*,#3867,.F.);
#5411=ORIENTED_EDGE('',*,*,#3605,.T.);
#5412=ORIENTED_EDGE('',*,*,#3552,.T.);
#5413=ORIENTED_EDGE('',*,*,#3849,.F.);
#5414=ORIENTED_EDGE('',*,*,#3979,.F.);
#5415=ORIENTED_EDGE('',*,*,#3559,.F.);
#5416=ORIENTED_EDGE('',*,*,#3833,.T.);
#5417=ORIENTED_EDGE('',*,*,#3561,.F.);
#5418=ORIENTED_EDGE('',*,*,#3980,.F.);
#5419=ORIENTED_EDGE('',*,*,#3847,.F.);
#5420=ORIENTED_EDGE('',*,*,#3848,.F.);
#5421=ORIENTED_EDGE('',*,*,#3980,.T.);
#5422=ORIENTED_EDGE('',*,*,#3560,.F.);
#5423=ORIENTED_EDGE('',*,*,#3979,.T.);
#5424=ORIENTED_EDGE('',*,*,#3617,.T.);
#5425=ORIENTED_EDGE('',*,*,#3811,.F.);
#5426=ORIENTED_EDGE('',*,*,#3981,.F.);
#5427=ORIENTED_EDGE('',*,*,#3541,.F.);
#5428=ORIENTED_EDGE('',*,*,#3542,.F.);
#5429=ORIENTED_EDGE('',*,*,#3981,.T.);
#5430=ORIENTED_EDGE('',*,*,#3810,.F.);
#5431=ORIENTED_EDGE('',*,*,#3523,.T.);
#5432=ORIENTED_EDGE('',*,*,#3625,.F.);
#5433=ORIENTED_EDGE('',*,*,#3498,.T.);
#5434=ORIENTED_EDGE('',*,*,#3517,.F.);
#5435=ORIENTED_EDGE('',*,*,#3804,.T.);
#5436=ORIENTED_EDGE('',*,*,#3887,.T.);
#5437=ORIENTED_EDGE('',*,*,#3485,.F.);
#5438=ORIENTED_EDGE('',*,*,#3982,.F.);
#5439=ORIENTED_EDGE('',*,*,#3459,.F.);
#5440=ORIENTED_EDGE('',*,*,#3460,.F.);
#5441=ORIENTED_EDGE('',*,*,#3982,.T.);
#5442=ORIENTED_EDGE('',*,*,#3484,.F.);
#5443=ORIENTED_EDGE('',*,*,#3801,.T.);
#5444=ORIENTED_EDGE('',*,*,#3890,.T.);
#5445=ORIENTED_EDGE('',*,*,#3435,.F.);
#5446=ORIENTED_EDGE('',*,*,#3983,.F.);
#5447=ORIENTED_EDGE('',*,*,#3790,.F.);
#5448=ORIENTED_EDGE('',*,*,#3649,.T.);
#5449=ORIENTED_EDGE('',*,*,#3792,.F.);
#5450=ORIENTED_EDGE('',*,*,#3984,.F.);
#5451=ORIENTED_EDGE('',*,*,#3433,.F.);
#5452=ORIENTED_EDGE('',*,*,#3434,.F.);
#5453=ORIENTED_EDGE('',*,*,#3984,.T.);
#5454=ORIENTED_EDGE('',*,*,#3791,.F.);
#5455=ORIENTED_EDGE('',*,*,#3983,.T.);
#5456=ORIENTED_EDGE('',*,*,#3775,.T.);
#5457=ORIENTED_EDGE('',*,*,#3764,.F.);
#5458=ORIENTED_EDGE('',*,*,#3985,.F.);
#5459=ORIENTED_EDGE('',*,*,#3398,.F.);
#5460=ORIENTED_EDGE('',*,*,#3399,.F.);
#5461=ORIENTED_EDGE('',*,*,#3985,.T.);
#5462=ORIENTED_EDGE('',*,*,#3763,.F.);
#5463=ORIENTED_EDGE('',*,*,#3411,.T.);
#5464=ORIENTED_EDGE('',*,*,#3771,.T.);
#5465=ORIENTED_EDGE('',*,*,#3758,.F.);
#5466=ORIENTED_EDGE('',*,*,#3986,.F.);
#5467=ORIENTED_EDGE('',*,*,#3406,.F.);
#5468=ORIENTED_EDGE('',*,*,#3407,.F.);
#5469=ORIENTED_EDGE('',*,*,#3986,.T.);
#5470=ORIENTED_EDGE('',*,*,#3757,.F.);
#5471=ORIENTED_EDGE('',*,*,#3388,.T.);
#5472=ORIENTED_EDGE('',*,*,#3360,.F.);
#5473=ORIENTED_EDGE('',*,*,#3382,.T.);
#5474=ORIENTED_EDGE('',*,*,#3965,.F.);
#5475=ORIENTED_EDGE('',*,*,#3750,.T.);
#5476=ORIENTED_EDGE('',*,*,#3373,.T.);
#5477=ORIENTED_EDGE('',*,*,#3962,.F.);
#5478=ORIENTED_EDGE('',*,*,#3987,.F.);
#5479=ORIENTED_EDGE('',*,*,#3367,.F.);
#5480=ORIENTED_EDGE('',*,*,#3368,.F.);
#5481=ORIENTED_EDGE('',*,*,#3987,.T.);
#5482=ORIENTED_EDGE('',*,*,#3961,.F.);
#5483=ORIENTED_EDGE('',*,*,#3745,.T.);
#5484=ORIENTED_EDGE('',*,*,#3416,.T.);
#5485=ORIENTED_EDGE('',*,*,#3419,.T.);
#5486=ORIENTED_EDGE('',*,*,#3988,.F.);
#5487=ORIENTED_EDGE('',*,*,#3989,.F.);
#5488=ORIENTED_EDGE('',*,*,#3413,.T.);
#5489=ORIENTED_EDGE('',*,*,#3989,.T.);
#5490=ORIENTED_EDGE('',*,*,#3990,.F.);
#5491=ORIENTED_EDGE('',*,*,#3420,.F.);
#5492=ORIENTED_EDGE('',*,*,#3657,.T.);
#5493=ORIENTED_EDGE('',*,*,#3660,.T.);
#5494=ORIENTED_EDGE('',*,*,#3991,.F.);
#5495=ORIENTED_EDGE('',*,*,#3992,.F.);
#5496=ORIENTED_EDGE('',*,*,#3654,.T.);
#5497=ORIENTED_EDGE('',*,*,#3992,.T.);
#5498=ORIENTED_EDGE('',*,*,#3993,.F.);
#5499=ORIENTED_EDGE('',*,*,#3661,.F.);
#5500=ORIENTED_EDGE('',*,*,#3827,.T.);
#5501=ORIENTED_EDGE('',*,*,#3830,.T.);
#5502=ORIENTED_EDGE('',*,*,#3994,.F.);
#5503=ORIENTED_EDGE('',*,*,#3995,.F.);
#5504=ORIENTED_EDGE('',*,*,#3824,.T.);
#5505=ORIENTED_EDGE('',*,*,#3995,.T.);
#5506=ORIENTED_EDGE('',*,*,#3996,.F.);
#5507=ORIENTED_EDGE('',*,*,#3831,.F.);
#5508=ORIENTED_EDGE('',*,*,#3270,.T.);
#5509=ORIENTED_EDGE('',*,*,#3997,.T.);
#5510=ORIENTED_EDGE('',*,*,#3268,.T.);
#5511=ORIENTED_EDGE('',*,*,#3284,.T.);
#5512=ORIENTED_EDGE('',*,*,#3998,.F.);
#5513=ORIENTED_EDGE('',*,*,#3291,.F.);
#5514=ORIENTED_EDGE('',*,*,#3272,.T.);
#5515=ORIENTED_EDGE('',*,*,#3254,.T.);
#5516=ORIENTED_EDGE('',*,*,#3259,.T.);
#5517=ORIENTED_EDGE('',*,*,#3999,.F.);
#5518=ORIENTED_EDGE('',*,*,#4000,.F.);
#5519=ORIENTED_EDGE('',*,*,#3255,.T.);
#5520=ORIENTED_EDGE('',*,*,#4000,.T.);
#5521=ORIENTED_EDGE('',*,*,#4001,.F.);
#5522=ORIENTED_EDGE('',*,*,#4002,.F.);
#5523=ORIENTED_EDGE('',*,*,#3256,.T.);
#5524=ORIENTED_EDGE('',*,*,#4002,.T.);
#5525=ORIENTED_EDGE('',*,*,#4003,.F.);
#5526=ORIENTED_EDGE('',*,*,#4004,.F.);
#5527=ORIENTED_EDGE('',*,*,#3248,.T.);
#5528=ORIENTED_EDGE('',*,*,#4004,.T.);
#5529=ORIENTED_EDGE('',*,*,#4005,.F.);
#5530=ORIENTED_EDGE('',*,*,#3266,.F.);
#5531=ORIENTED_EDGE('',*,*,#3896,.T.);
#5532=ORIENTED_EDGE('',*,*,#3899,.T.);
#5533=ORIENTED_EDGE('',*,*,#4006,.F.);
#5534=ORIENTED_EDGE('',*,*,#4007,.F.);
#5535=ORIENTED_EDGE('',*,*,#3893,.T.);
#5536=ORIENTED_EDGE('',*,*,#4007,.T.);
#5537=ORIENTED_EDGE('',*,*,#4008,.F.);
#5538=ORIENTED_EDGE('',*,*,#3900,.F.);
#5539=ORIENTED_EDGE('',*,*,#3299,.T.);
#5540=ORIENTED_EDGE('',*,*,#3323,.T.);
#5541=ORIENTED_EDGE('',*,*,#4009,.F.);
#5542=ORIENTED_EDGE('',*,*,#4010,.F.);
#5543=ORIENTED_EDGE('',*,*,#3300,.T.);
#5544=ORIENTED_EDGE('',*,*,#4010,.T.);
#5545=ORIENTED_EDGE('',*,*,#4011,.F.);
#5546=ORIENTED_EDGE('',*,*,#4012,.F.);
#5547=ORIENTED_EDGE('',*,*,#3301,.T.);
#5548=ORIENTED_EDGE('',*,*,#4012,.T.);
#5549=ORIENTED_EDGE('',*,*,#4013,.F.);
#5550=ORIENTED_EDGE('',*,*,#4014,.F.);
#5551=ORIENTED_EDGE('',*,*,#3302,.T.);
#5552=ORIENTED_EDGE('',*,*,#4014,.T.);
#5553=ORIENTED_EDGE('',*,*,#4015,.F.);
#5554=ORIENTED_EDGE('',*,*,#4016,.F.);
#5555=ORIENTED_EDGE('',*,*,#3293,.T.);
#5556=ORIENTED_EDGE('',*,*,#4016,.T.);
#5557=ORIENTED_EDGE('',*,*,#4017,.F.);
#5558=ORIENTED_EDGE('',*,*,#3330,.F.);
#5559=ORIENTED_EDGE('',*,*,#3337,.T.);
#5560=ORIENTED_EDGE('',*,*,#3341,.T.);
#5561=ORIENTED_EDGE('',*,*,#4018,.F.);
#5562=ORIENTED_EDGE('',*,*,#4019,.F.);
#5563=ORIENTED_EDGE('',*,*,#3338,.T.);
#5564=ORIENTED_EDGE('',*,*,#4019,.T.);
#5565=ORIENTED_EDGE('',*,*,#4020,.F.);
#5566=ORIENTED_EDGE('',*,*,#4021,.F.);
#5567=ORIENTED_EDGE('',*,*,#3332,.T.);
#5568=ORIENTED_EDGE('',*,*,#4021,.T.);
#5569=ORIENTED_EDGE('',*,*,#4022,.F.);
#5570=ORIENTED_EDGE('',*,*,#3346,.F.);
#5571=ORIENTED_EDGE('',*,*,#3546,.T.);
#5572=ORIENTED_EDGE('',*,*,#3549,.T.);
#5573=ORIENTED_EDGE('',*,*,#4023,.F.);
#5574=ORIENTED_EDGE('',*,*,#4024,.F.);
#5575=ORIENTED_EDGE('',*,*,#3543,.T.);
#5576=ORIENTED_EDGE('',*,*,#4024,.T.);
#5577=ORIENTED_EDGE('',*,*,#4025,.F.);
#5578=ORIENTED_EDGE('',*,*,#3550,.F.);
#5579=ORIENTED_EDGE('',*,*,#3348,.T.);
#5580=ORIENTED_EDGE('',*,*,#3968,.T.);
#5581=ORIENTED_EDGE('',*,*,#4026,.F.);
#5582=ORIENTED_EDGE('',*,*,#3355,.F.);
#5583=ORIENTED_EDGE('',*,*,#3380,.T.);
#5584=ORIENTED_EDGE('',*,*,#3357,.T.);
#5585=ORIENTED_EDGE('',*,*,#4027,.F.);
#5586=ORIENTED_EDGE('',*,*,#3966,.F.);
#5587=ORIENTED_EDGE('',*,*,#3873,.T.);
#5588=ORIENTED_EDGE('',*,*,#3594,.T.);
#5589=ORIENTED_EDGE('',*,*,#4028,.F.);
#5590=ORIENTED_EDGE('',*,*,#3860,.F.);
#5591=ORIENTED_EDGE('',*,*,#3450,.T.);
#5592=ORIENTED_EDGE('',*,*,#3469,.T.);
#5593=ORIENTED_EDGE('',*,*,#4029,.F.);
#5594=ORIENTED_EDGE('',*,*,#3477,.F.);
#5595=ORIENTED_EDGE('',*,*,#3624,.T.);
#5596=ORIENTED_EDGE('',*,*,#3638,.T.);
#5597=ORIENTED_EDGE('',*,*,#4030,.F.);
#5598=ORIENTED_EDGE('',*,*,#3504,.F.);
#5599=ORIENTED_EDGE('',*,*,#4031,.F.);
#5600=ORIENTED_EDGE('',*,*,#4032,.T.);
#5601=ORIENTED_EDGE('',*,*,#4033,.F.);
#5602=ORIENTED_EDGE('',*,*,#4034,.F.);
#5603=ORIENTED_EDGE('',*,*,#4035,.F.);
#5604=ORIENTED_EDGE('',*,*,#4034,.T.);
#5605=ORIENTED_EDGE('',*,*,#4036,.F.);
#5606=ORIENTED_EDGE('',*,*,#4037,.F.);
#5607=ORIENTED_EDGE('',*,*,#4038,.T.);
#5608=ORIENTED_EDGE('',*,*,#4037,.T.);
#5609=ORIENTED_EDGE('',*,*,#4039,.F.);
#5610=ORIENTED_EDGE('',*,*,#4040,.F.);
#5611=ORIENTED_EDGE('',*,*,#4041,.T.);
#5612=ORIENTED_EDGE('',*,*,#4040,.T.);
#5613=ORIENTED_EDGE('',*,*,#4042,.F.);
#5614=ORIENTED_EDGE('',*,*,#4032,.F.);
#5615=ORIENTED_EDGE('',*,*,#4042,.T.);
#5616=ORIENTED_EDGE('',*,*,#4039,.T.);
#5617=ORIENTED_EDGE('',*,*,#4036,.T.);
#5618=ORIENTED_EDGE('',*,*,#4033,.T.);
#5619=ORIENTED_EDGE('',*,*,#3210,.T.);
#5620=ORIENTED_EDGE('',*,*,#3216,.T.);
#5621=ORIENTED_EDGE('',*,*,#3213,.T.);
#5622=ORIENTED_EDGE('',*,*,#3200,.T.);
#5623=ORIENTED_EDGE('',*,*,#3204,.T.);
#5624=ORIENTED_EDGE('',*,*,#3207,.T.);
#5625=ORIENTED_EDGE('',*,*,#3225,.T.);
#5626=ORIENTED_EDGE('',*,*,#3231,.T.);
#5627=ORIENTED_EDGE('',*,*,#3228,.T.);
#5628=ORIENTED_EDGE('',*,*,#3218,.T.);
#5629=ORIENTED_EDGE('',*,*,#3222,.T.);
#5630=ORIENTED_EDGE('',*,*,#3240,.T.);
#5631=ORIENTED_EDGE('',*,*,#3246,.T.);
#5632=ORIENTED_EDGE('',*,*,#3243,.T.);
#5633=ORIENTED_EDGE('',*,*,#3233,.T.);
#5634=ORIENTED_EDGE('',*,*,#3237,.T.);
#5635=ORIENTED_EDGE('',*,*,#3505,.T.);
#5636=ORIENTED_EDGE('',*,*,#4030,.T.);
#5637=ORIENTED_EDGE('',*,*,#3637,.T.);
#5638=ORIENTED_EDGE('',*,*,#3645,.T.);
#5639=ORIENTED_EDGE('',*,*,#3478,.T.);
#5640=ORIENTED_EDGE('',*,*,#4029,.T.);
#5641=ORIENTED_EDGE('',*,*,#3468,.T.);
#5642=ORIENTED_EDGE('',*,*,#3476,.T.);
#5643=ORIENTED_EDGE('',*,*,#3926,.T.);
#5644=ORIENTED_EDGE('',*,*,#3908,.T.);
#5645=ORIENTED_EDGE('',*,*,#3920,.T.);
#5646=ORIENTED_EDGE('',*,*,#3683,.T.);
#5647=ORIENTED_EDGE('',*,*,#3816,.T.);
#5648=ORIENTED_EDGE('',*,*,#3880,.T.);
#5649=ORIENTED_EDGE('',*,*,#3534,.T.);
#5650=ORIENTED_EDGE('',*,*,#3883,.T.);
#5651=ORIENTED_EDGE('',*,*,#3767,.T.);
#5652=ORIENTED_EDGE('',*,*,#3776,.T.);
#5653=ORIENTED_EDGE('',*,*,#3395,.T.);
#5654=ORIENTED_EDGE('',*,*,#3756,.T.);
#5655=ORIENTED_EDGE('',*,*,#3783,.T.);
#5656=ORIENTED_EDGE('',*,*,#3795,.T.);
#5657=ORIENTED_EDGE('',*,*,#3442,.T.);
#5658=ORIENTED_EDGE('',*,*,#3798,.T.);
#5659=ORIENTED_EDGE('',*,*,#3861,.T.);
#5660=ORIENTED_EDGE('',*,*,#4028,.T.);
#5661=ORIENTED_EDGE('',*,*,#3593,.T.);
#5662=ORIENTED_EDGE('',*,*,#3871,.T.);
#5663=ORIENTED_EDGE('',*,*,#3967,.T.);
#5664=ORIENTED_EDGE('',*,*,#4027,.T.);
#5665=ORIENTED_EDGE('',*,*,#3356,.T.);
#5666=ORIENTED_EDGE('',*,*,#4026,.T.);
#5667=ORIENTED_EDGE('',*,*,#4025,.T.);
#5668=ORIENTED_EDGE('',*,*,#4023,.T.);
#5669=ORIENTED_EDGE('',*,*,#3548,.T.);
#5670=ORIENTED_EDGE('',*,*,#3551,.T.);
#5671=ORIENTED_EDGE('',*,*,#4022,.T.);
#5672=ORIENTED_EDGE('',*,*,#4020,.T.);
#5673=ORIENTED_EDGE('',*,*,#4018,.T.);
#5674=ORIENTED_EDGE('',*,*,#3340,.T.);
#5675=ORIENTED_EDGE('',*,*,#3343,.T.);
#5676=ORIENTED_EDGE('',*,*,#3345,.T.);
#5677=ORIENTED_EDGE('',*,*,#3347,.T.);
#5678=ORIENTED_EDGE('',*,*,#3572,.T.);
#5679=ORIENTED_EDGE('',*,*,#3616,.T.);
#5680=ORIENTED_EDGE('',*,*,#3840,.T.);
#5681=ORIENTED_EDGE('',*,*,#3610,.T.);
#5682=ORIENTED_EDGE('',*,*,#4017,.T.);
#5683=ORIENTED_EDGE('',*,*,#4015,.T.);
#5684=ORIENTED_EDGE('',*,*,#4013,.T.);
#5685=ORIENTED_EDGE('',*,*,#4011,.T.);
#5686=ORIENTED_EDGE('',*,*,#4009,.T.);
#5687=ORIENTED_EDGE('',*,*,#3322,.T.);
#5688=ORIENTED_EDGE('',*,*,#3325,.T.);
#5689=ORIENTED_EDGE('',*,*,#3327,.T.);
#5690=ORIENTED_EDGE('',*,*,#3329,.T.);
#5691=ORIENTED_EDGE('',*,*,#3331,.T.);
#5692=ORIENTED_EDGE('',*,*,#4008,.T.);
#5693=ORIENTED_EDGE('',*,*,#4006,.T.);
#5694=ORIENTED_EDGE('',*,*,#3898,.T.);
#5695=ORIENTED_EDGE('',*,*,#3901,.T.);
#5696=ORIENTED_EDGE('',*,*,#4005,.T.);
#5697=ORIENTED_EDGE('',*,*,#4003,.T.);
#5698=ORIENTED_EDGE('',*,*,#4001,.T.);
#5699=ORIENTED_EDGE('',*,*,#3999,.T.);
#5700=ORIENTED_EDGE('',*,*,#3258,.T.);
#5701=ORIENTED_EDGE('',*,*,#3261,.T.);
#5702=ORIENTED_EDGE('',*,*,#3263,.T.);
#5703=ORIENTED_EDGE('',*,*,#3265,.T.);
#5704=ORIENTED_EDGE('',*,*,#3267,.T.);
#5705=ORIENTED_EDGE('',*,*,#3998,.T.);
#5706=ORIENTED_EDGE('',*,*,#3283,.T.);
#5707=ORIENTED_EDGE('',*,*,#3286,.T.);
#5708=ORIENTED_EDGE('',*,*,#3288,.T.);
#5709=ORIENTED_EDGE('',*,*,#3290,.T.);
#5710=ORIENTED_EDGE('',*,*,#3292,.T.);
#5711=ORIENTED_EDGE('',*,*,#3996,.T.);
#5712=ORIENTED_EDGE('',*,*,#3994,.T.);
#5713=ORIENTED_EDGE('',*,*,#3829,.T.);
#5714=ORIENTED_EDGE('',*,*,#3832,.T.);
#5715=ORIENTED_EDGE('',*,*,#3698,.T.);
#5716=ORIENTED_EDGE('',*,*,#3717,.T.);
#5717=ORIENTED_EDGE('',*,*,#3738,.T.);
#5718=ORIENTED_EDGE('',*,*,#3741,.T.);
#5719=ORIENTED_EDGE('',*,*,#3993,.T.);
#5720=ORIENTED_EDGE('',*,*,#3991,.T.);
#5721=ORIENTED_EDGE('',*,*,#3659,.T.);
#5722=ORIENTED_EDGE('',*,*,#3662,.T.);
#5723=ORIENTED_EDGE('',*,*,#3990,.T.);
#5724=ORIENTED_EDGE('',*,*,#3988,.T.);
#5725=ORIENTED_EDGE('',*,*,#3418,.T.);
#5726=ORIENTED_EDGE('',*,*,#3421,.T.);
#5727=ORIENTED_EDGE('',*,*,#3280,.T.);
#5728=ORIENTED_EDGE('',*,*,#4043,.T.);
#5729=ORIENTED_EDGE('',*,*,#4044,.F.);
#5730=ORIENTED_EDGE('',*,*,#4045,.F.);
#5731=ORIENTED_EDGE('',*,*,#3279,.T.);
#5732=ORIENTED_EDGE('',*,*,#4046,.T.);
#5733=ORIENTED_EDGE('',*,*,#4047,.F.);
#5734=ORIENTED_EDGE('',*,*,#4043,.F.);
#5735=ORIENTED_EDGE('',*,*,#3281,.T.);
#5736=ORIENTED_EDGE('',*,*,#4045,.T.);
#5737=ORIENTED_EDGE('',*,*,#4048,.F.);
#5738=ORIENTED_EDGE('',*,*,#4049,.F.);
#5739=ORIENTED_EDGE('',*,*,#3278,.T.);
#5740=ORIENTED_EDGE('',*,*,#4049,.T.);
#5741=ORIENTED_EDGE('',*,*,#4050,.F.);
#5742=ORIENTED_EDGE('',*,*,#4046,.F.);
#5743=ORIENTED_EDGE('',*,*,#4050,.T.);
#5744=ORIENTED_EDGE('',*,*,#4048,.T.);
#5745=ORIENTED_EDGE('',*,*,#4044,.T.);
#5746=ORIENTED_EDGE('',*,*,#4047,.T.);
#5747=ORIENTED_EDGE('',*,*,#4041,.F.);
#5748=ORIENTED_EDGE('',*,*,#4031,.T.);
#5749=ORIENTED_EDGE('',*,*,#4035,.T.);
#5750=ORIENTED_EDGE('',*,*,#4038,.F.);
#5751=ORIENTED_EDGE('',*,*,#3997,.F.);
#5752=ORIENTED_EDGE('',*,*,#3269,.T.);
#5753=CYLINDRICAL_SURFACE('',#6088,1.);
#5754=CYLINDRICAL_SURFACE('',#6091,1.);
#5755=CYLINDRICAL_SURFACE('',#6095,1.);
#5756=CYLINDRICAL_SURFACE('',#6099,1.);
#5757=CYLINDRICAL_SURFACE('',#6105,1.);
#5758=CYLINDRICAL_SURFACE('',#6109,1.);
#5759=CYLINDRICAL_SURFACE('',#6115,1.);
#5760=CYLINDRICAL_SURFACE('',#6119,1.);
#5761=CYLINDRICAL_SURFACE('',#6129,2.5);
#5762=CYLINDRICAL_SURFACE('',#6384,2.);
#5763=CYLINDRICAL_SURFACE('',#6413,0.499999999999998);
#5764=ADVANCED_FACE('',(#372),#5753,.F.);
#5765=ADVANCED_FACE('',(#373),#5754,.F.);
#5766=ADVANCED_FACE('',(#374),#89,.F.);
#5767=ADVANCED_FACE('',(#375),#5755,.F.);
#5768=ADVANCED_FACE('',(#376),#90,.F.);
#5769=ADVANCED_FACE('',(#377),#5756,.F.);
#5770=ADVANCED_FACE('',(#378),#91,.T.);
#5771=ADVANCED_FACE('',(#379),#92,.F.);
#5772=ADVANCED_FACE('',(#380),#93,.F.);
#5773=ADVANCED_FACE('',(#381),#5757,.F.);
#5774=ADVANCED_FACE('',(#382),#94,.F.);
#5775=ADVANCED_FACE('',(#383),#5758,.F.);
#5776=ADVANCED_FACE('',(#384),#95,.T.);
#5777=ADVANCED_FACE('',(#385),#96,.F.);
#5778=ADVANCED_FACE('',(#386),#97,.F.);
#5779=ADVANCED_FACE('',(#387),#5759,.F.);
#5780=ADVANCED_FACE('',(#388),#98,.F.);
#5781=ADVANCED_FACE('',(#389),#5760,.F.);
#5782=ADVANCED_FACE('',(#390),#99,.T.);
#5783=ADVANCED_FACE('',(#391),#100,.T.);
#5784=ADVANCED_FACE('',(#392),#101,.T.);
#5785=ADVANCED_FACE('',(#393),#102,.T.);
#5786=ADVANCED_FACE('',(#394),#103,.T.);
#5787=ADVANCED_FACE('',(#395),#104,.T.);
#5788=ADVANCED_FACE('',(#396),#5761,.F.);
#5789=ADVANCED_FACE('',(#397),#105,.T.);
#5790=ADVANCED_FACE('',(#398,#63),#106,.T.);
#5791=ADVANCED_FACE('',(#399),#107,.T.);
#5792=ADVANCED_FACE('',(#400),#108,.T.);
#5793=ADVANCED_FACE('',(#401),#109,.T.);
#5794=ADVANCED_FACE('',(#402),#110,.T.);
#5795=ADVANCED_FACE('',(#403),#111,.T.);
#5796=ADVANCED_FACE('',(#404,#64,#65),#112,.T.);
#5797=ADVANCED_FACE('',(#405),#25,.T.);
#5798=ADVANCED_FACE('',(#406),#26,.T.);
#5799=ADVANCED_FACE('',(#407),#27,.T.);
#5800=ADVANCED_FACE('',(#408),#113,.T.);
#5801=ADVANCED_FACE('',(#409),#28,.T.);
#5802=ADVANCED_FACE('',(#410),#29,.T.);
#5803=ADVANCED_FACE('',(#411),#30,.T.);
#5804=ADVANCED_FACE('',(#412),#114,.T.);
#5805=ADVANCED_FACE('',(#413),#31,.T.);
#5806=ADVANCED_FACE('',(#414),#32,.T.);
#5807=ADVANCED_FACE('',(#415),#33,.T.);
#5808=ADVANCED_FACE('',(#416),#34,.T.);
#5809=ADVANCED_FACE('',(#417),#35,.T.);
#5810=ADVANCED_FACE('',(#418),#115,.T.);
#5811=ADVANCED_FACE('',(#419),#116,.T.);
#5812=ADVANCED_FACE('',(#420),#117,.T.);
#5813=ADVANCED_FACE('',(#421),#118,.T.);
#5814=ADVANCED_FACE('',(#422),#119,.T.);
#5815=ADVANCED_FACE('',(#423),#120,.T.);
#5816=ADVANCED_FACE('',(#424),#121,.T.);
#5817=ADVANCED_FACE('',(#425),#122,.T.);
#5818=ADVANCED_FACE('',(#426),#123,.T.);
#5819=ADVANCED_FACE('',(#427),#124,.T.);
#5820=ADVANCED_FACE('',(#428),#125,.T.);
#5821=ADVANCED_FACE('',(#429),#126,.T.);
#5822=ADVANCED_FACE('',(#430),#127,.T.);
#5823=ADVANCED_FACE('',(#431),#128,.T.);
#5824=ADVANCED_FACE('',(#432),#129,.T.);
#5825=ADVANCED_FACE('',(#433),#130,.T.);
#5826=ADVANCED_FACE('',(#434),#131,.T.);
#5827=ADVANCED_FACE('',(#435),#132,.T.);
#5828=ADVANCED_FACE('',(#436),#133,.T.);
#5829=ADVANCED_FACE('',(#437),#134,.T.);
#5830=ADVANCED_FACE('',(#438),#135,.T.);
#5831=ADVANCED_FACE('',(#439),#136,.T.);
#5832=ADVANCED_FACE('',(#440),#137,.T.);
#5833=ADVANCED_FACE('',(#441),#138,.T.);
#5834=ADVANCED_FACE('',(#442),#139,.T.);
#5835=ADVANCED_FACE('',(#443),#140,.T.);
#5836=ADVANCED_FACE('',(#444),#141,.T.);
#5837=ADVANCED_FACE('',(#445),#142,.T.);
#5838=ADVANCED_FACE('',(#446),#143,.T.);
#5839=ADVANCED_FACE('',(#447),#144,.T.);
#5840=ADVANCED_FACE('',(#448),#145,.T.);
#5841=ADVANCED_FACE('',(#449),#146,.T.);
#5842=ADVANCED_FACE('',(#450),#147,.T.);
#5843=ADVANCED_FACE('',(#451),#148,.T.);
#5844=ADVANCED_FACE('',(#452),#149,.T.);
#5845=ADVANCED_FACE('',(#453),#150,.T.);
#5846=ADVANCED_FACE('',(#454),#151,.T.);
#5847=ADVANCED_FACE('',(#455),#152,.T.);
#5848=ADVANCED_FACE('',(#456),#153,.T.);
#5849=ADVANCED_FACE('',(#457),#154,.T.);
#5850=ADVANCED_FACE('',(#458),#155,.T.);
#5851=ADVANCED_FACE('',(#459),#156,.T.);
#5852=ADVANCED_FACE('',(#460),#157,.T.);
#5853=ADVANCED_FACE('',(#461),#158,.T.);
#5854=ADVANCED_FACE('',(#462),#159,.T.);
#5855=ADVANCED_FACE('',(#463),#160,.T.);
#5856=ADVANCED_FACE('',(#464),#161,.T.);
#5857=ADVANCED_FACE('',(#465),#162,.T.);
#5858=ADVANCED_FACE('',(#466),#163,.T.);
#5859=ADVANCED_FACE('',(#467),#164,.T.);
#5860=ADVANCED_FACE('',(#468),#165,.T.);
#5861=ADVANCED_FACE('',(#469),#166,.T.);
#5862=ADVANCED_FACE('',(#470),#167,.T.);
#5863=ADVANCED_FACE('',(#471),#168,.T.);
#5864=ADVANCED_FACE('',(#472),#169,.T.);
#5865=ADVANCED_FACE('',(#473),#170,.T.);
#5866=ADVANCED_FACE('',(#474),#171,.T.);
#5867=ADVANCED_FACE('',(#475),#172,.T.);
#5868=ADVANCED_FACE('',(#476),#173,.T.);
#5869=ADVANCED_FACE('',(#477),#174,.T.);
#5870=ADVANCED_FACE('',(#478),#175,.T.);
#5871=ADVANCED_FACE('',(#479),#176,.T.);
#5872=ADVANCED_FACE('',(#480),#177,.T.);
#5873=ADVANCED_FACE('',(#481),#178,.T.);
#5874=ADVANCED_FACE('',(#482),#179,.T.);
#5875=ADVANCED_FACE('',(#483),#180,.T.);
#5876=ADVANCED_FACE('',(#484),#181,.T.);
#5877=ADVANCED_FACE('',(#485),#182,.T.);
#5878=ADVANCED_FACE('',(#486),#183,.T.);
#5879=ADVANCED_FACE('',(#487),#184,.T.);
#5880=ADVANCED_FACE('',(#488),#185,.T.);
#5881=ADVANCED_FACE('',(#489),#186,.T.);
#5882=ADVANCED_FACE('',(#490),#187,.T.);
#5883=ADVANCED_FACE('',(#491),#188,.T.);
#5884=ADVANCED_FACE('',(#492),#189,.T.);
#5885=ADVANCED_FACE('',(#493),#190,.T.);
#5886=ADVANCED_FACE('',(#494),#191,.T.);
#5887=ADVANCED_FACE('',(#495),#192,.T.);
#5888=ADVANCED_FACE('',(#496),#193,.T.);
#5889=ADVANCED_FACE('',(#497),#194,.T.);
#5890=ADVANCED_FACE('',(#498),#195,.T.);
#5891=ADVANCED_FACE('',(#499),#196,.T.);
#5892=ADVANCED_FACE('',(#500),#197,.T.);
#5893=ADVANCED_FACE('',(#501),#198,.T.);
#5894=ADVANCED_FACE('',(#502),#199,.T.);
#5895=ADVANCED_FACE('',(#503),#200,.T.);
#5896=ADVANCED_FACE('',(#504),#201,.T.);
#5897=ADVANCED_FACE('',(#505),#202,.T.);
#5898=ADVANCED_FACE('',(#506),#203,.T.);
#5899=ADVANCED_FACE('',(#507),#204,.T.);
#5900=ADVANCED_FACE('',(#508),#205,.T.);
#5901=ADVANCED_FACE('',(#509),#206,.T.);
#5902=ADVANCED_FACE('',(#510),#207,.T.);
#5903=ADVANCED_FACE('',(#511),#208,.T.);
#5904=ADVANCED_FACE('',(#512),#209,.T.);
#5905=ADVANCED_FACE('',(#513),#210,.T.);
#5906=ADVANCED_FACE('',(#514),#211,.T.);
#5907=ADVANCED_FACE('',(#515),#212,.T.);
#5908=ADVANCED_FACE('',(#516),#213,.T.);
#5909=ADVANCED_FACE('',(#517),#214,.T.);
#5910=ADVANCED_FACE('',(#518),#215,.T.);
#5911=ADVANCED_FACE('',(#519),#216,.T.);
#5912=ADVANCED_FACE('',(#520),#217,.T.);
#5913=ADVANCED_FACE('',(#521),#218,.T.);
#5914=ADVANCED_FACE('',(#522),#219,.T.);
#5915=ADVANCED_FACE('',(#523),#220,.T.);
#5916=ADVANCED_FACE('',(#524),#221,.T.);
#5917=ADVANCED_FACE('',(#525),#222,.T.);
#5918=ADVANCED_FACE('',(#526),#223,.T.);
#5919=ADVANCED_FACE('',(#527),#224,.T.);
#5920=ADVANCED_FACE('',(#528),#225,.T.);
#5921=ADVANCED_FACE('',(#529),#226,.T.);
#5922=ADVANCED_FACE('',(#530),#227,.T.);
#5923=ADVANCED_FACE('',(#531),#228,.T.);
#5924=ADVANCED_FACE('',(#532),#229,.T.);
#5925=ADVANCED_FACE('',(#533),#230,.T.);
#5926=ADVANCED_FACE('',(#534),#231,.T.);
#5927=ADVANCED_FACE('',(#535),#232,.T.);
#5928=ADVANCED_FACE('',(#536),#233,.T.);
#5929=ADVANCED_FACE('',(#537),#234,.T.);
#5930=ADVANCED_FACE('',(#538),#235,.T.);
#5931=ADVANCED_FACE('',(#539),#236,.T.);
#5932=ADVANCED_FACE('',(#540),#237,.T.);
#5933=ADVANCED_FACE('',(#541),#238,.T.);
#5934=ADVANCED_FACE('',(#542),#239,.T.);
#5935=ADVANCED_FACE('',(#543),#240,.T.);
#5936=ADVANCED_FACE('',(#544),#241,.T.);
#5937=ADVANCED_FACE('',(#545),#242,.T.);
#5938=ADVANCED_FACE('',(#546),#243,.T.);
#5939=ADVANCED_FACE('',(#547),#244,.T.);
#5940=ADVANCED_FACE('',(#548),#245,.T.);
#5941=ADVANCED_FACE('',(#549),#246,.T.);
#5942=ADVANCED_FACE('',(#550),#247,.T.);
#5943=ADVANCED_FACE('',(#551),#248,.T.);
#5944=ADVANCED_FACE('',(#552),#249,.T.);
#5945=ADVANCED_FACE('',(#553),#250,.T.);
#5946=ADVANCED_FACE('',(#554),#251,.T.);
#5947=ADVANCED_FACE('',(#555),#252,.T.);
#5948=ADVANCED_FACE('',(#556),#253,.T.);
#5949=ADVANCED_FACE('',(#557),#254,.T.);
#5950=ADVANCED_FACE('',(#558),#255,.T.);
#5951=ADVANCED_FACE('',(#559),#256,.T.);
#5952=ADVANCED_FACE('',(#560),#257,.T.);
#5953=ADVANCED_FACE('',(#561),#258,.T.);
#5954=ADVANCED_FACE('',(#562),#259,.T.);
#5955=ADVANCED_FACE('',(#563),#260,.T.);
#5956=ADVANCED_FACE('',(#564),#261,.T.);
#5957=ADVANCED_FACE('',(#565),#262,.T.);
#5958=ADVANCED_FACE('',(#566),#263,.T.);
#5959=ADVANCED_FACE('',(#567),#264,.T.);
#5960=ADVANCED_FACE('',(#568),#265,.T.);
#5961=ADVANCED_FACE('',(#569),#266,.T.);
#5962=ADVANCED_FACE('',(#570),#267,.T.);
#5963=ADVANCED_FACE('',(#571),#268,.T.);
#5964=ADVANCED_FACE('',(#572),#269,.T.);
#5965=ADVANCED_FACE('',(#573),#270,.T.);
#5966=ADVANCED_FACE('',(#574),#271,.T.);
#5967=ADVANCED_FACE('',(#575),#272,.T.);
#5968=ADVANCED_FACE('',(#576),#273,.T.);
#5969=ADVANCED_FACE('',(#577),#274,.T.);
#5970=ADVANCED_FACE('',(#578),#275,.T.);
#5971=ADVANCED_FACE('',(#579),#276,.T.);
#5972=ADVANCED_FACE('',(#580),#277,.T.);
#5973=ADVANCED_FACE('',(#581),#278,.T.);
#5974=ADVANCED_FACE('',(#582),#279,.T.);
#5975=ADVANCED_FACE('',(#583),#280,.T.);
#5976=ADVANCED_FACE('',(#584),#281,.T.);
#5977=ADVANCED_FACE('',(#585),#282,.T.);
#5978=ADVANCED_FACE('',(#586),#283,.T.);
#5979=ADVANCED_FACE('',(#587),#284,.T.);
#5980=ADVANCED_FACE('',(#588),#285,.T.);
#5981=ADVANCED_FACE('',(#589),#286,.T.);
#5982=ADVANCED_FACE('',(#590),#287,.T.);
#5983=ADVANCED_FACE('',(#591),#288,.T.);
#5984=ADVANCED_FACE('',(#592),#289,.T.);
#5985=ADVANCED_FACE('',(#593),#290,.T.);
#5986=ADVANCED_FACE('',(#594),#291,.T.);
#5987=ADVANCED_FACE('',(#595),#292,.T.);
#5988=ADVANCED_FACE('',(#596),#293,.T.);
#5989=ADVANCED_FACE('',(#597),#294,.T.);
#5990=ADVANCED_FACE('',(#598),#295,.T.);
#5991=ADVANCED_FACE('',(#599),#296,.T.);
#5992=ADVANCED_FACE('',(#600),#297,.T.);
#5993=ADVANCED_FACE('',(#601),#298,.T.);
#5994=ADVANCED_FACE('',(#602),#299,.T.);
#5995=ADVANCED_FACE('',(#603),#300,.T.);
#5996=ADVANCED_FACE('',(#604),#301,.T.);
#5997=ADVANCED_FACE('',(#605),#302,.T.);
#5998=ADVANCED_FACE('',(#606),#303,.T.);
#5999=ADVANCED_FACE('',(#607),#304,.T.);
#6000=ADVANCED_FACE('',(#608),#305,.T.);
#6001=ADVANCED_FACE('',(#609),#306,.T.);
#6002=ADVANCED_FACE('',(#610),#307,.T.);
#6003=ADVANCED_FACE('',(#611),#308,.T.);
#6004=ADVANCED_FACE('',(#612),#309,.T.);
#6005=ADVANCED_FACE('',(#613),#310,.T.);
#6006=ADVANCED_FACE('',(#614),#311,.T.);
#6007=ADVANCED_FACE('',(#615),#312,.T.);
#6008=ADVANCED_FACE('',(#616),#313,.T.);
#6009=ADVANCED_FACE('',(#617),#314,.T.);
#6010=ADVANCED_FACE('',(#618),#315,.T.);
#6011=ADVANCED_FACE('',(#619),#316,.T.);
#6012=ADVANCED_FACE('',(#620),#317,.T.);
#6013=ADVANCED_FACE('',(#621),#318,.T.);
#6014=ADVANCED_FACE('',(#622),#319,.T.);
#6015=ADVANCED_FACE('',(#623),#320,.T.);
#6016=ADVANCED_FACE('',(#624),#321,.T.);
#6017=ADVANCED_FACE('',(#625),#322,.T.);
#6018=ADVANCED_FACE('',(#626),#323,.T.);
#6019=ADVANCED_FACE('',(#627),#324,.T.);
#6020=ADVANCED_FACE('',(#628),#325,.T.);
#6021=ADVANCED_FACE('',(#629),#326,.T.);
#6022=ADVANCED_FACE('',(#630),#327,.T.);
#6023=ADVANCED_FACE('',(#631),#328,.T.);
#6024=ADVANCED_FACE('',(#632),#329,.T.);
#6025=ADVANCED_FACE('',(#633),#330,.T.);
#6026=ADVANCED_FACE('',(#634),#331,.T.);
#6027=ADVANCED_FACE('',(#635),#332,.T.);
#6028=ADVANCED_FACE('',(#636),#333,.T.);
#6029=ADVANCED_FACE('',(#637),#334,.T.);
#6030=ADVANCED_FACE('',(#638),#335,.T.);
#6031=ADVANCED_FACE('',(#639),#336,.T.);
#6032=ADVANCED_FACE('',(#640),#337,.T.);
#6033=ADVANCED_FACE('',(#641),#338,.T.);
#6034=ADVANCED_FACE('',(#642),#339,.T.);
#6035=ADVANCED_FACE('',(#643),#340,.T.);
#6036=ADVANCED_FACE('',(#644),#341,.T.);
#6037=ADVANCED_FACE('',(#645),#342,.T.);
#6038=ADVANCED_FACE('',(#646),#343,.T.);
#6039=ADVANCED_FACE('',(#647),#344,.T.);
#6040=ADVANCED_FACE('',(#648),#345,.T.);
#6041=ADVANCED_FACE('',(#649),#5762,.F.);
#6042=ADVANCED_FACE('',(#650),#346,.T.);
#6043=ADVANCED_FACE('',(#651),#347,.T.);
#6044=ADVANCED_FACE('',(#652),#348,.T.);
#6045=ADVANCED_FACE('',(#653),#349,.T.);
#6046=ADVANCED_FACE('',(#654),#350,.T.);
#6047=ADVANCED_FACE('',(#655),#351,.T.);
#6048=ADVANCED_FACE('',(#656),#36,.T.);
#6049=ADVANCED_FACE('',(#657),#37,.T.);
#6050=ADVANCED_FACE('',(#658),#38,.T.);
#6051=ADVANCED_FACE('',(#659),#39,.T.);
#6052=ADVANCED_FACE('',(#660),#40,.T.);
#6053=ADVANCED_FACE('',(#661),#352,.T.);
#6054=ADVANCED_FACE('',(#662),#353,.T.);
#6055=ADVANCED_FACE('',(#663),#354,.T.);
#6056=ADVANCED_FACE('',(#664),#355,.T.);
#6057=ADVANCED_FACE('',(#665),#356,.T.);
#6058=ADVANCED_FACE('',(#666),#357,.T.);
#6059=ADVANCED_FACE('',(#667),#358,.T.);
#6060=ADVANCED_FACE('',(#668),#359,.T.);
#6061=ADVANCED_FACE('',(#669),#360,.T.);
#6062=ADVANCED_FACE('',(#670),#361,.T.);
#6063=ADVANCED_FACE('',(#671),#362,.T.);
#6064=ADVANCED_FACE('',(#672),#363,.T.);
#6065=ADVANCED_FACE('',(#673),#364,.T.);
#6066=ADVANCED_FACE('',(#674),#365,.T.);
#6067=ADVANCED_FACE('',(#675,#66,#67,#68,#69,#70,#71,#72,#73,#74,#75,#76,
#77,#78,#79,#80,#81,#82,#83,#84,#85,#86,#87),#366,.T.);
#6068=ADVANCED_FACE('',(#676),#367,.T.);
#6069=ADVANCED_FACE('',(#677),#368,.T.);
#6070=ADVANCED_FACE('',(#678),#369,.T.);
#6071=ADVANCED_FACE('',(#679),#5763,.T.);
#6072=ADVANCED_FACE('',(#680),#370,.T.);
#6073=ADVANCED_FACE('',(#681,#88),#371,.F.);
#6074=CLOSED_SHELL('',(#5764,#5765,#5766,#5767,#5768,#5769,#5770,#5771,
#5772,#5773,#5774,#5775,#5776,#5777,#5778,#5779,#5780,#5781,#5782,#5783,
#5784,#5785,#5786,#5787,#5788,#5789,#5790,#5791,#5792,#5793,#5794,#5795,
#5796,#5797,#5798,#5799,#5800,#5801,#5802,#5803,#5804,#5805,#5806,#5807,
#5808,#5809,#5810,#5811,#5812,#5813,#5814,#5815,#5816,#5817,#5818,#5819,
#5820,#5821,#5822,#5823,#5824,#5825,#5826,#5827,#5828,#5829,#5830,#5831,
#5832,#5833,#5834,#5835,#5836,#5837,#5838,#5839,#5840,#5841,#5842,#5843,
#5844,#5845,#5846,#5847,#5848,#5849,#5850,#5851,#5852,#5853,#5854,#5855,
#5856,#5857,#5858,#5859,#5860,#5861,#5862,#5863,#5864,#5865,#5866,#5867,
#5868,#5869,#5870,#5871,#5872,#5873,#5874,#5875,#5876,#5877,#5878,#5879,
#5880,#5881,#5882,#5883,#5884,#5885,#5886,#5887,#5888,#5889,#5890,#5891,
#5892,#5893,#5894,#5895,#5896,#5897,#5898,#5899,#5900,#5901,#5902,#5903,
#5904,#5905,#5906,#5907,#5908,#5909,#5910,#5911,#5912,#5913,#5914,#5915,
#5916,#5917,#5918,#5919,#5920,#5921,#5922,#5923,#5924,#5925,#5926,#5927,
#5928,#5929,#5930,#5931,#5932,#5933,#5934,#5935,#5936,#5937,#5938,#5939,
#5940,#5941,#5942,#5943,#5944,#5945,#5946,#5947,#5948,#5949,#5950,#5951,
#5952,#5953,#5954,#5955,#5956,#5957,#5958,#5959,#5960,#5961,#5962,#5963,
#5964,#5965,#5966,#5967,#5968,#5969,#5970,#5971,#5972,#5973,#5974,#5975,
#5976,#5977,#5978,#5979,#5980,#5981,#5982,#5983,#5984,#5985,#5986,#5987,
#5988,#5989,#5990,#5991,#5992,#5993,#5994,#5995,#5996,#5997,#5998,#5999,
#6000,#6001,#6002,#6003,#6004,#6005,#6006,#6007,#6008,#6009,#6010,#6011,
#6012,#6013,#6014,#6015,#6016,#6017,#6018,#6019,#6020,#6021,#6022,#6023,
#6024,#6025,#6026,#6027,#6028,#6029,#6030,#6031,#6032,#6033,#6034,#6035,
#6036,#6037,#6038,#6039,#6040,#6041,#6042,#6043,#6044,#6045,#6046,#6047,
#6048,#6049,#6050,#6051,#6052,#6053,#6054,#6055,#6056,#6057,#6058,#6059,
#6060,#6061,#6062,#6063,#6064,#6065,#6066,#6067,#6068,#6069,#6070,#6071,
#6072,#6073));
#6075=DERIVED_UNIT_ELEMENT(#6077,1.);
#6076=DERIVED_UNIT_ELEMENT(#9771,-3.);
#6077=(
MASS_UNIT()
NAMED_UNIT(*)
SI_UNIT(.KILO.,.GRAM.)
);
#6078=DERIVED_UNIT((#6075,#6076));
#6079=MEASURE_REPRESENTATION_ITEM('density measure',
POSITIVE_RATIO_MEASURE(7850.),#6078);
#6080=PROPERTY_DEFINITION_REPRESENTATION(#6085,#6082);
#6081=PROPERTY_DEFINITION_REPRESENTATION(#6086,#6083);
#6082=REPRESENTATION('material name',(#6084),#9768);
#6083=REPRESENTATION('density',(#6079),#9768);
#6084=DESCRIPTIVE_REPRESENTATION_ITEM('Steel','Steel');
#6085=PROPERTY_DEFINITION('material property','material name',#9778);
#6086=PROPERTY_DEFINITION('material property','density of part',#9778);
#6087=AXIS2_PLACEMENT_3D('',#7873,#6417,#6418);
#6088=AXIS2_PLACEMENT_3D('',#7874,#6419,#6420);
#6089=AXIS2_PLACEMENT_3D('',#7877,#6421,#6422);
#6090=AXIS2_PLACEMENT_3D('',#7881,#6424,#6425);
#6091=AXIS2_PLACEMENT_3D('',#7883,#6427,#6428);
#6092=AXIS2_PLACEMENT_3D('',#7885,#6429,#6430);
#6093=AXIS2_PLACEMENT_3D('',#7887,#6431,#6432);
#6094=AXIS2_PLACEMENT_3D('',#7889,#6434,#6435);
#6095=AXIS2_PLACEMENT_3D('',#7895,#6439,#6440);
#6096=AXIS2_PLACEMENT_3D('',#7897,#6441,#6442);
#6097=AXIS2_PLACEMENT_3D('',#7899,#6443,#6444);
#6098=AXIS2_PLACEMENT_3D('',#7901,#6446,#6447);
#6099=AXIS2_PLACEMENT_3D('',#7907,#6451,#6452);
#6100=AXIS2_PLACEMENT_3D('',#7908,#6453,#6454);
#6101=AXIS2_PLACEMENT_3D('',#7909,#6455,#6456);
#6102=AXIS2_PLACEMENT_3D('',#7910,#6457,#6458);
#6103=AXIS2_PLACEMENT_3D('',#7911,#6459,#6460);
#6104=AXIS2_PLACEMENT_3D('',#7920,#6465,#6466);
#6105=AXIS2_PLACEMENT_3D('',#7926,#6470,#6471);
#6106=AXIS2_PLACEMENT_3D('',#7928,#6472,#6473);
#6107=AXIS2_PLACEMENT_3D('',#7930,#6474,#6475);
#6108=AXIS2_PLACEMENT_3D('',#7932,#6477,#6478);
#6109=AXIS2_PLACEMENT_3D('',#7938,#6482,#6483);
#6110=AXIS2_PLACEMENT_3D('',#7939,#6484,#6485);
#6111=AXIS2_PLACEMENT_3D('',#7940,#6486,#6487);
#6112=AXIS2_PLACEMENT_3D('',#7941,#6488,#6489);
#6113=AXIS2_PLACEMENT_3D('',#7942,#6490,#6491);
#6114=AXIS2_PLACEMENT_3D('',#7951,#6496,#6497);
#6115=AXIS2_PLACEMENT_3D('',#7957,#6501,#6502);
#6116=AXIS2_PLACEMENT_3D('',#7959,#6503,#6504);
#6117=AXIS2_PLACEMENT_3D('',#7961,#6505,#6506);
#6118=AXIS2_PLACEMENT_3D('',#7963,#6508,#6509);
#6119=AXIS2_PLACEMENT_3D('',#7969,#6513,#6514);
#6120=AXIS2_PLACEMENT_3D('',#7970,#6515,#6516);
#6121=AXIS2_PLACEMENT_3D('',#7971,#6517,#6518);
#6122=AXIS2_PLACEMENT_3D('',#7972,#6519,#6520);
#6123=AXIS2_PLACEMENT_3D('',#7973,#6521,#6522);
#6124=AXIS2_PLACEMENT_3D('',#7978,#6524,#6525);
#6125=AXIS2_PLACEMENT_3D('',#7992,#6533,#6534);
#6126=AXIS2_PLACEMENT_3D('',#7998,#6538,#6539);
#6127=AXIS2_PLACEMENT_3D('',#8002,#6542,#6543);
#6128=AXIS2_PLACEMENT_3D('',#8006,#6546,#6547);
#6129=AXIS2_PLACEMENT_3D('',#8010,#6550,#6551);
#6130=AXIS2_PLACEMENT_3D('',#8013,#6553,#6554);
#6131=AXIS2_PLACEMENT_3D('',#8014,#6555,#6556);
#6132=AXIS2_PLACEMENT_3D('',#8023,#6561,#6562);
#6133=AXIS2_PLACEMENT_3D('',#8025,#6563,#6564);
#6134=AXIS2_PLACEMENT_3D('',#8037,#6570,#6571);
#6135=AXIS2_PLACEMENT_3D('',#8043,#6575,#6576);
#6136=AXIS2_PLACEMENT_3D('',#8049,#6580,#6581);
#6137=AXIS2_PLACEMENT_3D('',#8053,#6584,#6585);
#6138=AXIS2_PLACEMENT_3D('',#8057,#6588,#6589);
#6139=AXIS2_PLACEMENT_3D('',#8061,#6592,#6593);
#6140=AXIS2_PLACEMENT_3D('',#8065,#6596,#6597);
#6141=AXIS2_PLACEMENT_3D('',#8078,#6598,#6599);
#6142=AXIS2_PLACEMENT_3D('',#8080,#6600,#6601);
#6143=AXIS2_PLACEMENT_3D('',#8082,#6602,#6603);
#6144=AXIS2_PLACEMENT_3D('',#8084,#6604,#6605);
#6145=AXIS2_PLACEMENT_3D('',#8096,#6606,#6607);
#6146=AXIS2_PLACEMENT_3D('',#8097,#6608,#6609);
#6147=AXIS2_PLACEMENT_3D('',#8170,#6613,#6614);
#6148=AXIS2_PLACEMENT_3D('',#8213,#6618,#6619);
#6149=AXIS2_PLACEMENT_3D('',#8223,#6621,#6622);
#6150=AXIS2_PLACEMENT_3D('',#8237,#6625,#6626);
#6151=AXIS2_PLACEMENT_3D('',#8246,#6628,#6629);
#6152=AXIS2_PLACEMENT_3D('',#8255,#6631,#6632);
#6153=AXIS2_PLACEMENT_3D('',#8270,#6634,#6635);
#6154=AXIS2_PLACEMENT_3D('',#8285,#6643,#6644);
#6155=AXIS2_PLACEMENT_3D('',#8291,#6648,#6649);
#6156=AXIS2_PLACEMENT_3D('',#8295,#6652,#6653);
#6157=AXIS2_PLACEMENT_3D('',#8299,#6656,#6657);
#6158=AXIS2_PLACEMENT_3D('',#8303,#6660,#6661);
#6159=AXIS2_PLACEMENT_3D('',#8312,#6666,#6667);
#6160=AXIS2_PLACEMENT_3D('',#8318,#6671,#6672);
#6161=AXIS2_PLACEMENT_3D('',#8354,#6691,#6692);
#6162=AXIS2_PLACEMENT_3D('',#8360,#6696,#6697);
#6163=AXIS2_PLACEMENT_3D('',#8364,#6700,#6701);
#6164=AXIS2_PLACEMENT_3D('',#8370,#6705,#6706);
#6165=AXIS2_PLACEMENT_3D('',#8374,#6709,#6710);
#6166=AXIS2_PLACEMENT_3D('',#8383,#6715,#6716);
#6167=AXIS2_PLACEMENT_3D('',#8389,#6720,#6721);
#6168=AXIS2_PLACEMENT_3D('',#8425,#6740,#6741);
#6169=AXIS2_PLACEMENT_3D('',#8431,#6745,#6746);
#6170=AXIS2_PLACEMENT_3D('',#8435,#6749,#6750);
#6171=AXIS2_PLACEMENT_3D('',#8444,#6755,#6756);
#6172=AXIS2_PLACEMENT_3D('',#8450,#6760,#6761);
#6173=AXIS2_PLACEMENT_3D('',#8454,#6764,#6765);
#6174=AXIS2_PLACEMENT_3D('',#8463,#6770,#6771);
#6175=AXIS2_PLACEMENT_3D('',#8469,#6775,#6776);
#6176=AXIS2_PLACEMENT_3D('',#8505,#6795,#6796);
#6177=AXIS2_PLACEMENT_3D('',#8514,#6801,#6802);
#6178=AXIS2_PLACEMENT_3D('',#8552,#6822,#6823);
#6179=AXIS2_PLACEMENT_3D('',#8556,#6826,#6827);
#6180=AXIS2_PLACEMENT_3D('',#8562,#6831,#6832);
#6181=AXIS2_PLACEMENT_3D('',#8566,#6835,#6836);
#6182=AXIS2_PLACEMENT_3D('',#8597,#6853,#6854);
#6183=AXIS2_PLACEMENT_3D('',#8606,#6859,#6860);
#6184=AXIS2_PLACEMENT_3D('',#8612,#6864,#6865);
#6185=AXIS2_PLACEMENT_3D('',#8648,#6884,#6885);
#6186=AXIS2_PLACEMENT_3D('',#8657,#6890,#6891);
#6187=AXIS2_PLACEMENT_3D('',#8663,#6895,#6896);
#6188=AXIS2_PLACEMENT_3D('',#8699,#6915,#6916);
#6189=AXIS2_PLACEMENT_3D('',#8708,#6921,#6922);
#6190=AXIS2_PLACEMENT_3D('',#8714,#6926,#6927);
#6191=AXIS2_PLACEMENT_3D('',#8718,#6930,#6931);
#6192=AXIS2_PLACEMENT_3D('',#8727,#6936,#6937);
#6193=AXIS2_PLACEMENT_3D('',#8733,#6941,#6942);
#6194=AXIS2_PLACEMENT_3D('',#8769,#6961,#6962);
#6195=AXIS2_PLACEMENT_3D('',#8778,#6967,#6968);
#6196=AXIS2_PLACEMENT_3D('',#8784,#6972,#6973);
#6197=AXIS2_PLACEMENT_3D('',#8820,#6992,#6993);
#6198=AXIS2_PLACEMENT_3D('',#8826,#6997,#6998);
#6199=AXIS2_PLACEMENT_3D('',#8830,#7001,#7002);
#6200=AXIS2_PLACEMENT_3D('',#8836,#7006,#7007);
#6201=AXIS2_PLACEMENT_3D('',#8840,#7010,#7011);
#6202=AXIS2_PLACEMENT_3D('',#8846,#7015,#7016);
#6203=AXIS2_PLACEMENT_3D('',#8850,#7019,#7020);
#6204=AXIS2_PLACEMENT_3D('',#8856,#7024,#7025);
#6205=AXIS2_PLACEMENT_3D('',#8860,#7028,#7029);
#6206=AXIS2_PLACEMENT_3D('',#8866,#7033,#7034);
#6207=AXIS2_PLACEMENT_3D('',#8899,#7052,#7053);
#6208=AXIS2_PLACEMENT_3D('',#8901,#7055,#7056);
#6209=AXIS2_PLACEMENT_3D('',#8904,#7059,#7060);
#6210=AXIS2_PLACEMENT_3D('',#8906,#7062,#7063);
#6211=AXIS2_PLACEMENT_3D('',#8909,#7066,#7067);
#6212=AXIS2_PLACEMENT_3D('',#8911,#7069,#7070);
#6213=AXIS2_PLACEMENT_3D('',#8917,#7074,#7075);
#6214=AXIS2_PLACEMENT_3D('',#8921,#7078,#7079);
#6215=AXIS2_PLACEMENT_3D('',#8930,#7084,#7085);
#6216=AXIS2_PLACEMENT_3D('',#8936,#7089,#7090);
#6217=AXIS2_PLACEMENT_3D('',#8940,#7093,#7094);
#6218=AXIS2_PLACEMENT_3D('',#8949,#7099,#7100);
#6219=AXIS2_PLACEMENT_3D('',#8955,#7104,#7105);
#6220=AXIS2_PLACEMENT_3D('',#8991,#7124,#7125);
#6221=AXIS2_PLACEMENT_3D('',#8997,#7129,#7130);
#6222=AXIS2_PLACEMENT_3D('',#9001,#7133,#7134);
#6223=AXIS2_PLACEMENT_3D('',#9010,#7139,#7140);
#6224=AXIS2_PLACEMENT_3D('',#9048,#7160,#7161);
#6225=AXIS2_PLACEMENT_3D('',#9052,#7164,#7165);
#6226=AXIS2_PLACEMENT_3D('',#9058,#7169,#7170);
#6227=AXIS2_PLACEMENT_3D('',#9062,#7173,#7174);
#6228=AXIS2_PLACEMENT_3D('',#9093,#7191,#7192);
#6229=AXIS2_PLACEMENT_3D('',#9096,#7195,#7196);
#6230=AXIS2_PLACEMENT_3D('',#9098,#7198,#7199);
#6231=AXIS2_PLACEMENT_3D('',#9104,#7203,#7204);
#6232=AXIS2_PLACEMENT_3D('',#9108,#7207,#7208);
#6233=AXIS2_PLACEMENT_3D('',#9114,#7212,#7213);
#6234=AXIS2_PLACEMENT_3D('',#9118,#7216,#7217);
#6235=AXIS2_PLACEMENT_3D('',#9124,#7221,#7222);
#6236=AXIS2_PLACEMENT_3D('',#9128,#7225,#7226);
#6237=AXIS2_PLACEMENT_3D('',#9154,#7241,#7242);
#6238=AXIS2_PLACEMENT_3D('',#9157,#7245,#7246);
#6239=AXIS2_PLACEMENT_3D('',#9159,#7248,#7249);
#6240=AXIS2_PLACEMENT_3D('',#9162,#7252,#7253);
#6241=AXIS2_PLACEMENT_3D('',#9164,#7255,#7256);
#6242=AXIS2_PLACEMENT_3D('',#9170,#7260,#7261);
#6243=AXIS2_PLACEMENT_3D('',#9198,#7277,#7278);
#6244=AXIS2_PLACEMENT_3D('',#9200,#7280,#7281);
#6245=AXIS2_PLACEMENT_3D('',#9203,#7284,#7285);
#6246=AXIS2_PLACEMENT_3D('',#9205,#7287,#7288);
#6247=AXIS2_PLACEMENT_3D('',#9208,#7291,#7292);
#6248=AXIS2_PLACEMENT_3D('',#9210,#7294,#7295);
#6249=AXIS2_PLACEMENT_3D('',#9213,#7298,#7299);
#6250=AXIS2_PLACEMENT_3D('',#9215,#7301,#7302);
#6251=AXIS2_PLACEMENT_3D('',#9221,#7306,#7307);
#6252=AXIS2_PLACEMENT_3D('',#9225,#7310,#7311);
#6253=AXIS2_PLACEMENT_3D('',#9251,#7326,#7327);
#6254=AXIS2_PLACEMENT_3D('',#9260,#7332,#7333);
#6255=AXIS2_PLACEMENT_3D('',#9266,#7337,#7338);
#6256=AXIS2_PLACEMENT_3D('',#9270,#7341,#7342);
#6257=AXIS2_PLACEMENT_3D('',#9276,#7346,#7347);
#6258=AXIS2_PLACEMENT_3D('',#9280,#7350,#7351);
#6259=AXIS2_PLACEMENT_3D('',#9301,#7364,#7365);
#6260=AXIS2_PLACEMENT_3D('',#9307,#7369,#7370);
#6261=AXIS2_PLACEMENT_3D('',#9311,#7373,#7374);
#6262=AXIS2_PLACEMENT_3D('',#9337,#7389,#7390);
#6263=AXIS2_PLACEMENT_3D('',#9340,#7393,#7394);
#6264=AXIS2_PLACEMENT_3D('',#9342,#7396,#7397);
#6265=AXIS2_PLACEMENT_3D('',#9345,#7400,#7401);
#6266=AXIS2_PLACEMENT_3D('',#9347,#7403,#7404);
#6267=AXIS2_PLACEMENT_3D('',#9350,#7407,#7408);
#6268=AXIS2_PLACEMENT_3D('',#9352,#7410,#7411);
#6269=AXIS2_PLACEMENT_3D('',#9355,#7414,#7415);
#6270=AXIS2_PLACEMENT_3D('',#9357,#7417,#7418);
#6271=AXIS2_PLACEMENT_3D('',#9360,#7421,#7422);
#6272=AXIS2_PLACEMENT_3D('',#9362,#7424,#7425);
#6273=AXIS2_PLACEMENT_3D('',#9365,#7428,#7429);
#6274=AXIS2_PLACEMENT_3D('',#9367,#7431,#7432);
#6275=AXIS2_PLACEMENT_3D('',#9370,#7435,#7436);
#6276=AXIS2_PLACEMENT_3D('',#9372,#7438,#7439);
#6277=AXIS2_PLACEMENT_3D('',#9375,#7442,#7443);
#6278=AXIS2_PLACEMENT_3D('',#9377,#7445,#7446);
#6279=AXIS2_PLACEMENT_3D('',#9386,#7451,#7452);
#6280=AXIS2_PLACEMENT_3D('',#9392,#7456,#7457);
#6281=AXIS2_PLACEMENT_3D('',#9396,#7460,#7461);
#6282=AXIS2_PLACEMENT_3D('',#9402,#7465,#7466);
#6283=AXIS2_PLACEMENT_3D('',#9430,#7482,#7483);
#6284=AXIS2_PLACEMENT_3D('',#9432,#7485,#7486);
#6285=AXIS2_PLACEMENT_3D('',#9435,#7489,#7490);
#6286=AXIS2_PLACEMENT_3D('',#9437,#7492,#7493);
#6287=AXIS2_PLACEMENT_3D('',#9440,#7496,#7497);
#6288=AXIS2_PLACEMENT_3D('',#9442,#7499,#7500);
#6289=AXIS2_PLACEMENT_3D('',#9445,#7503,#7504);
#6290=AXIS2_PLACEMENT_3D('',#9447,#7506,#7507);
#6291=AXIS2_PLACEMENT_3D('',#9450,#7510,#7511);
#6292=AXIS2_PLACEMENT_3D('',#9452,#7513,#7514);
#6293=AXIS2_PLACEMENT_3D('',#9454,#7516,#7517);
#6294=AXIS2_PLACEMENT_3D('',#9456,#7519,#7520);
#6295=AXIS2_PLACEMENT_3D('',#9457,#7521,#7522);
#6296=AXIS2_PLACEMENT_3D('',#9459,#7524,#7525);
#6297=AXIS2_PLACEMENT_3D('',#9460,#7526,#7527);
#6298=AXIS2_PLACEMENT_3D('',#9462,#7529,#7530);
#6299=AXIS2_PLACEMENT_3D('',#9464,#7532,#7533);
#6300=AXIS2_PLACEMENT_3D('',#9465,#7534,#7535);
#6301=AXIS2_PLACEMENT_3D('',#9467,#7537,#7538);
#6302=AXIS2_PLACEMENT_3D('',#9468,#7539,#7540);
#6303=AXIS2_PLACEMENT_3D('',#9470,#7542,#7543);
#6304=AXIS2_PLACEMENT_3D('',#9471,#7544,#7545);
#6305=AXIS2_PLACEMENT_3D('',#9473,#7547,#7548);
#6306=AXIS2_PLACEMENT_3D('',#9474,#7549,#7550);
#6307=AXIS2_PLACEMENT_3D('',#9476,#7552,#7553);
#6308=AXIS2_PLACEMENT_3D('',#9478,#7555,#7556);
#6309=AXIS2_PLACEMENT_3D('',#9479,#7557,#7558);
#6310=AXIS2_PLACEMENT_3D('',#9481,#7560,#7561);
#6311=AXIS2_PLACEMENT_3D('',#9482,#7562,#7563);
#6312=AXIS2_PLACEMENT_3D('',#9484,#7565,#7566);
#6313=AXIS2_PLACEMENT_3D('',#9485,#7567,#7568);
#6314=AXIS2_PLACEMENT_3D('',#9487,#7570,#7571);
#6315=AXIS2_PLACEMENT_3D('',#9488,#7572,#7573);
#6316=AXIS2_PLACEMENT_3D('',#9490,#7575,#7576);
#6317=AXIS2_PLACEMENT_3D('',#9492,#7578,#7579);
#6318=AXIS2_PLACEMENT_3D('',#9493,#7580,#7581);
#6319=AXIS2_PLACEMENT_3D('',#9495,#7583,#7584);
#6320=AXIS2_PLACEMENT_3D('',#9496,#7585,#7586);
#6321=AXIS2_PLACEMENT_3D('',#9498,#7588,#7589);
#6322=AXIS2_PLACEMENT_3D('',#9499,#7590,#7591);
#6323=AXIS2_PLACEMENT_3D('',#9501,#7593,#7594);
#6324=AXIS2_PLACEMENT_3D('',#9502,#7595,#7596);
#6325=AXIS2_PLACEMENT_3D('',#9504,#7598,#7599);
#6326=AXIS2_PLACEMENT_3D('',#9506,#7601,#7602);
#6327=AXIS2_PLACEMENT_3D('',#9507,#7603,#7604);
#6328=AXIS2_PLACEMENT_3D('',#9509,#7606,#7607);
#6329=AXIS2_PLACEMENT_3D('',#9510,#7608,#7609);
#6330=AXIS2_PLACEMENT_3D('',#9512,#7611,#7612);
#6331=AXIS2_PLACEMENT_3D('',#9513,#7613,#7614);
#6332=AXIS2_PLACEMENT_3D('',#9515,#7616,#7617);
#6333=AXIS2_PLACEMENT_3D('',#9516,#7618,#7619);
#6334=AXIS2_PLACEMENT_3D('',#9518,#7621,#7622);
#6335=AXIS2_PLACEMENT_3D('',#9519,#7623,#7624);
#6336=AXIS2_PLACEMENT_3D('',#9521,#7626,#7627);
#6337=AXIS2_PLACEMENT_3D('',#9522,#7628,#7629);
#6338=AXIS2_PLACEMENT_3D('',#9526,#7632,#7633);
#6339=AXIS2_PLACEMENT_3D('',#9528,#7635,#7636);
#6340=AXIS2_PLACEMENT_3D('',#9541,#7645,#7646);
#6341=AXIS2_PLACEMENT_3D('',#9543,#7648,#7649);
#6342=AXIS2_PLACEMENT_3D('',#9544,#7650,#7651);
#6343=AXIS2_PLACEMENT_3D('',#9546,#7653,#7654);
#6344=AXIS2_PLACEMENT_3D('',#9548,#7656,#7657);
#6345=AXIS2_PLACEMENT_3D('',#9549,#7658,#7659);
#6346=AXIS2_PLACEMENT_3D('',#9551,#7661,#7662);
#6347=AXIS2_PLACEMENT_3D('',#9552,#7663,#7664);
#6348=AXIS2_PLACEMENT_3D('',#9554,#7666,#7667);
#6349=AXIS2_PLACEMENT_3D('',#9555,#7668,#7669);
#6350=AXIS2_PLACEMENT_3D('',#9556,#7670,#7671);
#6351=AXIS2_PLACEMENT_3D('',#9558,#7673,#7674);
#6352=AXIS2_PLACEMENT_3D('',#9559,#7675,#7676);
#6353=AXIS2_PLACEMENT_3D('',#9561,#7678,#7679);
#6354=AXIS2_PLACEMENT_3D('',#9563,#7681,#7682);
#6355=AXIS2_PLACEMENT_3D('',#9564,#7683,#7684);
#6356=AXIS2_PLACEMENT_3D('',#9566,#7686,#7687);
#6357=AXIS2_PLACEMENT_3D('',#9567,#7688,#7689);
#6358=AXIS2_PLACEMENT_3D('',#9568,#7690,#7691);
#6359=AXIS2_PLACEMENT_3D('',#9570,#7693,#7694);
#6360=AXIS2_PLACEMENT_3D('',#9571,#7695,#7696);
#6361=AXIS2_PLACEMENT_3D('',#9573,#7698,#7699);
#6362=AXIS2_PLACEMENT_3D('',#9575,#7701,#7702);
#6363=AXIS2_PLACEMENT_3D('',#9576,#7703,#7704);
#6364=AXIS2_PLACEMENT_3D('',#9578,#7706,#7707);
#6365=AXIS2_PLACEMENT_3D('',#9579,#7708,#7709);
#6366=AXIS2_PLACEMENT_3D('',#9580,#7710,#7711);
#6367=AXIS2_PLACEMENT_3D('',#9582,#7713,#7714);
#6368=AXIS2_PLACEMENT_3D('',#9583,#7715,#7716);
#6369=AXIS2_PLACEMENT_3D('',#9585,#7718,#7719);
#6370=AXIS2_PLACEMENT_3D('',#9587,#7721,#7722);
#6371=AXIS2_PLACEMENT_3D('',#9588,#7723,#7724);
#6372=AXIS2_PLACEMENT_3D('',#9590,#7726,#7727);
#6373=AXIS2_PLACEMENT_3D('',#9591,#7728,#7729);
#6374=AXIS2_PLACEMENT_3D('',#9593,#7731,#7732);
#6375=AXIS2_PLACEMENT_3D('',#9594,#7733,#7734);
#6376=AXIS2_PLACEMENT_3D('',#9595,#7735,#7736);
#6377=AXIS2_PLACEMENT_3D('',#9597,#7738,#7739);
#6378=AXIS2_PLACEMENT_3D('',#9598,#7740,#7741);
#6379=AXIS2_PLACEMENT_3D('',#9602,#7744,#7745);
#6380=AXIS2_PLACEMENT_3D('',#9604,#7747,#7748);
#6381=AXIS2_PLACEMENT_3D('',#9608,#7751,#7752);
#6382=AXIS2_PLACEMENT_3D('',#9610,#7754,#7755);
#6383=AXIS2_PLACEMENT_3D('',#9614,#7758,#7759);
#6384=AXIS2_PLACEMENT_3D('',#9616,#7761,#7762);
#6385=AXIS2_PLACEMENT_3D('',#9617,#7763,#7764);
#6386=AXIS2_PLACEMENT_3D('',#9618,#7765,#7766);
#6387=AXIS2_PLACEMENT_3D('',#9619,#7767,#7768);
#6388=AXIS2_PLACEMENT_3D('',#9623,#7771,#7772);
#6389=AXIS2_PLACEMENT_3D('',#9627,#7775,#7776);
#6390=AXIS2_PLACEMENT_3D('',#9631,#7779,#7780);
#6391=AXIS2_PLACEMENT_3D('',#9633,#7782,#7783);
#6392=AXIS2_PLACEMENT_3D('',#9637,#7786,#7787);
#6393=AXIS2_PLACEMENT_3D('',#9674,#7791,#7792);
#6394=AXIS2_PLACEMENT_3D('',#9683,#7794,#7795);
#6395=AXIS2_PLACEMENT_3D('',#9697,#7797,#7798);
#6396=AXIS2_PLACEMENT_3D('',#9701,#7801,#7802);
#6397=AXIS2_PLACEMENT_3D('',#9705,#7805,#7806);
#6398=AXIS2_PLACEMENT_3D('',#9707,#7808,#7809);
#6399=AXIS2_PLACEMENT_3D('',#9711,#7812,#7813);
#6400=AXIS2_PLACEMENT_3D('',#9713,#7815,#7816);
#6401=AXIS2_PLACEMENT_3D('',#9715,#7818,#7819);
#6402=AXIS2_PLACEMENT_3D('',#9717,#7821,#7822);
#6403=AXIS2_PLACEMENT_3D('',#9719,#7824,#7825);
#6404=AXIS2_PLACEMENT_3D('',#9721,#7827,#7828);
#6405=AXIS2_PLACEMENT_3D('',#9723,#7830,#7831);
#6406=AXIS2_PLACEMENT_3D('',#9732,#7836,#7837);
#6407=AXIS2_PLACEMENT_3D('',#9738,#7841,#7842);
#6408=AXIS2_PLACEMENT_3D('',#9744,#7846,#7847);
#6409=AXIS2_PLACEMENT_3D('',#9747,#7850,#7851);
#6410=AXIS2_PLACEMENT_3D('',#9748,#7852,#7853);
#6411=AXIS2_PLACEMENT_3D('',#9754,#7857,#7858);
#6412=AXIS2_PLACEMENT_3D('',#9758,#7861,#7862);
#6413=AXIS2_PLACEMENT_3D('',#9762,#7865,#7866);
#6414=AXIS2_PLACEMENT_3D('',#9763,#7867,#7868);
#6415=AXIS2_PLACEMENT_3D('',#9764,#7869,#7870);
#6416=AXIS2_PLACEMENT_3D('',#9765,#7871,#7872);
#6417=DIRECTION('axis',(0.,0.,1.));
#6418=DIRECTION('refdir',(1.,0.,0.));
#6419=DIRECTION('center_axis',(0.,0.,-1.));
#6420=DIRECTION('ref_axis',(-2.77555756156289E-16,-1.,0.));
#6421=DIRECTION('center_axis',(0.,0.,-1.));
#6422=DIRECTION('ref_axis',(0.707106781186547,0.707106781186548,0.));
#6423=DIRECTION('',(0.,0.,-1.));
#6424=DIRECTION('center_axis',(0.,0.,-1.));
#6425=DIRECTION('ref_axis',(0.707106781186547,0.707106781186548,0.));
#6426=DIRECTION('',(0.,0.,-1.));
#6427=DIRECTION('center_axis',(0.,0.,-1.));
#6428=DIRECTION('ref_axis',(-1.,-2.08166817117217E-16,0.));
#6429=DIRECTION('center_axis',(0.,0.,-1.));
#6430=DIRECTION('ref_axis',(0.707106781186547,0.707106781186548,0.));
#6431=DIRECTION('center_axis',(0.,0.,-1.));
#6432=DIRECTION('ref_axis',(0.707106781186547,0.707106781186548,0.));
#6433=DIRECTION('',(0.,0.,-1.));
#6434=DIRECTION('center_axis',(-0.707106781186548,0.707106781186547,0.));
#6435=DIRECTION('ref_axis',(0.707106781186547,0.707106781186548,0.));
#6436=DIRECTION('',(0.707106781186547,0.707106781186548,0.));
#6437=DIRECTION('',(0.707106781186547,0.707106781186548,0.));
#6438=DIRECTION('',(0.,0.,-1.));
#6439=DIRECTION('center_axis',(0.,0.,-1.));
#6440=DIRECTION('ref_axis',(0.707106781186547,0.707106781186548,0.));
#6441=DIRECTION('center_axis',(0.,0.,-1.));
#6442=DIRECTION('ref_axis',(0.707106781186547,0.707106781186548,0.));
#6443=DIRECTION('center_axis',(0.,0.,-1.));
#6444=DIRECTION('ref_axis',(0.707106781186547,0.707106781186548,0.));
#6445=DIRECTION('',(0.,0.,-1.));
#6446=DIRECTION('center_axis',(0.707106781186548,-0.707106781186547,0.));
#6447=DIRECTION('ref_axis',(-0.707106781186547,-0.707106781186548,0.));
#6448=DIRECTION('',(-0.707106781186547,-0.707106781186548,0.));
#6449=DIRECTION('',(0.,0.,-1.));
#6450=DIRECTION('',(-0.707106781186547,-0.707106781186548,0.));
#6451=DIRECTION('center_axis',(0.,0.,-1.));
#6452=DIRECTION('ref_axis',(0.707106781186547,0.707106781186548,0.));
#6453=DIRECTION('center_axis',(0.,0.,-1.));
#6454=DIRECTION('ref_axis',(0.707106781186547,0.707106781186548,0.));
#6455=DIRECTION('center_axis',(0.,0.,-1.));
#6456=DIRECTION('ref_axis',(0.707106781186547,0.707106781186548,0.));
#6457=DIRECTION('center_axis',(0.,0.,1.));
#6458=DIRECTION('ref_axis',(0.707106781186547,0.707106781186548,0.));
#6459=DIRECTION('center_axis',(0.707106781186548,-0.707106781186547,0.));
#6460=DIRECTION('ref_axis',(-0.707106781186547,-0.707106781186548,0.));
#6461=DIRECTION('',(-0.707106781186547,-0.707106781186548,0.));
#6462=DIRECTION('',(0.,0.,-1.));
#6463=DIRECTION('',(-0.707106781186547,-0.707106781186548,0.));
#6464=DIRECTION('',(0.,0.,-1.));
#6465=DIRECTION('center_axis',(-0.707106781186547,-0.707106781186548,0.));
#6466=DIRECTION('ref_axis',(-0.707106781186548,0.707106781186547,0.));
#6467=DIRECTION('',(-0.707106781186548,0.707106781186547,0.));
#6468=DIRECTION('',(-0.707106781186548,0.707106781186547,0.));
#6469=DIRECTION('',(0.,0.,-1.));
#6470=DIRECTION('center_axis',(0.,0.,-1.));
#6471=DIRECTION('ref_axis',(-1.,-2.77555756156289E-16,0.));
#6472=DIRECTION('center_axis',(0.,0.,-1.));
#6473=DIRECTION('ref_axis',(0.707106781186547,0.707106781186548,0.));
#6474=DIRECTION('center_axis',(0.,0.,-1.));
#6475=DIRECTION('ref_axis',(0.707106781186547,0.707106781186548,0.));
#6476=DIRECTION('',(0.,0.,-1.));
#6477=DIRECTION('center_axis',(0.707106781186547,0.707106781186548,0.));
#6478=DIRECTION('ref_axis',(0.707106781186548,-0.707106781186547,0.));
#6479=DIRECTION('',(0.707106781186548,-0.707106781186547,0.));
#6480=DIRECTION('',(0.,0.,-1.));
#6481=DIRECTION('',(0.707106781186548,-0.707106781186547,0.));
#6482=DIRECTION('center_axis',(0.,0.,-1.));
#6483=DIRECTION('ref_axis',(0.707106781186547,0.707106781186548,0.));
#6484=DIRECTION('center_axis',(0.,0.,-1.));
#6485=DIRECTION('ref_axis',(0.707106781186547,0.707106781186548,0.));
#6486=DIRECTION('center_axis',(0.,0.,-1.));
#6487=DIRECTION('ref_axis',(0.707106781186547,0.707106781186548,0.));
#6488=DIRECTION('center_axis',(0.,0.,1.));
#6489=DIRECTION('ref_axis',(0.707106781186547,0.707106781186548,0.));
#6490=DIRECTION('center_axis',(-0.707106781186548,0.707106781186547,0.));
#6491=DIRECTION('ref_axis',(0.707106781186547,0.707106781186548,0.));
#6492=DIRECTION('',(0.707106781186547,0.707106781186548,0.));
#6493=DIRECTION('',(0.,0.,-1.));
#6494=DIRECTION('',(0.707106781186547,0.707106781186548,0.));
#6495=DIRECTION('',(0.,0.,-1.));
#6496=DIRECTION('center_axis',(0.707106781186547,0.707106781186548,0.));
#6497=DIRECTION('ref_axis',(0.707106781186548,-0.707106781186547,0.));
#6498=DIRECTION('',(0.707106781186548,-0.707106781186547,0.));
#6499=DIRECTION('',(0.707106781186548,-0.707106781186547,0.));
#6500=DIRECTION('',(0.,0.,-1.));
#6501=DIRECTION('center_axis',(0.,0.,-1.));
#6502=DIRECTION('ref_axis',(0.707106781186547,0.707106781186548,0.));
#6503=DIRECTION('center_axis',(0.,0.,-1.));
#6504=DIRECTION('ref_axis',(0.707106781186547,0.707106781186548,0.));
#6505=DIRECTION('center_axis',(0.,0.,-1.));
#6506=DIRECTION('ref_axis',(0.707106781186547,0.707106781186548,0.));
#6507=DIRECTION('',(0.,0.,-1.));
#6508=DIRECTION('center_axis',(-0.707106781186547,-0.707106781186548,0.));
#6509=DIRECTION('ref_axis',(-0.707106781186548,0.707106781186547,0.));
#6510=DIRECTION('',(-0.707106781186548,0.707106781186547,0.));
#6511=DIRECTION('',(0.,0.,-1.));
#6512=DIRECTION('',(-0.707106781186548,0.707106781186547,0.));
#6513=DIRECTION('center_axis',(0.,0.,-1.));
#6514=DIRECTION('ref_axis',(2.08166817117217E-16,-1.,0.));
#6515=DIRECTION('center_axis',(0.,0.,-1.));
#6516=DIRECTION('ref_axis',(0.707106781186547,0.707106781186548,0.));
#6517=DIRECTION('center_axis',(0.,0.,-1.));
#6518=DIRECTION('ref_axis',(0.707106781186547,0.707106781186548,0.));
#6519=DIRECTION('center_axis',(0.,0.,1.));
#6520=DIRECTION('ref_axis',(0.707106781186547,0.707106781186548,0.));
#6521=DIRECTION('center_axis',(0.,0.,1.));
#6522=DIRECTION('ref_axis',(1.,0.,0.));
#6523=DIRECTION('',(0.,-1.,0.));
#6524=DIRECTION('center_axis',(0.,0.,-1.));
#6525=DIRECTION('ref_axis',(1.,0.,0.));
#6526=DIRECTION('',(0.,1.,0.));
#6527=DIRECTION('',(-0.640184399664481,-0.768221279597375,0.));
#6528=DIRECTION('',(-0.640184399664481,0.768221279597375,0.));
#6529=DIRECTION('',(-0.640184399664481,-0.768221279597375,0.));
#6530=DIRECTION('',(-0.640184399664482,0.768221279597374,0.));
#6531=DIRECTION('',(-0.640184399664481,-0.768221279597375,0.));
#6532=DIRECTION('',(-0.640184399664481,0.768221279597375,0.));
#6533=DIRECTION('center_axis',(-0.768221279597375,0.640184399664481,0.));
#6534=DIRECTION('ref_axis',(-0.640184399664481,-0.768221279597375,0.));
#6535=DIRECTION('',(0.,0.,1.));
#6536=DIRECTION('',(-0.640184399664481,-0.768221279597375,0.));
#6537=DIRECTION('',(0.,0.,1.));
#6538=DIRECTION('center_axis',(0.768221279597375,0.640184399664481,0.));
#6539=DIRECTION('ref_axis',(-0.640184399664481,0.768221279597375,0.));
#6540=DIRECTION('',(0.,0.,1.));
#6541=DIRECTION('',(-0.640184399664481,0.768221279597375,0.));
#6542=DIRECTION('center_axis',(-0.768221279597375,0.640184399664481,0.));
#6543=DIRECTION('ref_axis',(-0.640184399664481,-0.768221279597375,0.));
#6544=DIRECTION('',(0.,0.,1.));
#6545=DIRECTION('',(-0.640184399664481,-0.768221279597375,0.));
#6546=DIRECTION('center_axis',(1.,0.,0.));
#6547=DIRECTION('ref_axis',(0.,1.,0.));
#6548=DIRECTION('',(0.,0.,1.));
#6549=DIRECTION('',(0.,1.,0.));
#6550=DIRECTION('center_axis',(0.,0.,1.));
#6551=DIRECTION('ref_axis',(1.,0.,0.));
#6552=DIRECTION('',(0.,0.,1.));
#6553=DIRECTION('center_axis',(0.,0.,-1.));
#6554=DIRECTION('ref_axis',(1.,0.,0.));
#6555=DIRECTION('center_axis',(0.00110625693794453,-0.999999388097606,0.));
#6556=DIRECTION('ref_axis',(0.999999388097607,0.00110625693794453,0.));
#6557=DIRECTION('',(0.,0.,1.));
#6558=DIRECTION('',(-0.999999388097607,-0.00110625693794453,0.));
#6559=DIRECTION('',(0.,0.,-1.));
#6560=DIRECTION('',(0.999999388097607,0.00110625693794453,0.));
#6561=DIRECTION('center_axis',(0.,0.,1.));
#6562=DIRECTION('ref_axis',(1.,0.,0.));
#6563=DIRECTION('center_axis',(0.,0.,-1.));
#6564=DIRECTION('ref_axis',(1.,0.,0.));
#6565=DIRECTION('',(0.999999919727516,0.000400680624034572,0.));
#6566=DIRECTION('',(0.,1.,0.));
#6567=DIRECTION('',(-1.,0.,0.));
#6568=DIRECTION('',(0.,-1.,0.));
#6569=DIRECTION('',(-0.999999388097607,-0.00110625693794453,0.));
#6570=DIRECTION('center_axis',(0.,0.,1.));
#6571=DIRECTION('ref_axis',(1.,0.,0.));
#6572=DIRECTION('',(1.,0.,0.));
#6573=DIRECTION('',(0.,-1.,0.));
#6574=DIRECTION('',(-1.,0.,0.));
#6575=DIRECTION('center_axis',(-0.00110625693794453,0.999999388097606,0.));
#6576=DIRECTION('ref_axis',(-0.999999388097607,-0.00110625693794453,0.));
#6577=DIRECTION('',(0.,0.,1.));
#6578=DIRECTION('',(-0.999999388097607,-0.00110625693794453,0.));
#6579=DIRECTION('',(0.,0.,1.));
#6580=DIRECTION('center_axis',(-1.,0.,0.));
#6581=DIRECTION('ref_axis',(0.,-1.,0.));
#6582=DIRECTION('',(0.,0.,1.));
#6583=DIRECTION('',(0.,-1.,0.));
#6584=DIRECTION('center_axis',(0.,1.,0.));
#6585=DIRECTION('ref_axis',(-1.,0.,0.));
#6586=DIRECTION('',(0.,0.,1.));
#6587=DIRECTION('',(-1.,0.,0.));
#6588=DIRECTION('center_axis',(1.,0.,0.));
#6589=DIRECTION('ref_axis',(0.,1.,0.));
#6590=DIRECTION('',(0.,0.,1.));
#6591=DIRECTION('',(0.,1.,0.));
#6592=DIRECTION('center_axis',(0.000400680624034572,-0.999999919727516,
0.));
#6593=DIRECTION('ref_axis',(0.999999919727516,0.000400680624034572,0.));
#6594=DIRECTION('',(0.,0.,1.));
#6595=DIRECTION('',(0.999999919727516,0.000400680624034572,0.));
#6596=DIRECTION('center_axis',(0.,0.,1.));
#6597=DIRECTION('ref_axis',(1.,0.,0.));
#6598=DIRECTION('center_axis',(0.,0.,-1.));
#6599=DIRECTION('ref_axis',(0.,-1.,0.));
#6600=DIRECTION('center_axis',(0.,0.,-1.));
#6601=DIRECTION('ref_axis',(0.,-1.,0.));
#6602=DIRECTION('center_axis',(0.,0.,-1.));
#6603=DIRECTION('ref_axis',(0.,-1.,0.));
#6604=DIRECTION('center_axis',(0.,0.,-1.));
#6605=DIRECTION('ref_axis',(0.,-1.,0.));
#6606=DIRECTION('center_axis',(0.,0.,-1.));
#6607=DIRECTION('ref_axis',(0.,-1.,0.));
#6608=DIRECTION('center_axis',(0.,0.,-1.));
#6609=DIRECTION('ref_axis',(0.,-1.,0.));
#6610=DIRECTION('',(0.,0.,1.));
#6611=DIRECTION('',(0.,0.,1.));
#6612=DIRECTION('',(0.,0.,1.));
#6613=DIRECTION('center_axis',(0.,0.,1.));
#6614=DIRECTION('ref_axis',(1.,0.,0.));
#6615=DIRECTION('',(0.,0.,1.));
#6616=DIRECTION('',(0.,0.,1.));
#6617=DIRECTION('',(0.,0.,1.));
#6618=DIRECTION('center_axis',(0.,0.,1.));
#6619=DIRECTION('ref_axis',(1.,0.,0.));
#6620=DIRECTION('',(0.,0.,1.));
#6621=DIRECTION('center_axis',(0.,0.,-1.));
#6622=DIRECTION('ref_axis',(0.,-1.,0.));
#6623=DIRECTION('',(0.,0.,1.));
#6624=DIRECTION('',(0.,0.,1.));
#6625=DIRECTION('center_axis',(0.,0.,-1.));
#6626=DIRECTION('ref_axis',(0.,-1.,0.));
#6627=DIRECTION('',(0.,0.,1.));
#6628=DIRECTION('center_axis',(0.,0.,-1.));
#6629=DIRECTION('ref_axis',(0.,-1.,0.));
#6630=DIRECTION('',(0.,0.,1.));
#6631=DIRECTION('center_axis',(0.,0.,-1.));
#6632=DIRECTION('ref_axis',(0.,-1.,0.));
#6633=DIRECTION('',(0.,0.,1.));
#6634=DIRECTION('center_axis',(0.,0.,1.));
#6635=DIRECTION('ref_axis',(1.,0.,0.));
#6636=DIRECTION('',(-0.270745576918284,0.962650940153899,0.));
#6637=DIRECTION('',(-1.,0.,0.));
#6638=DIRECTION('',(-0.270745576918284,-0.962650940153899,0.));
#6639=DIRECTION('',(1.,0.,0.));
#6640=DIRECTION('',(0.270745576918284,0.962650940153899,0.));
#6641=DIRECTION('',(0.270745576918284,-0.962650940153899,0.));
#6642=DIRECTION('',(1.,0.,0.));
#6643=DIRECTION('center_axis',(0.962650940153899,-0.270745576918284,0.));
#6644=DIRECTION('ref_axis',(0.270745576918284,0.962650940153899,0.));
#6645=DIRECTION('',(0.,0.,1.));
#6646=DIRECTION('',(0.270745576918284,0.962650940153899,0.));
#6647=DIRECTION('',(0.,0.,1.));
#6648=DIRECTION('center_axis',(0.,-1.,0.));
#6649=DIRECTION('ref_axis',(1.,0.,0.));
#6650=DIRECTION('',(0.,0.,1.));
#6651=DIRECTION('',(1.,0.,0.));
#6652=DIRECTION('center_axis',(-0.962650940153899,0.270745576918284,0.));
#6653=DIRECTION('ref_axis',(-0.270745576918284,-0.962650940153899,0.));
#6654=DIRECTION('',(0.,0.,1.));
#6655=DIRECTION('',(-0.270745576918284,-0.962650940153899,0.));
#6656=DIRECTION('center_axis',(0.,1.,0.));
#6657=DIRECTION('ref_axis',(-1.,0.,0.));
#6658=DIRECTION('',(0.,0.,1.));
#6659=DIRECTION('',(-1.,0.,0.));
#6660=DIRECTION('center_axis',(0.,0.,1.));
#6661=DIRECTION('ref_axis',(1.,0.,0.));
#6662=DIRECTION('',(0.,1.,0.));
#6663=DIRECTION('',(-1.,0.,0.));
#6664=DIRECTION('',(0.,-1.,0.));
#6665=DIRECTION('',(1.,0.,0.));
#6666=DIRECTION('center_axis',(-1.,0.,0.));
#6667=DIRECTION('ref_axis',(0.,-1.,0.));
#6668=DIRECTION('',(0.,0.,-1.));
#6669=DIRECTION('',(0.,-1.,0.));
#6670=DIRECTION('',(0.,0.,1.));
#6671=DIRECTION('center_axis',(0.,1.,0.));
#6672=DIRECTION('ref_axis',(-1.,0.,0.));
#6673=DIRECTION('',(0.,0.,1.));
#6674=DIRECTION('',(-1.,0.,0.));
#6675=DIRECTION('',(0.,0.,1.));
#6676=DIRECTION('',(-1.,0.,0.));
#6677=DIRECTION('',(0.,0.,1.));
#6678=DIRECTION('',(-1.,0.,0.));
#6679=DIRECTION('',(0.,0.,-1.));
#6680=DIRECTION('',(-1.,0.,0.));
#6681=DIRECTION('',(0.,0.,1.));
#6682=DIRECTION('',(-1.,0.,0.));
#6683=DIRECTION('',(0.,0.,-1.));
#6684=DIRECTION('',(-1.,0.,0.));
#6685=DIRECTION('',(0.,0.,1.));
#6686=DIRECTION('',(-1.,0.,0.));
#6687=DIRECTION('',(0.,0.,-1.));
#6688=DIRECTION('',(-1.,0.,0.));
#6689=DIRECTION('',(0.,0.,1.));
#6690=DIRECTION('',(-1.,0.,0.));
#6691=DIRECTION('center_axis',(0.,0.,1.));
#6692=DIRECTION('ref_axis',(1.,0.,0.));
#6693=DIRECTION('',(0.,1.,0.));
#6694=DIRECTION('',(0.,-1.,0.));
#6695=DIRECTION('',(1.,0.,0.));
#6696=DIRECTION('center_axis',(-1.,0.,0.));
#6697=DIRECTION('ref_axis',(0.,-1.,0.));
#6698=DIRECTION('',(0.,-1.,0.));
#6699=DIRECTION('',(0.,0.,1.));
#6700=DIRECTION('center_axis',(0.,0.,1.));
#6701=DIRECTION('ref_axis',(1.,0.,0.));
#6702=DIRECTION('',(1.,0.,0.));
#6703=DIRECTION('',(0.,1.,0.));
#6704=DIRECTION('',(0.,-1.,0.));
#6705=DIRECTION('center_axis',(1.,0.,0.));
#6706=DIRECTION('ref_axis',(0.,1.,0.));
#6707=DIRECTION('',(0.,0.,-1.));
#6708=DIRECTION('',(0.,1.,0.));
#6709=DIRECTION('center_axis',(0.,0.,1.));
#6710=DIRECTION('ref_axis',(1.,0.,0.));
#6711=DIRECTION('',(0.,1.,0.));
#6712=DIRECTION('',(-1.,0.,0.));
#6713=DIRECTION('',(0.,-1.,0.));
#6714=DIRECTION('',(1.,0.,0.));
#6715=DIRECTION('center_axis',(-1.,0.,0.));
#6716=DIRECTION('ref_axis',(0.,-1.,0.));
#6717=DIRECTION('',(0.,0.,-1.));
#6718=DIRECTION('',(0.,-1.,0.));
#6719=DIRECTION('',(0.,0.,1.));
#6720=DIRECTION('center_axis',(0.,1.,0.));
#6721=DIRECTION('ref_axis',(-1.,0.,0.));
#6722=DIRECTION('',(0.,0.,1.));
#6723=DIRECTION('',(-1.,0.,0.));
#6724=DIRECTION('',(0.,0.,-1.));
#6725=DIRECTION('',(-1.,0.,0.));
#6726=DIRECTION('',(0.,0.,1.));
#6727=DIRECTION('',(-1.,0.,0.));
#6728=DIRECTION('',(0.,0.,1.));
#6729=DIRECTION('',(-1.,0.,0.));
#6730=DIRECTION('',(0.,0.,1.));
#6731=DIRECTION('',(-1.,0.,0.));
#6732=DIRECTION('',(0.,0.,-1.));
#6733=DIRECTION('',(-1.,0.,0.));
#6734=DIRECTION('',(0.,0.,1.));
#6735=DIRECTION('',(-1.,0.,0.));
#6736=DIRECTION('',(0.,0.,-1.));
#6737=DIRECTION('',(-1.,0.,0.));
#6738=DIRECTION('',(0.,0.,1.));
#6739=DIRECTION('',(-1.,0.,0.));
#6740=DIRECTION('center_axis',(0.,0.,1.));
#6741=DIRECTION('ref_axis',(1.,0.,0.));
#6742=DIRECTION('',(0.,1.,0.));
#6743=DIRECTION('',(0.,-1.,0.));
#6744=DIRECTION('',(1.,0.,0.));
#6745=DIRECTION('center_axis',(-1.,0.,0.));
#6746=DIRECTION('ref_axis',(0.,-1.,0.));
#6747=DIRECTION('',(0.,-1.,0.));
#6748=DIRECTION('',(0.,0.,1.));
#6749=DIRECTION('center_axis',(0.,0.,1.));
#6750=DIRECTION('ref_axis',(1.,0.,0.));
#6751=DIRECTION('',(1.,0.,0.));
#6752=DIRECTION('',(0.,1.,0.));
#6753=DIRECTION('',(-1.,0.,0.));
#6754=DIRECTION('',(0.,-1.,0.));
#6755=DIRECTION('center_axis',(0.,1.,0.));
#6756=DIRECTION('ref_axis',(-1.,0.,0.));
#6757=DIRECTION('',(0.,0.,1.));
#6758=DIRECTION('',(-1.,0.,0.));
#6759=DIRECTION('',(0.,0.,1.));
#6760=DIRECTION('center_axis',(1.,0.,0.));
#6761=DIRECTION('ref_axis',(0.,1.,0.));
#6762=DIRECTION('',(0.,0.,1.));
#6763=DIRECTION('',(0.,1.,0.));
#6764=DIRECTION('center_axis',(0.,0.,1.));
#6765=DIRECTION('ref_axis',(1.,0.,0.));
#6766=DIRECTION('',(0.,1.,0.));
#6767=DIRECTION('',(-1.,0.,0.));
#6768=DIRECTION('',(0.,-1.,0.));
#6769=DIRECTION('',(1.,0.,0.));
#6770=DIRECTION('center_axis',(-1.,0.,0.));
#6771=DIRECTION('ref_axis',(0.,-1.,0.));
#6772=DIRECTION('',(0.,0.,-1.));
#6773=DIRECTION('',(0.,-1.,0.));
#6774=DIRECTION('',(0.,0.,1.));
#6775=DIRECTION('center_axis',(0.,1.,0.));
#6776=DIRECTION('ref_axis',(-1.,0.,0.));
#6777=DIRECTION('',(0.,0.,1.));
#6778=DIRECTION('',(-1.,0.,0.));
#6779=DIRECTION('',(0.,0.,-1.));
#6780=DIRECTION('',(-1.,0.,0.));
#6781=DIRECTION('',(0.,0.,1.));
#6782=DIRECTION('',(-1.,0.,0.));
#6783=DIRECTION('',(0.,0.,-1.));
#6784=DIRECTION('',(-1.,0.,0.));
#6785=DIRECTION('',(0.,0.,1.));
#6786=DIRECTION('',(-1.,0.,0.));
#6787=DIRECTION('',(0.,0.,-1.));
#6788=DIRECTION('',(-1.,0.,0.));
#6789=DIRECTION('',(0.,0.,1.));
#6790=DIRECTION('',(-1.,0.,0.));
#6791=DIRECTION('',(0.,0.,1.));
#6792=DIRECTION('',(-1.,0.,0.));
#6793=DIRECTION('',(0.,0.,1.));
#6794=DIRECTION('',(-1.,0.,0.));
#6795=DIRECTION('center_axis',(0.,0.,1.));
#6796=DIRECTION('ref_axis',(1.,0.,0.));
#6797=DIRECTION('',(1.,0.,0.));
#6798=DIRECTION('',(0.,1.,0.));
#6799=DIRECTION('',(-1.,0.,0.));
#6800=DIRECTION('',(0.,-1.,0.));
#6801=DIRECTION('center_axis',(0.,1.,0.));
#6802=DIRECTION('ref_axis',(-1.,0.,0.));
#6803=DIRECTION('',(0.,0.,1.));
#6804=DIRECTION('',(-1.,0.,0.));
#6805=DIRECTION('',(0.,0.,-1.));
#6806=DIRECTION('',(-1.,0.,0.));
#6807=DIRECTION('',(0.,0.,1.));
#6808=DIRECTION('',(-1.,0.,0.));
#6809=DIRECTION('',(0.,0.,-1.));
#6810=DIRECTION('',(-1.,0.,0.));
#6811=DIRECTION('',(0.,0.,1.));
#6812=DIRECTION('',(-1.,0.,0.));
#6813=DIRECTION('',(0.,0.,-1.));
#6814=DIRECTION('',(-1.,0.,0.));
#6815=DIRECTION('',(0.,0.,1.));
#6816=DIRECTION('',(-1.,0.,0.));
#6817=DIRECTION('',(0.,0.,-1.));
#6818=DIRECTION('',(-1.,0.,0.));
#6819=DIRECTION('',(0.,0.,1.));
#6820=DIRECTION('',(-1.,0.,0.));
#6821=DIRECTION('',(0.,0.,1.));
#6822=DIRECTION('center_axis',(1.,0.,0.));
#6823=DIRECTION('ref_axis',(0.,1.,0.));
#6824=DIRECTION('',(0.,0.,-1.));
#6825=DIRECTION('',(0.,1.,0.));
#6826=DIRECTION('center_axis',(0.,0.,1.));
#6827=DIRECTION('ref_axis',(1.,0.,0.));
#6828=DIRECTION('',(0.,-1.,0.));
#6829=DIRECTION('',(1.,0.,0.));
#6830=DIRECTION('',(0.,1.,0.));
#6831=DIRECTION('center_axis',(1.,0.,0.));
#6832=DIRECTION('ref_axis',(0.,1.,0.));
#6833=DIRECTION('',(0.,0.,1.));
#6834=DIRECTION('',(0.,1.,0.));
#6835=DIRECTION('center_axis',(0.,-1.,0.));
#6836=DIRECTION('ref_axis',(1.,0.,0.));
#6837=DIRECTION('',(0.,0.,1.));
#6838=DIRECTION('',(1.,0.,0.));
#6839=DIRECTION('',(0.,0.,1.));
#6840=DIRECTION('',(1.,0.,0.));
#6841=DIRECTION('',(0.,0.,-1.));
#6842=DIRECTION('',(1.,0.,0.));
#6843=DIRECTION('',(0.,0.,1.));
#6844=DIRECTION('',(1.,0.,0.));
#6845=DIRECTION('',(0.,0.,-1.));
#6846=DIRECTION('',(1.,0.,0.));
#6847=DIRECTION('',(0.,0.,1.));
#6848=DIRECTION('',(1.,0.,0.));
#6849=DIRECTION('',(0.,0.,-1.));
#6850=DIRECTION('',(1.,0.,0.));
#6851=DIRECTION('',(0.,0.,1.));
#6852=DIRECTION('',(1.,0.,0.));
#6853=DIRECTION('center_axis',(0.,0.,1.));
#6854=DIRECTION('ref_axis',(1.,0.,0.));
#6855=DIRECTION('',(0.,-1.,0.));
#6856=DIRECTION('',(1.,0.,0.));
#6857=DIRECTION('',(0.,1.,0.));
#6858=DIRECTION('',(-1.,0.,0.));
#6859=DIRECTION('center_axis',(1.,0.,0.));
#6860=DIRECTION('ref_axis',(0.,1.,0.));
#6861=DIRECTION('',(0.,0.,-1.));
#6862=DIRECTION('',(0.,1.,0.));
#6863=DIRECTION('',(0.,0.,1.));
#6864=DIRECTION('center_axis',(0.,-1.,0.));
#6865=DIRECTION('ref_axis',(1.,0.,0.));
#6866=DIRECTION('',(0.,0.,1.));
#6867=DIRECTION('',(1.,0.,0.));
#6868=DIRECTION('',(0.,0.,-1.));
#6869=DIRECTION('',(1.,0.,0.));
#6870=DIRECTION('',(0.,0.,1.));
#6871=DIRECTION('',(1.,0.,0.));
#6872=DIRECTION('',(0.,0.,1.));
#6873=DIRECTION('',(1.,0.,0.));
#6874=DIRECTION('',(0.,0.,1.));
#6875=DIRECTION('',(1.,0.,0.));
#6876=DIRECTION('',(0.,0.,-1.));
#6877=DIRECTION('',(1.,0.,0.));
#6878=DIRECTION('',(0.,0.,1.));
#6879=DIRECTION('',(1.,0.,0.));
#6880=DIRECTION('',(0.,0.,-1.));
#6881=DIRECTION('',(1.,0.,0.));
#6882=DIRECTION('',(0.,0.,1.));
#6883=DIRECTION('',(1.,0.,0.));
#6884=DIRECTION('center_axis',(0.,0.,1.));
#6885=DIRECTION('ref_axis',(1.,0.,0.));
#6886=DIRECTION('',(0.,1.,0.));
#6887=DIRECTION('',(-1.,0.,0.));
#6888=DIRECTION('',(0.,-1.,0.));
#6889=DIRECTION('',(1.,0.,0.));
#6890=DIRECTION('center_axis',(-1.,0.,0.));
#6891=DIRECTION('ref_axis',(0.,-1.,0.));
#6892=DIRECTION('',(0.,0.,-1.));
#6893=DIRECTION('',(0.,-1.,0.));
#6894=DIRECTION('',(0.,0.,1.));
#6895=DIRECTION('center_axis',(0.,1.,0.));
#6896=DIRECTION('ref_axis',(-1.,0.,0.));
#6897=DIRECTION('',(0.,0.,1.));
#6898=DIRECTION('',(-1.,0.,0.));
#6899=DIRECTION('',(0.,0.,-1.));
#6900=DIRECTION('',(-1.,0.,0.));
#6901=DIRECTION('',(0.,0.,1.));
#6902=DIRECTION('',(-1.,0.,0.));
#6903=DIRECTION('',(0.,0.,-1.));
#6904=DIRECTION('',(-1.,0.,0.));
#6905=DIRECTION('',(0.,0.,1.));
#6906=DIRECTION('',(-1.,0.,0.));
#6907=DIRECTION('',(0.,0.,1.));
#6908=DIRECTION('',(-1.,0.,0.));
#6909=DIRECTION('',(0.,0.,1.));
#6910=DIRECTION('',(-1.,0.,0.));
#6911=DIRECTION('',(0.,0.,-1.));
#6912=DIRECTION('',(-1.,0.,0.));
#6913=DIRECTION('',(0.,0.,1.));
#6914=DIRECTION('',(-1.,0.,0.));
#6915=DIRECTION('center_axis',(0.,0.,1.));
#6916=DIRECTION('ref_axis',(1.,0.,0.));
#6917=DIRECTION('',(-1.,0.,0.));
#6918=DIRECTION('',(0.,-1.,0.));
#6919=DIRECTION('',(1.,0.,0.));
#6920=DIRECTION('',(0.,1.,0.));
#6921=DIRECTION('center_axis',(0.,-1.,0.));
#6922=DIRECTION('ref_axis',(1.,0.,0.));
#6923=DIRECTION('',(0.,0.,1.));
#6924=DIRECTION('',(1.,0.,0.));
#6925=DIRECTION('',(0.,0.,1.));
#6926=DIRECTION('center_axis',(-1.,0.,0.));
#6927=DIRECTION('ref_axis',(0.,-1.,0.));
#6928=DIRECTION('',(0.,0.,1.));
#6929=DIRECTION('',(0.,-1.,0.));
#6930=DIRECTION('center_axis',(0.,0.,1.));
#6931=DIRECTION('ref_axis',(1.,0.,0.));
#6932=DIRECTION('',(0.,-1.,0.));
#6933=DIRECTION('',(1.,0.,0.));
#6934=DIRECTION('',(0.,1.,0.));
#6935=DIRECTION('',(-1.,0.,0.));
#6936=DIRECTION('center_axis',(1.,0.,0.));
#6937=DIRECTION('ref_axis',(0.,1.,0.));
#6938=DIRECTION('',(0.,0.,-1.));
#6939=DIRECTION('',(0.,1.,0.));
#6940=DIRECTION('',(0.,0.,1.));
#6941=DIRECTION('center_axis',(0.,-1.,0.));
#6942=DIRECTION('ref_axis',(1.,0.,0.));
#6943=DIRECTION('',(0.,0.,1.));
#6944=DIRECTION('',(1.,0.,0.));
#6945=DIRECTION('',(0.,0.,-1.));
#6946=DIRECTION('',(1.,0.,0.));
#6947=DIRECTION('',(0.,0.,1.));
#6948=DIRECTION('',(1.,0.,0.));
#6949=DIRECTION('',(0.,0.,-1.));
#6950=DIRECTION('',(1.,0.,0.));
#6951=DIRECTION('',(0.,0.,1.));
#6952=DIRECTION('',(1.,0.,0.));
#6953=DIRECTION('',(0.,0.,-1.));
#6954=DIRECTION('',(1.,0.,0.));
#6955=DIRECTION('',(0.,0.,1.));
#6956=DIRECTION('',(1.,0.,0.));
#6957=DIRECTION('',(0.,0.,1.));
#6958=DIRECTION('',(1.,0.,0.));
#6959=DIRECTION('',(0.,0.,1.));
#6960=DIRECTION('',(1.,0.,0.));
#6961=DIRECTION('center_axis',(0.,0.,1.));
#6962=DIRECTION('ref_axis',(1.,0.,0.));
#6963=DIRECTION('',(0.,1.,0.));
#6964=DIRECTION('',(-1.,0.,0.));
#6965=DIRECTION('',(0.,-1.,0.));
#6966=DIRECTION('',(1.,0.,0.));
#6967=DIRECTION('center_axis',(-1.,0.,0.));
#6968=DIRECTION('ref_axis',(0.,-1.,0.));
#6969=DIRECTION('',(0.,0.,-1.));
#6970=DIRECTION('',(0.,-1.,0.));
#6971=DIRECTION('',(0.,0.,1.));
#6972=DIRECTION('center_axis',(0.,1.,0.));
#6973=DIRECTION('ref_axis',(-1.,0.,0.));
#6974=DIRECTION('',(0.,0.,1.));
#6975=DIRECTION('',(-1.,0.,0.));
#6976=DIRECTION('',(0.,0.,-1.));
#6977=DIRECTION('',(-1.,0.,0.));
#6978=DIRECTION('',(0.,0.,1.));
#6979=DIRECTION('',(-1.,0.,0.));
#6980=DIRECTION('',(0.,0.,-1.));
#6981=DIRECTION('',(-1.,0.,0.));
#6982=DIRECTION('',(0.,0.,1.));
#6983=DIRECTION('',(-1.,0.,0.));
#6984=DIRECTION('',(0.,0.,1.));
#6985=DIRECTION('',(-1.,0.,0.));
#6986=DIRECTION('',(0.,0.,1.));
#6987=DIRECTION('',(-1.,0.,0.));
#6988=DIRECTION('',(0.,0.,-1.));
#6989=DIRECTION('',(-1.,0.,0.));
#6990=DIRECTION('',(0.,0.,1.));
#6991=DIRECTION('',(-1.,0.,0.));
#6992=DIRECTION('center_axis',(0.,0.,1.));
#6993=DIRECTION('ref_axis',(1.,0.,0.));
#6994=DIRECTION('',(0.,1.,0.));
#6995=DIRECTION('',(0.,-1.,0.));
#6996=DIRECTION('',(1.,0.,0.));
#6997=DIRECTION('center_axis',(-1.,0.,0.));
#6998=DIRECTION('ref_axis',(0.,-1.,0.));
#6999=DIRECTION('',(0.,-1.,0.));
#7000=DIRECTION('',(0.,0.,1.));
#7001=DIRECTION('center_axis',(0.,0.,1.));
#7002=DIRECTION('ref_axis',(1.,0.,0.));
#7003=DIRECTION('',(0.,-1.,0.));
#7004=DIRECTION('',(0.,1.,0.));
#7005=DIRECTION('',(-1.,0.,0.));
#7006=DIRECTION('center_axis',(1.,0.,0.));
#7007=DIRECTION('ref_axis',(0.,1.,0.));
#7008=DIRECTION('',(0.,1.,0.));
#7009=DIRECTION('',(0.,0.,1.));
#7010=DIRECTION('center_axis',(0.,0.,1.));
#7011=DIRECTION('ref_axis',(1.,0.,0.));
#7012=DIRECTION('',(-1.,0.,0.));
#7013=DIRECTION('',(0.,-1.,0.));
#7014=DIRECTION('',(0.,1.,0.));
#7015=DIRECTION('center_axis',(-1.,0.,0.));
#7016=DIRECTION('ref_axis',(0.,-1.,0.));
#7017=DIRECTION('',(0.,0.,1.));
#7018=DIRECTION('',(0.,-1.,0.));
#7019=DIRECTION('center_axis',(0.,0.,1.));
#7020=DIRECTION('ref_axis',(1.,0.,0.));
#7021=DIRECTION('',(0.,1.,0.));
#7022=DIRECTION('',(0.,-1.,0.));
#7023=DIRECTION('',(1.,0.,0.));
#7024=DIRECTION('center_axis',(-1.,0.,0.));
#7025=DIRECTION('ref_axis',(0.,-1.,0.));
#7026=DIRECTION('',(0.,-1.,0.));
#7027=DIRECTION('',(0.,0.,1.));
#7028=DIRECTION('center_axis',(0.,0.,1.));
#7029=DIRECTION('ref_axis',(1.,0.,0.));
#7030=DIRECTION('',(0.,1.,0.));
#7031=DIRECTION('',(-1.,0.,0.));
#7032=DIRECTION('',(0.,-1.,0.));
#7033=DIRECTION('center_axis',(0.,1.,0.));
#7034=DIRECTION('ref_axis',(-1.,0.,0.));
#7035=DIRECTION('',(-1.,0.,0.));
#7036=DIRECTION('',(0.,0.,-1.));
#7037=DIRECTION('',(-1.,0.,0.));
#7038=DIRECTION('',(0.,0.,1.));
#7039=DIRECTION('',(-1.,0.,0.));
#7040=DIRECTION('',(0.,0.,-1.));
#7041=DIRECTION('',(-1.,0.,0.));
#7042=DIRECTION('',(0.,0.,1.));
#7043=DIRECTION('',(-1.,0.,0.));
#7044=DIRECTION('',(0.,0.,-1.));
#7045=DIRECTION('',(-1.,0.,0.));
#7046=DIRECTION('',(0.,0.,1.));
#7047=DIRECTION('',(-1.,0.,0.));
#7048=DIRECTION('',(0.,0.,1.));
#7049=DIRECTION('',(0.,0.,1.));
#7050=DIRECTION('',(-1.,0.,0.));
#7051=DIRECTION('',(0.,0.,-1.));
#7052=DIRECTION('center_axis',(1.,0.,0.));
#7053=DIRECTION('ref_axis',(0.,1.,0.));
#7054=DIRECTION('',(0.,1.,0.));
#7055=DIRECTION('center_axis',(0.,0.,1.));
#7056=DIRECTION('ref_axis',(1.,0.,0.));
#7057=DIRECTION('',(0.,-1.,0.));
#7058=DIRECTION('',(0.,1.,0.));
#7059=DIRECTION('center_axis',(1.,0.,0.));
#7060=DIRECTION('ref_axis',(0.,1.,0.));
#7061=DIRECTION('',(0.,1.,0.));
#7062=DIRECTION('center_axis',(0.,0.,1.));
#7063=DIRECTION('ref_axis',(1.,0.,0.));
#7064=DIRECTION('',(0.,-1.,0.));
#7065=DIRECTION('',(0.,1.,0.));
#7066=DIRECTION('center_axis',(1.,0.,0.));
#7067=DIRECTION('ref_axis',(0.,1.,0.));
#7068=DIRECTION('',(0.,1.,0.));
#7069=DIRECTION('center_axis',(0.,0.,1.));
#7070=DIRECTION('ref_axis',(1.,0.,0.));
#7071=DIRECTION('',(0.,1.,0.));
#7072=DIRECTION('',(0.,-1.,0.));
#7073=DIRECTION('',(1.,0.,0.));
#7074=DIRECTION('center_axis',(-1.,0.,0.));
#7075=DIRECTION('ref_axis',(0.,-1.,0.));
#7076=DIRECTION('',(0.,-1.,0.));
#7077=DIRECTION('',(0.,0.,1.));
#7078=DIRECTION('center_axis',(0.,0.,1.));
#7079=DIRECTION('ref_axis',(1.,0.,0.));
#7080=DIRECTION('',(1.,0.,0.));
#7081=DIRECTION('',(0.,1.,0.));
#7082=DIRECTION('',(-1.,0.,0.));
#7083=DIRECTION('',(0.,-1.,0.));
#7084=DIRECTION('center_axis',(0.,1.,0.));
#7085=DIRECTION('ref_axis',(-1.,0.,0.));
#7086=DIRECTION('',(0.,0.,1.));
#7087=DIRECTION('',(-1.,0.,0.));
#7088=DIRECTION('',(0.,0.,1.));
#7089=DIRECTION('center_axis',(1.,0.,0.));
#7090=DIRECTION('ref_axis',(0.,1.,0.));
#7091=DIRECTION('',(0.,0.,1.));
#7092=DIRECTION('',(0.,1.,0.));
#7093=DIRECTION('center_axis',(0.,0.,1.));
#7094=DIRECTION('ref_axis',(1.,0.,0.));
#7095=DIRECTION('',(0.,1.,0.));
#7096=DIRECTION('',(-1.,0.,0.));
#7097=DIRECTION('',(0.,-1.,0.));
#7098=DIRECTION('',(1.,0.,0.));
#7099=DIRECTION('center_axis',(-1.,0.,0.));
#7100=DIRECTION('ref_axis',(0.,-1.,0.));
#7101=DIRECTION('',(0.,0.,-1.));
#7102=DIRECTION('',(0.,-1.,0.));
#7103=DIRECTION('',(0.,0.,1.));
#7104=DIRECTION('center_axis',(0.,1.,0.));
#7105=DIRECTION('ref_axis',(-1.,0.,0.));
#7106=DIRECTION('',(0.,0.,1.));
#7107=DIRECTION('',(-1.,0.,0.));
#7108=DIRECTION('',(0.,0.,-1.));
#7109=DIRECTION('',(-1.,0.,0.));
#7110=DIRECTION('',(0.,0.,1.));
#7111=DIRECTION('',(-1.,0.,0.));
#7112=DIRECTION('',(0.,0.,-1.));
#7113=DIRECTION('',(-1.,0.,0.));
#7114=DIRECTION('',(0.,0.,1.));
#7115=DIRECTION('',(-1.,0.,0.));
#7116=DIRECTION('',(0.,0.,-1.));
#7117=DIRECTION('',(-1.,0.,0.));
#7118=DIRECTION('',(0.,0.,1.));
#7119=DIRECTION('',(-1.,0.,0.));
#7120=DIRECTION('',(0.,0.,1.));
#7121=DIRECTION('',(-1.,0.,0.));
#7122=DIRECTION('',(0.,0.,1.));
#7123=DIRECTION('',(-1.,0.,0.));
#7124=DIRECTION('center_axis',(0.,0.,1.));
#7125=DIRECTION('ref_axis',(1.,0.,0.));
#7126=DIRECTION('',(0.,1.,0.));
#7127=DIRECTION('',(0.,-1.,0.));
#7128=DIRECTION('',(1.,0.,0.));
#7129=DIRECTION('center_axis',(-1.,0.,0.));
#7130=DIRECTION('ref_axis',(0.,-1.,0.));
#7131=DIRECTION('',(0.,-1.,0.));
#7132=DIRECTION('',(0.,0.,1.));
#7133=DIRECTION('center_axis',(0.,0.,1.));
#7134=DIRECTION('ref_axis',(1.,0.,0.));
#7135=DIRECTION('',(-1.,0.,0.));
#7136=DIRECTION('',(0.,-1.,0.));
#7137=DIRECTION('',(1.,0.,0.));
#7138=DIRECTION('',(0.,1.,0.));
#7139=DIRECTION('center_axis',(0.,-1.,0.));
#7140=DIRECTION('ref_axis',(1.,0.,0.));
#7141=DIRECTION('',(0.,0.,1.));
#7142=DIRECTION('',(1.,0.,0.));
#7143=DIRECTION('',(0.,0.,1.));
#7144=DIRECTION('',(1.,0.,0.));
#7145=DIRECTION('',(0.,0.,1.));
#7146=DIRECTION('',(1.,0.,0.));
#7147=DIRECTION('',(0.,0.,-1.));
#7148=DIRECTION('',(1.,0.,0.));
#7149=DIRECTION('',(0.,0.,1.));
#7150=DIRECTION('',(1.,0.,0.));
#7151=DIRECTION('',(0.,0.,-1.));
#7152=DIRECTION('',(1.,0.,0.));
#7153=DIRECTION('',(0.,0.,1.));
#7154=DIRECTION('',(1.,0.,0.));
#7155=DIRECTION('',(0.,0.,-1.));
#7156=DIRECTION('',(1.,0.,0.));
#7157=DIRECTION('',(0.,0.,1.));
#7158=DIRECTION('',(1.,0.,0.));
#7159=DIRECTION('',(0.,0.,-1.));
#7160=DIRECTION('center_axis',(-1.,0.,0.));
#7161=DIRECTION('ref_axis',(0.,-1.,0.));
#7162=DIRECTION('',(0.,0.,1.));
#7163=DIRECTION('',(0.,-1.,0.));
#7164=DIRECTION('center_axis',(0.,0.,1.));
#7165=DIRECTION('ref_axis',(1.,0.,0.));
#7166=DIRECTION('',(0.,1.,0.));
#7167=DIRECTION('',(-1.,0.,0.));
#7168=DIRECTION('',(0.,-1.,0.));
#7169=DIRECTION('center_axis',(-1.,0.,0.));
#7170=DIRECTION('ref_axis',(0.,-1.,0.));
#7171=DIRECTION('',(0.,0.,-1.));
#7172=DIRECTION('',(0.,-1.,0.));
#7173=DIRECTION('center_axis',(0.,1.,0.));
#7174=DIRECTION('ref_axis',(-1.,0.,0.));
#7175=DIRECTION('',(0.,0.,1.));
#7176=DIRECTION('',(-1.,0.,0.));
#7177=DIRECTION('',(0.,0.,-1.));
#7178=DIRECTION('',(-1.,0.,0.));
#7179=DIRECTION('',(0.,0.,1.));
#7180=DIRECTION('',(-1.,0.,0.));
#7181=DIRECTION('',(0.,0.,1.));
#7182=DIRECTION('',(-1.,0.,0.));
#7183=DIRECTION('',(0.,0.,-1.));
#7184=DIRECTION('',(-1.,0.,0.));
#7185=DIRECTION('',(0.,0.,1.));
#7186=DIRECTION('',(-1.,0.,0.));
#7187=DIRECTION('',(0.,0.,-1.));
#7188=DIRECTION('',(-1.,0.,0.));
#7189=DIRECTION('',(0.,0.,1.));
#7190=DIRECTION('',(-1.,0.,0.));
#7191=DIRECTION('center_axis',(0.,0.,1.));
#7192=DIRECTION('ref_axis',(1.,0.,0.));
#7193=DIRECTION('',(0.,-1.,0.));
#7194=DIRECTION('',(0.,1.,0.));
#7195=DIRECTION('center_axis',(1.,0.,0.));
#7196=DIRECTION('ref_axis',(0.,1.,0.));
#7197=DIRECTION('',(0.,1.,0.));
#7198=DIRECTION('center_axis',(0.,0.,1.));
#7199=DIRECTION('ref_axis',(1.,0.,0.));
#7200=DIRECTION('',(0.,1.,0.));
#7201=DIRECTION('',(0.,-1.,0.));
#7202=DIRECTION('',(1.,0.,0.));
#7203=DIRECTION('center_axis',(-1.,0.,0.));
#7204=DIRECTION('ref_axis',(0.,-1.,0.));
#7205=DIRECTION('',(0.,-1.,0.));
#7206=DIRECTION('',(0.,0.,1.));
#7207=DIRECTION('center_axis',(0.,0.,1.));
#7208=DIRECTION('ref_axis',(1.,0.,0.));
#7209=DIRECTION('',(0.,1.,0.));
#7210=DIRECTION('',(0.,-1.,0.));
#7211=DIRECTION('',(1.,0.,0.));
#7212=DIRECTION('center_axis',(-1.,0.,0.));
#7213=DIRECTION('ref_axis',(0.,-1.,0.));
#7214=DIRECTION('',(0.,-1.,0.));
#7215=DIRECTION('',(0.,0.,1.));
#7216=DIRECTION('center_axis',(0.,0.,1.));
#7217=DIRECTION('ref_axis',(1.,0.,0.));
#7218=DIRECTION('',(0.,-1.,0.));
#7219=DIRECTION('',(1.,0.,0.));
#7220=DIRECTION('',(0.,1.,0.));
#7221=DIRECTION('center_axis',(1.,0.,0.));
#7222=DIRECTION('ref_axis',(0.,1.,0.));
#7223=DIRECTION('',(0.,0.,1.));
#7224=DIRECTION('',(0.,1.,0.));
#7225=DIRECTION('center_axis',(0.,-1.,0.));
#7226=DIRECTION('ref_axis',(1.,0.,0.));
#7227=DIRECTION('',(1.,0.,0.));
#7228=DIRECTION('',(0.,0.,-1.));
#7229=DIRECTION('',(1.,0.,0.));
#7230=DIRECTION('',(0.,0.,1.));
#7231=DIRECTION('',(1.,0.,0.));
#7232=DIRECTION('',(0.,0.,-1.));
#7233=DIRECTION('',(1.,0.,0.));
#7234=DIRECTION('',(0.,0.,-1.));
#7235=DIRECTION('',(1.,0.,0.));
#7236=DIRECTION('',(0.,0.,1.));
#7237=DIRECTION('',(1.,0.,0.));
#7238=DIRECTION('',(0.,0.,1.));
#7239=DIRECTION('',(1.,0.,0.));
#7240=DIRECTION('',(0.,0.,-1.));
#7241=DIRECTION('center_axis',(0.,0.,1.));
#7242=DIRECTION('ref_axis',(1.,0.,0.));
#7243=DIRECTION('',(0.,1.,0.));
#7244=DIRECTION('',(0.,-1.,0.));
#7245=DIRECTION('center_axis',(-1.,0.,0.));
#7246=DIRECTION('ref_axis',(0.,-1.,0.));
#7247=DIRECTION('',(0.,-1.,0.));
#7248=DIRECTION('center_axis',(0.,0.,1.));
#7249=DIRECTION('ref_axis',(1.,0.,0.));
#7250=DIRECTION('',(0.,-1.,0.));
#7251=DIRECTION('',(0.,1.,0.));
#7252=DIRECTION('center_axis',(-1.,0.,0.));
#7253=DIRECTION('ref_axis',(0.,-1.,0.));
#7254=DIRECTION('',(0.,-1.,0.));
#7255=DIRECTION('center_axis',(0.,0.,1.));
#7256=DIRECTION('ref_axis',(1.,0.,0.));
#7257=DIRECTION('',(0.,-1.,0.));
#7258=DIRECTION('',(1.,0.,0.));
#7259=DIRECTION('',(0.,1.,0.));
#7260=DIRECTION('center_axis',(0.,-1.,0.));
#7261=DIRECTION('ref_axis',(1.,0.,0.));
#7262=DIRECTION('',(1.,0.,0.));
#7263=DIRECTION('',(0.,0.,-1.));
#7264=DIRECTION('',(0.,0.,1.));
#7265=DIRECTION('',(1.,0.,0.));
#7266=DIRECTION('',(0.,0.,1.));
#7267=DIRECTION('',(1.,0.,0.));
#7268=DIRECTION('',(0.,0.,1.));
#7269=DIRECTION('',(1.,0.,0.));
#7270=DIRECTION('',(0.,0.,-1.));
#7271=DIRECTION('',(1.,0.,0.));
#7272=DIRECTION('',(0.,0.,1.));
#7273=DIRECTION('',(1.,0.,0.));
#7274=DIRECTION('',(0.,0.,-1.));
#7275=DIRECTION('',(1.,0.,0.));
#7276=DIRECTION('',(0.,0.,-1.));
#7277=DIRECTION('center_axis',(-1.,0.,0.));
#7278=DIRECTION('ref_axis',(0.,-1.,0.));
#7279=DIRECTION('',(0.,-1.,0.));
#7280=DIRECTION('center_axis',(0.,0.,1.));
#7281=DIRECTION('ref_axis',(1.,0.,0.));
#7282=DIRECTION('',(0.,-1.,0.));
#7283=DIRECTION('',(0.,1.,0.));
#7284=DIRECTION('center_axis',(1.,0.,0.));
#7285=DIRECTION('ref_axis',(0.,1.,0.));
#7286=DIRECTION('',(0.,1.,0.));
#7287=DIRECTION('center_axis',(0.,0.,1.));
#7288=DIRECTION('ref_axis',(1.,0.,0.));
#7289=DIRECTION('',(0.,1.,0.));
#7290=DIRECTION('',(0.,-1.,0.));
#7291=DIRECTION('center_axis',(-1.,0.,0.));
#7292=DIRECTION('ref_axis',(0.,-1.,0.));
#7293=DIRECTION('',(0.,-1.,0.));
#7294=DIRECTION('center_axis',(0.,0.,1.));
#7295=DIRECTION('ref_axis',(1.,0.,0.));
#7296=DIRECTION('',(0.,1.,0.));
#7297=DIRECTION('',(0.,-1.,0.));
#7298=DIRECTION('center_axis',(-1.,0.,0.));
#7299=DIRECTION('ref_axis',(0.,-1.,0.));
#7300=DIRECTION('',(0.,-1.,0.));
#7301=DIRECTION('center_axis',(0.,0.,1.));
#7302=DIRECTION('ref_axis',(1.,0.,0.));
#7303=DIRECTION('',(0.,-1.,0.));
#7304=DIRECTION('',(1.,0.,0.));
#7305=DIRECTION('',(0.,1.,0.));
#7306=DIRECTION('center_axis',(1.,0.,0.));
#7307=DIRECTION('ref_axis',(0.,1.,0.));
#7308=DIRECTION('',(0.,0.,-1.));
#7309=DIRECTION('',(0.,1.,0.));
#7310=DIRECTION('center_axis',(0.,-1.,0.));
#7311=DIRECTION('ref_axis',(1.,0.,0.));
#7312=DIRECTION('',(1.,0.,0.));
#7313=DIRECTION('',(0.,0.,-1.));
#7314=DIRECTION('',(1.,0.,0.));
#7315=DIRECTION('',(0.,0.,-1.));
#7316=DIRECTION('',(1.,0.,0.));
#7317=DIRECTION('',(0.,0.,1.));
#7318=DIRECTION('',(1.,0.,0.));
#7319=DIRECTION('',(0.,0.,1.));
#7320=DIRECTION('',(1.,0.,0.));
#7321=DIRECTION('',(0.,0.,1.));
#7322=DIRECTION('',(1.,0.,0.));
#7323=DIRECTION('',(0.,0.,1.));
#7324=DIRECTION('',(1.,0.,0.));
#7325=DIRECTION('',(0.,0.,-1.));
#7326=DIRECTION('center_axis',(0.,0.,1.));
#7327=DIRECTION('ref_axis',(1.,0.,0.));
#7328=DIRECTION('',(1.,0.,0.));
#7329=DIRECTION('',(0.,1.,0.));
#7330=DIRECTION('',(-1.,0.,0.));
#7331=DIRECTION('',(0.,-1.,0.));
#7332=DIRECTION('center_axis',(0.,1.,0.));
#7333=DIRECTION('ref_axis',(-1.,0.,0.));
#7334=DIRECTION('',(0.,0.,1.));
#7335=DIRECTION('',(-1.,0.,0.));
#7336=DIRECTION('',(0.,0.,1.));
#7337=DIRECTION('center_axis',(1.,0.,0.));
#7338=DIRECTION('ref_axis',(0.,1.,0.));
#7339=DIRECTION('',(0.,0.,1.));
#7340=DIRECTION('',(0.,1.,0.));
#7341=DIRECTION('center_axis',(0.,0.,1.));
#7342=DIRECTION('ref_axis',(1.,0.,0.));
#7343=DIRECTION('',(0.,1.,0.));
#7344=DIRECTION('',(-1.,0.,0.));
#7345=DIRECTION('',(0.,-1.,0.));
#7346=DIRECTION('center_axis',(-1.,0.,0.));
#7347=DIRECTION('ref_axis',(0.,-1.,0.));
#7348=DIRECTION('',(0.,0.,-1.));
#7349=DIRECTION('',(0.,-1.,0.));
#7350=DIRECTION('center_axis',(0.,1.,0.));
#7351=DIRECTION('ref_axis',(-1.,0.,0.));
#7352=DIRECTION('',(-1.,0.,0.));
#7353=DIRECTION('',(0.,0.,-1.));
#7354=DIRECTION('',(-1.,0.,0.));
#7355=DIRECTION('',(0.,0.,1.));
#7356=DIRECTION('',(-1.,0.,0.));
#7357=DIRECTION('',(0.,0.,-1.));
#7358=DIRECTION('',(-1.,0.,0.));
#7359=DIRECTION('',(0.,0.,1.));
#7360=DIRECTION('',(-1.,0.,0.));
#7361=DIRECTION('',(0.,0.,1.));
#7362=DIRECTION('',(-1.,0.,0.));
#7363=DIRECTION('',(0.,0.,-1.));
#7364=DIRECTION('center_axis',(0.,0.,1.));
#7365=DIRECTION('ref_axis',(1.,0.,0.));
#7366=DIRECTION('',(0.,-1.,0.));
#7367=DIRECTION('',(1.,0.,0.));
#7368=DIRECTION('',(0.,1.,0.));
#7369=DIRECTION('center_axis',(1.,0.,0.));
#7370=DIRECTION('ref_axis',(0.,1.,0.));
#7371=DIRECTION('',(0.,0.,-1.));
#7372=DIRECTION('',(0.,1.,0.));
#7373=DIRECTION('center_axis',(0.,-1.,0.));
#7374=DIRECTION('ref_axis',(1.,0.,0.));
#7375=DIRECTION('',(1.,0.,0.));
#7376=DIRECTION('',(0.,0.,1.));
#7377=DIRECTION('',(1.,0.,0.));
#7378=DIRECTION('',(0.,0.,-1.));
#7379=DIRECTION('',(1.,0.,0.));
#7380=DIRECTION('',(0.,0.,1.));
#7381=DIRECTION('',(1.,0.,0.));
#7382=DIRECTION('',(0.,0.,1.));
#7383=DIRECTION('',(1.,0.,0.));
#7384=DIRECTION('',(0.,0.,1.));
#7385=DIRECTION('',(1.,0.,0.));
#7386=DIRECTION('',(0.,0.,-1.));
#7387=DIRECTION('',(1.,0.,0.));
#7388=DIRECTION('',(0.,0.,-1.));
#7389=DIRECTION('center_axis',(0.,0.,1.));
#7390=DIRECTION('ref_axis',(1.,0.,0.));
#7391=DIRECTION('',(0.,-1.,0.));
#7392=DIRECTION('',(0.,1.,0.));
#7393=DIRECTION('center_axis',(1.,0.,0.));
#7394=DIRECTION('ref_axis',(0.,1.,0.));
#7395=DIRECTION('',(0.,1.,0.));
#7396=DIRECTION('center_axis',(0.,0.,1.));
#7397=DIRECTION('ref_axis',(1.,0.,0.));
#7398=DIRECTION('',(0.,1.,0.));
#7399=DIRECTION('',(0.,-1.,0.));
#7400=DIRECTION('center_axis',(1.,0.,0.));
#7401=DIRECTION('ref_axis',(0.,1.,0.));
#7402=DIRECTION('',(0.,1.,0.));
#7403=DIRECTION('center_axis',(0.,0.,1.));
#7404=DIRECTION('ref_axis',(1.,0.,0.));
#7405=DIRECTION('',(0.,1.,0.));
#7406=DIRECTION('',(0.,-1.,0.));
#7407=DIRECTION('center_axis',(-1.,0.,0.));
#7408=DIRECTION('ref_axis',(0.,-1.,0.));
#7409=DIRECTION('',(0.,-1.,0.));
#7410=DIRECTION('center_axis',(0.,0.,1.));
#7411=DIRECTION('ref_axis',(1.,0.,0.));
#7412=DIRECTION('',(0.,-1.,0.));
#7413=DIRECTION('',(0.,1.,0.));
#7414=DIRECTION('center_axis',(-1.,0.,0.));
#7415=DIRECTION('ref_axis',(0.,-1.,0.));
#7416=DIRECTION('',(0.,-1.,0.));
#7417=DIRECTION('center_axis',(0.,0.,1.));
#7418=DIRECTION('ref_axis',(1.,0.,0.));
#7419=DIRECTION('',(0.,-1.,0.));
#7420=DIRECTION('',(0.,1.,0.));
#7421=DIRECTION('center_axis',(1.,0.,0.));
#7422=DIRECTION('ref_axis',(0.,1.,0.));
#7423=DIRECTION('',(0.,1.,0.));
#7424=DIRECTION('center_axis',(0.,0.,1.));
#7425=DIRECTION('ref_axis',(1.,0.,0.));
#7426=DIRECTION('',(0.,1.,0.));
#7427=DIRECTION('',(0.,-1.,0.));
#7428=DIRECTION('center_axis',(-1.,0.,0.));
#7429=DIRECTION('ref_axis',(0.,-1.,0.));
#7430=DIRECTION('',(0.,-1.,0.));
#7431=DIRECTION('center_axis',(0.,0.,1.));
#7432=DIRECTION('ref_axis',(1.,0.,0.));
#7433=DIRECTION('',(0.,1.,0.));
#7434=DIRECTION('',(0.,-1.,0.));
#7435=DIRECTION('center_axis',(-1.,0.,0.));
#7436=DIRECTION('ref_axis',(0.,-1.,0.));
#7437=DIRECTION('',(0.,-1.,0.));
#7438=DIRECTION('center_axis',(0.,0.,1.));
#7439=DIRECTION('ref_axis',(1.,0.,0.));
#7440=DIRECTION('',(0.,-1.,0.));
#7441=DIRECTION('',(0.,1.,0.));
#7442=DIRECTION('center_axis',(1.,0.,0.));
#7443=DIRECTION('ref_axis',(0.,1.,0.));
#7444=DIRECTION('',(0.,1.,0.));
#7445=DIRECTION('center_axis',(0.,0.,1.));
#7446=DIRECTION('ref_axis',(1.,0.,0.));
#7447=DIRECTION('',(1.,0.,0.));
#7448=DIRECTION('',(0.,1.,0.));
#7449=DIRECTION('',(-1.,0.,0.));
#7450=DIRECTION('',(0.,-1.,0.));
#7451=DIRECTION('center_axis',(0.,1.,0.));
#7452=DIRECTION('ref_axis',(-1.,0.,0.));
#7453=DIRECTION('',(0.,0.,1.));
#7454=DIRECTION('',(-1.,0.,0.));
#7455=DIRECTION('',(0.,0.,1.));
#7456=DIRECTION('center_axis',(1.,0.,0.));
#7457=DIRECTION('ref_axis',(0.,1.,0.));
#7458=DIRECTION('',(0.,0.,1.));
#7459=DIRECTION('',(0.,1.,0.));
#7460=DIRECTION('center_axis',(0.,0.,1.));
#7461=DIRECTION('ref_axis',(1.,0.,0.));
#7462=DIRECTION('',(0.,-1.,0.));
#7463=DIRECTION('',(1.,0.,0.));
#7464=DIRECTION('',(0.,1.,0.));
#7465=DIRECTION('center_axis',(0.,-1.,0.));
#7466=DIRECTION('ref_axis',(1.,0.,0.));
#7467=DIRECTION('',(1.,0.,0.));
#7468=DIRECTION('',(0.,0.,-1.));
#7469=DIRECTION('',(0.,0.,1.));
#7470=DIRECTION('',(1.,0.,0.));
#7471=DIRECTION('',(0.,0.,1.));
#7472=DIRECTION('',(1.,0.,0.));
#7473=DIRECTION('',(0.,0.,1.));
#7474=DIRECTION('',(1.,0.,0.));
#7475=DIRECTION('',(0.,0.,-1.));
#7476=DIRECTION('',(1.,0.,0.));
#7477=DIRECTION('',(0.,0.,-1.));
#7478=DIRECTION('',(1.,0.,0.));
#7479=DIRECTION('',(0.,0.,1.));
#7480=DIRECTION('',(1.,0.,0.));
#7481=DIRECTION('',(0.,0.,-1.));
#7482=DIRECTION('center_axis',(-1.,0.,0.));
#7483=DIRECTION('ref_axis',(0.,-1.,0.));
#7484=DIRECTION('',(0.,-1.,0.));
#7485=DIRECTION('center_axis',(0.,0.,1.));
#7486=DIRECTION('ref_axis',(1.,0.,0.));
#7487=DIRECTION('',(0.,1.,0.));
#7488=DIRECTION('',(0.,-1.,0.));
#7489=DIRECTION('center_axis',(-1.,0.,0.));
#7490=DIRECTION('ref_axis',(0.,-1.,0.));
#7491=DIRECTION('',(0.,-1.,0.));
#7492=DIRECTION('center_axis',(0.,0.,1.));
#7493=DIRECTION('ref_axis',(1.,0.,0.));
#7494=DIRECTION('',(0.,-1.,0.));
#7495=DIRECTION('',(0.,1.,0.));
#7496=DIRECTION('center_axis',(1.,0.,0.));
#7497=DIRECTION('ref_axis',(0.,1.,0.));
#7498=DIRECTION('',(0.,1.,0.));
#7499=DIRECTION('center_axis',(0.,0.,1.));
#7500=DIRECTION('ref_axis',(1.,0.,0.));
#7501=DIRECTION('',(0.,1.,0.));
#7502=DIRECTION('',(0.,-1.,0.));
#7503=DIRECTION('center_axis',(-1.,0.,0.));
#7504=DIRECTION('ref_axis',(0.,-1.,0.));
#7505=DIRECTION('',(0.,-1.,0.));
#7506=DIRECTION('center_axis',(0.,0.,1.));
#7507=DIRECTION('ref_axis',(1.,0.,0.));
#7508=DIRECTION('',(0.,1.,0.));
#7509=DIRECTION('',(0.,-1.,0.));
#7510=DIRECTION('center_axis',(-1.,0.,0.));
#7511=DIRECTION('ref_axis',(0.,-1.,0.));
#7512=DIRECTION('',(0.,-1.,0.));
#7513=DIRECTION('center_axis',(1.,0.,0.));
#7514=DIRECTION('ref_axis',(0.,1.,0.));
#7515=DIRECTION('',(0.,1.,0.));
#7516=DIRECTION('center_axis',(-1.,0.,0.));
#7517=DIRECTION('ref_axis',(0.,-1.,0.));
#7518=DIRECTION('',(0.,-1.,0.));
#7519=DIRECTION('center_axis',(0.,0.,1.));
#7520=DIRECTION('ref_axis',(1.,0.,0.));
#7521=DIRECTION('center_axis',(1.,0.,0.));
#7522=DIRECTION('ref_axis',(0.,1.,0.));
#7523=DIRECTION('',(0.,1.,0.));
#7524=DIRECTION('center_axis',(0.,0.,1.));
#7525=DIRECTION('ref_axis',(1.,0.,0.));
#7526=DIRECTION('center_axis',(-1.,0.,0.));
#7527=DIRECTION('ref_axis',(0.,-1.,0.));
#7528=DIRECTION('',(0.,-1.,0.));
#7529=DIRECTION('center_axis',(1.,0.,0.));
#7530=DIRECTION('ref_axis',(0.,1.,0.));
#7531=DIRECTION('',(0.,1.,0.));
#7532=DIRECTION('center_axis',(0.,0.,1.));
#7533=DIRECTION('ref_axis',(1.,0.,0.));
#7534=DIRECTION('center_axis',(1.,0.,0.));
#7535=DIRECTION('ref_axis',(0.,1.,0.));
#7536=DIRECTION('',(0.,1.,0.));
#7537=DIRECTION('center_axis',(0.,0.,1.));
#7538=DIRECTION('ref_axis',(1.,0.,0.));
#7539=DIRECTION('center_axis',(1.,0.,0.));
#7540=DIRECTION('ref_axis',(0.,1.,0.));
#7541=DIRECTION('',(0.,1.,0.));
#7542=DIRECTION('center_axis',(0.,0.,1.));
#7543=DIRECTION('ref_axis',(1.,0.,0.));
#7544=DIRECTION('center_axis',(-1.,0.,0.));
#7545=DIRECTION('ref_axis',(0.,-1.,0.));
#7546=DIRECTION('',(0.,-1.,0.));
#7547=DIRECTION('center_axis',(0.,0.,1.));
#7548=DIRECTION('ref_axis',(1.,0.,0.));
#7549=DIRECTION('center_axis',(-1.,0.,0.));
#7550=DIRECTION('ref_axis',(0.,-1.,0.));
#7551=DIRECTION('',(0.,-1.,0.));
#7552=DIRECTION('center_axis',(1.,0.,0.));
#7553=DIRECTION('ref_axis',(0.,1.,0.));
#7554=DIRECTION('',(0.,1.,0.));
#7555=DIRECTION('center_axis',(0.,0.,1.));
#7556=DIRECTION('ref_axis',(1.,0.,0.));
#7557=DIRECTION('center_axis',(-1.,0.,0.));
#7558=DIRECTION('ref_axis',(0.,-1.,0.));
#7559=DIRECTION('',(0.,-1.,0.));
#7560=DIRECTION('center_axis',(0.,0.,1.));
#7561=DIRECTION('ref_axis',(1.,0.,0.));
#7562=DIRECTION('center_axis',(1.,0.,0.));
#7563=DIRECTION('ref_axis',(0.,1.,0.));
#7564=DIRECTION('',(0.,1.,0.));
#7565=DIRECTION('center_axis',(0.,0.,1.));
#7566=DIRECTION('ref_axis',(1.,0.,0.));
#7567=DIRECTION('center_axis',(-1.,0.,0.));
#7568=DIRECTION('ref_axis',(0.,-1.,0.));
#7569=DIRECTION('',(0.,-1.,0.));
#7570=DIRECTION('center_axis',(0.,0.,1.));
#7571=DIRECTION('ref_axis',(1.,0.,0.));
#7572=DIRECTION('center_axis',(-1.,0.,0.));
#7573=DIRECTION('ref_axis',(0.,-1.,0.));
#7574=DIRECTION('',(0.,-1.,0.));
#7575=DIRECTION('center_axis',(1.,0.,0.));
#7576=DIRECTION('ref_axis',(0.,1.,0.));
#7577=DIRECTION('',(0.,1.,0.));
#7578=DIRECTION('center_axis',(0.,0.,1.));
#7579=DIRECTION('ref_axis',(1.,0.,0.));
#7580=DIRECTION('center_axis',(-1.,0.,0.));
#7581=DIRECTION('ref_axis',(0.,-1.,0.));
#7582=DIRECTION('',(0.,-1.,0.));
#7583=DIRECTION('center_axis',(0.,0.,1.));
#7584=DIRECTION('ref_axis',(1.,0.,0.));
#7585=DIRECTION('center_axis',(1.,0.,0.));
#7586=DIRECTION('ref_axis',(0.,1.,0.));
#7587=DIRECTION('',(0.,1.,0.));
#7588=DIRECTION('center_axis',(0.,0.,1.));
#7589=DIRECTION('ref_axis',(1.,0.,0.));
#7590=DIRECTION('center_axis',(-1.,0.,0.));
#7591=DIRECTION('ref_axis',(0.,-1.,0.));
#7592=DIRECTION('',(0.,-1.,0.));
#7593=DIRECTION('center_axis',(0.,0.,1.));
#7594=DIRECTION('ref_axis',(1.,0.,0.));
#7595=DIRECTION('center_axis',(-1.,0.,0.));
#7596=DIRECTION('ref_axis',(0.,-1.,0.));
#7597=DIRECTION('',(0.,-1.,0.));
#7598=DIRECTION('center_axis',(1.,0.,0.));
#7599=DIRECTION('ref_axis',(0.,1.,0.));
#7600=DIRECTION('',(0.,1.,0.));
#7601=DIRECTION('center_axis',(0.,0.,1.));
#7602=DIRECTION('ref_axis',(1.,0.,0.));
#7603=DIRECTION('center_axis',(-1.,0.,0.));
#7604=DIRECTION('ref_axis',(0.,-1.,0.));
#7605=DIRECTION('',(0.,-1.,0.));
#7606=DIRECTION('center_axis',(0.,0.,1.));
#7607=DIRECTION('ref_axis',(1.,0.,0.));
#7608=DIRECTION('center_axis',(1.,0.,0.));
#7609=DIRECTION('ref_axis',(0.,1.,0.));
#7610=DIRECTION('',(0.,1.,0.));
#7611=DIRECTION('center_axis',(0.,0.,1.));
#7612=DIRECTION('ref_axis',(1.,0.,0.));
#7613=DIRECTION('center_axis',(1.,0.,0.));
#7614=DIRECTION('ref_axis',(0.,1.,0.));
#7615=DIRECTION('',(0.,1.,0.));
#7616=DIRECTION('center_axis',(0.,0.,1.));
#7617=DIRECTION('ref_axis',(1.,0.,0.));
#7618=DIRECTION('center_axis',(1.,0.,0.));
#7619=DIRECTION('ref_axis',(0.,1.,0.));
#7620=DIRECTION('',(0.,1.,0.));
#7621=DIRECTION('center_axis',(0.,0.,1.));
#7622=DIRECTION('ref_axis',(1.,0.,0.));
#7623=DIRECTION('center_axis',(1.,0.,0.));
#7624=DIRECTION('ref_axis',(0.,1.,0.));
#7625=DIRECTION('',(0.,1.,0.));
#7626=DIRECTION('center_axis',(0.,0.,1.));
#7627=DIRECTION('ref_axis',(1.,0.,0.));
#7628=DIRECTION('center_axis',(1.,0.,0.));
#7629=DIRECTION('ref_axis',(0.,1.,0.));
#7630=DIRECTION('',(0.,0.,-1.));
#7631=DIRECTION('',(0.,1.,0.));
#7632=DIRECTION('center_axis',(0.,0.,1.));
#7633=DIRECTION('ref_axis',(1.,0.,0.));
#7634=DIRECTION('',(1.,0.,0.));
#7635=DIRECTION('center_axis',(0.,-1.,0.));
#7636=DIRECTION('ref_axis',(1.,0.,0.));
#7637=DIRECTION('',(1.,0.,0.));
#7638=DIRECTION('',(0.,0.,-1.));
#7639=DIRECTION('',(1.,0.,0.));
#7640=DIRECTION('',(0.,0.,-1.));
#7641=DIRECTION('',(1.,0.,0.));
#7642=DIRECTION('',(0.,0.,1.));
#7643=DIRECTION('',(1.,0.,0.));
#7644=DIRECTION('',(0.,0.,1.));
#7645=DIRECTION('center_axis',(1.,0.,0.));
#7646=DIRECTION('ref_axis',(0.,1.,0.));
#7647=DIRECTION('',(0.,1.,0.));
#7648=DIRECTION('center_axis',(0.,0.,1.));
#7649=DIRECTION('ref_axis',(1.,0.,0.));
#7650=DIRECTION('center_axis',(1.,0.,0.));
#7651=DIRECTION('ref_axis',(0.,1.,0.));
#7652=DIRECTION('',(0.,1.,0.));
#7653=DIRECTION('center_axis',(-1.,0.,0.));
#7654=DIRECTION('ref_axis',(0.,-1.,0.));
#7655=DIRECTION('',(0.,-1.,0.));
#7656=DIRECTION('center_axis',(0.,0.,1.));
#7657=DIRECTION('ref_axis',(1.,0.,0.));
#7658=DIRECTION('center_axis',(1.,0.,0.));
#7659=DIRECTION('ref_axis',(0.,1.,0.));
#7660=DIRECTION('',(0.,1.,0.));
#7661=DIRECTION('center_axis',(0.,0.,1.));
#7662=DIRECTION('ref_axis',(1.,0.,0.));
#7663=DIRECTION('center_axis',(1.,0.,0.));
#7664=DIRECTION('ref_axis',(0.,1.,0.));
#7665=DIRECTION('',(0.,1.,0.));
#7666=DIRECTION('center_axis',(0.,0.,1.));
#7667=DIRECTION('ref_axis',(1.,0.,0.));
#7668=DIRECTION('center_axis',(0.,0.,1.));
#7669=DIRECTION('ref_axis',(1.,0.,0.));
#7670=DIRECTION('center_axis',(1.,0.,0.));
#7671=DIRECTION('ref_axis',(0.,1.,0.));
#7672=DIRECTION('',(0.,1.,0.));
#7673=DIRECTION('center_axis',(0.,0.,1.));
#7674=DIRECTION('ref_axis',(1.,0.,0.));
#7675=DIRECTION('center_axis',(-1.,0.,0.));
#7676=DIRECTION('ref_axis',(0.,-1.,0.));
#7677=DIRECTION('',(0.,-1.,0.));
#7678=DIRECTION('center_axis',(1.,0.,0.));
#7679=DIRECTION('ref_axis',(0.,1.,0.));
#7680=DIRECTION('',(0.,1.,0.));
#7681=DIRECTION('center_axis',(0.,0.,1.));
#7682=DIRECTION('ref_axis',(1.,0.,0.));
#7683=DIRECTION('center_axis',(1.,0.,0.));
#7684=DIRECTION('ref_axis',(0.,1.,0.));
#7685=DIRECTION('',(0.,1.,0.));
#7686=DIRECTION('center_axis',(0.,0.,1.));
#7687=DIRECTION('ref_axis',(1.,0.,0.));
#7688=DIRECTION('center_axis',(0.,0.,1.));
#7689=DIRECTION('ref_axis',(1.,0.,0.));
#7690=DIRECTION('center_axis',(1.,0.,0.));
#7691=DIRECTION('ref_axis',(0.,1.,0.));
#7692=DIRECTION('',(0.,1.,0.));
#7693=DIRECTION('center_axis',(0.,0.,1.));
#7694=DIRECTION('ref_axis',(1.,0.,0.));
#7695=DIRECTION('center_axis',(-1.,0.,0.));
#7696=DIRECTION('ref_axis',(0.,-1.,0.));
#7697=DIRECTION('',(0.,-1.,0.));
#7698=DIRECTION('center_axis',(1.,0.,0.));
#7699=DIRECTION('ref_axis',(0.,1.,0.));
#7700=DIRECTION('',(0.,1.,0.));
#7701=DIRECTION('center_axis',(0.,0.,1.));
#7702=DIRECTION('ref_axis',(1.,0.,0.));
#7703=DIRECTION('center_axis',(1.,0.,0.));
#7704=DIRECTION('ref_axis',(0.,1.,0.));
#7705=DIRECTION('',(0.,1.,0.));
#7706=DIRECTION('center_axis',(0.,0.,1.));
#7707=DIRECTION('ref_axis',(1.,0.,0.));
#7708=DIRECTION('center_axis',(0.,0.,1.));
#7709=DIRECTION('ref_axis',(1.,0.,0.));
#7710=DIRECTION('center_axis',(1.,0.,0.));
#7711=DIRECTION('ref_axis',(0.,1.,0.));
#7712=DIRECTION('',(0.,1.,0.));
#7713=DIRECTION('center_axis',(0.,0.,1.));
#7714=DIRECTION('ref_axis',(1.,0.,0.));
#7715=DIRECTION('center_axis',(-1.,0.,0.));
#7716=DIRECTION('ref_axis',(0.,-1.,0.));
#7717=DIRECTION('',(0.,-1.,0.));
#7718=DIRECTION('center_axis',(1.,0.,0.));
#7719=DIRECTION('ref_axis',(0.,1.,0.));
#7720=DIRECTION('',(0.,1.,0.));
#7721=DIRECTION('center_axis',(0.,0.,1.));
#7722=DIRECTION('ref_axis',(1.,0.,0.));
#7723=DIRECTION('center_axis',(1.,0.,0.));
#7724=DIRECTION('ref_axis',(0.,1.,0.));
#7725=DIRECTION('',(0.,1.,0.));
#7726=DIRECTION('center_axis',(0.,0.,1.));
#7727=DIRECTION('ref_axis',(1.,0.,0.));
#7728=DIRECTION('center_axis',(1.,0.,0.));
#7729=DIRECTION('ref_axis',(0.,1.,0.));
#7730=DIRECTION('',(0.,1.,0.));
#7731=DIRECTION('center_axis',(0.,0.,1.));
#7732=DIRECTION('ref_axis',(1.,0.,0.));
#7733=DIRECTION('center_axis',(0.,0.,1.));
#7734=DIRECTION('ref_axis',(1.,0.,0.));
#7735=DIRECTION('center_axis',(1.,0.,0.));
#7736=DIRECTION('ref_axis',(0.,1.,0.));
#7737=DIRECTION('',(0.,1.,0.));
#7738=DIRECTION('center_axis',(0.,0.,1.));
#7739=DIRECTION('ref_axis',(1.,0.,0.));
#7740=DIRECTION('center_axis',(-1.,0.,0.));
#7741=DIRECTION('ref_axis',(0.,-1.,0.));
#7742=DIRECTION('',(0.,-1.,0.));
#7743=DIRECTION('',(0.,0.,1.));
#7744=DIRECTION('center_axis',(0.,-1.,0.));
#7745=DIRECTION('ref_axis',(1.,0.,0.));
#7746=DIRECTION('',(1.,0.,0.));
#7747=DIRECTION('center_axis',(-1.,0.,0.));
#7748=DIRECTION('ref_axis',(0.,-1.,0.));
#7749=DIRECTION('',(0.,-1.,0.));
#7750=DIRECTION('',(0.,0.,1.));
#7751=DIRECTION('center_axis',(0.,-1.,0.));
#7752=DIRECTION('ref_axis',(1.,0.,0.));
#7753=DIRECTION('',(1.,0.,0.));
#7754=DIRECTION('center_axis',(-1.,0.,0.));
#7755=DIRECTION('ref_axis',(0.,-1.,0.));
#7756=DIRECTION('',(0.,-1.,0.));
#7757=DIRECTION('',(0.,0.,1.));
#7758=DIRECTION('center_axis',(0.,-1.,0.));
#7759=DIRECTION('ref_axis',(1.,0.,0.));
#7760=DIRECTION('',(1.,0.,0.));
#7761=DIRECTION('center_axis',(0.,0.,1.));
#7762=DIRECTION('ref_axis',(1.,0.,0.));
#7763=DIRECTION('center_axis',(0.,0.,-1.));
#7764=DIRECTION('ref_axis',(1.,0.,0.));
#7765=DIRECTION('center_axis',(0.,0.,-1.));
#7766=DIRECTION('ref_axis',(1.,0.,0.));
#7767=DIRECTION('center_axis',(0.768221279597374,0.640184399664482,0.));
#7768=DIRECTION('ref_axis',(-0.640184399664482,0.768221279597374,0.));
#7769=DIRECTION('',(-0.640184399664482,0.768221279597374,0.));
#7770=DIRECTION('',(0.,0.,1.));
#7771=DIRECTION('center_axis',(-0.768221279597375,0.640184399664481,0.));
#7772=DIRECTION('ref_axis',(-0.640184399664481,-0.768221279597375,0.));
#7773=DIRECTION('',(-0.640184399664481,-0.768221279597375,0.));
#7774=DIRECTION('',(0.,0.,1.));
#7775=DIRECTION('center_axis',(0.768221279597375,0.640184399664481,0.));
#7776=DIRECTION('ref_axis',(-0.640184399664481,0.768221279597375,0.));
#7777=DIRECTION('',(-0.640184399664481,0.768221279597375,0.));
#7778=DIRECTION('',(0.,0.,1.));
#7779=DIRECTION('center_axis',(-1.,0.,0.));
#7780=DIRECTION('ref_axis',(0.,-1.,0.));
#7781=DIRECTION('',(0.,-1.,0.));
#7782=DIRECTION('center_axis',(-1.,0.,0.));
#7783=DIRECTION('ref_axis',(0.,-1.,0.));
#7784=DIRECTION('',(0.,-1.,0.));
#7785=DIRECTION('',(0.,0.,1.));
#7786=DIRECTION('center_axis',(0.,-1.,0.));
#7787=DIRECTION('ref_axis',(1.,0.,0.));
#7788=DIRECTION('',(1.,0.,0.));
#7789=DIRECTION('',(0.,0.,1.));
#7790=DIRECTION('',(0.,0.,1.));
#7791=DIRECTION('center_axis',(0.,0.,-1.));
#7792=DIRECTION('ref_axis',(0.,-1.,0.));
#7793=DIRECTION('',(0.,0.,1.));
#7794=DIRECTION('center_axis',(0.,0.,-1.));
#7795=DIRECTION('ref_axis',(0.,-1.,0.));
#7796=DIRECTION('',(0.,0.,1.));
#7797=DIRECTION('center_axis',(-0.962650940153899,-0.270745576918284,0.));
#7798=DIRECTION('ref_axis',(0.270745576918284,-0.962650940153899,0.));
#7799=DIRECTION('',(0.270745576918284,-0.962650940153899,0.));
#7800=DIRECTION('',(0.,0.,1.));
#7801=DIRECTION('center_axis',(0.,-1.,0.));
#7802=DIRECTION('ref_axis',(1.,0.,0.));
#7803=DIRECTION('',(1.,0.,0.));
#7804=DIRECTION('',(0.,0.,1.));
#7805=DIRECTION('center_axis',(0.962650940153899,0.270745576918284,0.));
#7806=DIRECTION('ref_axis',(-0.270745576918284,0.962650940153899,0.));
#7807=DIRECTION('',(-0.270745576918284,0.962650940153899,0.));
#7808=DIRECTION('center_axis',(1.,0.,0.));
#7809=DIRECTION('ref_axis',(0.,1.,0.));
#7810=DIRECTION('',(0.,1.,0.));
#7811=DIRECTION('',(0.,0.,1.));
#7812=DIRECTION('center_axis',(0.,1.,0.));
#7813=DIRECTION('ref_axis',(-1.,0.,0.));
#7814=DIRECTION('',(-1.,0.,0.));
#7815=DIRECTION('center_axis',(1.,0.,0.));
#7816=DIRECTION('ref_axis',(0.,1.,0.));
#7817=DIRECTION('',(0.,1.,0.));
#7818=DIRECTION('center_axis',(-1.,0.,0.));
#7819=DIRECTION('ref_axis',(0.,-1.,0.));
#7820=DIRECTION('',(0.,-1.,0.));
#7821=DIRECTION('center_axis',(-1.,0.,0.));
#7822=DIRECTION('ref_axis',(0.,-1.,0.));
#7823=DIRECTION('',(0.,-1.,0.));
#7824=DIRECTION('center_axis',(-1.,0.,0.));
#7825=DIRECTION('ref_axis',(0.,-1.,0.));
#7826=DIRECTION('',(0.,-1.,0.));
#7827=DIRECTION('center_axis',(-1.,0.,0.));
#7828=DIRECTION('ref_axis',(0.,-1.,0.));
#7829=DIRECTION('',(0.,-1.,0.));
#7830=DIRECTION('center_axis',(0.,-1.,0.));
#7831=DIRECTION('ref_axis',(1.,0.,0.));
#7832=DIRECTION('',(-1.,0.,0.));
#7833=DIRECTION('',(0.,0.,1.));
#7834=DIRECTION('',(1.,0.,0.));
#7835=DIRECTION('',(0.,0.,1.));
#7836=DIRECTION('center_axis',(-1.,0.,0.));
#7837=DIRECTION('ref_axis',(0.,-1.,0.));
#7838=DIRECTION('',(0.,1.,0.));
#7839=DIRECTION('',(0.,-1.,0.));
#7840=DIRECTION('',(0.,0.,1.));
#7841=DIRECTION('center_axis',(0.,1.,0.));
#7842=DIRECTION('ref_axis',(-1.,0.,0.));
#7843=DIRECTION('',(-1.,0.,0.));
#7844=DIRECTION('',(-1.,0.,0.));
#7845=DIRECTION('',(0.,0.,1.));
#7846=DIRECTION('center_axis',(1.,0.,0.));
#7847=DIRECTION('ref_axis',(0.,1.,0.));
#7848=DIRECTION('',(0.,1.,0.));
#7849=DIRECTION('',(0.,1.,0.));
#7850=DIRECTION('center_axis',(0.,0.,1.));
#7851=DIRECTION('ref_axis',(1.,0.,0.));
#7852=DIRECTION('center_axis',(-1.,0.,0.));
#7853=DIRECTION('ref_axis',(0.,-1.,0.));
#7854=DIRECTION('',(0.,0.,1.));
#7855=DIRECTION('',(0.,-1.,0.));
#7856=DIRECTION('',(0.,0.,1.));
#7857=DIRECTION('center_axis',(0.,-1.,0.));
#7858=DIRECTION('ref_axis',(1.,0.,0.));
#7859=DIRECTION('',(0.,0.,1.));
#7860=DIRECTION('',(1.,0.,0.));
#7861=DIRECTION('center_axis',(0.,1.,0.));
#7862=DIRECTION('ref_axis',(-1.,0.,0.));
#7863=DIRECTION('',(-1.,0.,0.));
#7864=DIRECTION('',(0.,0.,1.));
#7865=DIRECTION('center_axis',(0.,0.,1.));
#7866=DIRECTION('ref_axis',(1.,0.,0.));
#7867=DIRECTION('center_axis',(0.,0.,1.));
#7868=DIRECTION('ref_axis',(1.,0.,0.));
#7869=DIRECTION('center_axis',(0.,0.,1.));
#7870=DIRECTION('ref_axis',(1.,0.,0.));
#7871=DIRECTION('center_axis',(0.,0.,1.));
#7872=DIRECTION('ref_axis',(1.,0.,0.));
#7873=CARTESIAN_POINT('',(0.,0.,0.));
#7874=CARTESIAN_POINT('Origin',(-10.1213203435596,-25.5355339059327,5.));
#7875=CARTESIAN_POINT('',(-9.4142135623731,-24.8284271247462,3.));
#7876=CARTESIAN_POINT('',(-10.8284271247462,-24.8284271247462,3.));
#7877=CARTESIAN_POINT('Origin',(-10.1213203435596,-25.5355339059327,3.));
#7878=CARTESIAN_POINT('',(-9.4142135623731,-24.8284271247462,2.99));
#7879=CARTESIAN_POINT('',(-9.4142135623731,-24.8284271247462,5.));
#7880=CARTESIAN_POINT('',(-10.8284271247462,-24.8284271247462,2.99));
#7881=CARTESIAN_POINT('Origin',(-10.1213203435596,-25.5355339059327,2.99));
#7882=CARTESIAN_POINT('',(-10.8284271247462,-24.8284271247462,5.));
#7883=CARTESIAN_POINT('Origin',(-11.5355339059327,-24.1213203435596,5.));
#7884=CARTESIAN_POINT('',(-10.8284271247462,-23.4142135623731,3.));
#7885=CARTESIAN_POINT('Origin',(-11.5355339059327,-24.1213203435596,3.));
#7886=CARTESIAN_POINT('',(-10.8284271247462,-23.4142135623731,2.99));
#7887=CARTESIAN_POINT('Origin',(-11.5355339059327,-24.1213203435596,2.99));
#7888=CARTESIAN_POINT('',(-10.8284271247462,-23.4142135623731,5.));
#7889=CARTESIAN_POINT('Origin',(-10.8284271247462,-23.4142135623731,5.));
#7890=CARTESIAN_POINT('',(-6.58578643762691,-19.1715728752538,3.));
#7891=CARTESIAN_POINT('',(2.23223304703363,-10.3535533905933,3.));
#7892=CARTESIAN_POINT('',(-6.58578643762691,-19.1715728752538,2.99));
#7893=CARTESIAN_POINT('',(-5.87867965644036,-18.4644660940673,2.99));
#7894=CARTESIAN_POINT('',(-6.58578643762691,-19.1715728752538,5.));
#7895=CARTESIAN_POINT('Origin',(-5.87867965644036,-18.4644660940673,5.));
#7896=CARTESIAN_POINT('',(-5.17157287525381,-19.1715728752538,3.));
#7897=CARTESIAN_POINT('Origin',(-5.87867965644036,-18.4644660940673,3.));
#7898=CARTESIAN_POINT('',(-5.17157287525381,-19.1715728752538,2.99));
#7899=CARTESIAN_POINT('Origin',(-5.87867965644036,-18.4644660940673,2.99));
#7900=CARTESIAN_POINT('',(-5.17157287525381,-19.1715728752538,5.));
#7901=CARTESIAN_POINT('Origin',(-5.17157287525381,-20.5857864376269,5.));
#7902=CARTESIAN_POINT('',(-5.17157287525381,-20.5857864376269,3.));
#7903=CARTESIAN_POINT('',(5.76776695296637,-9.64644660940673,3.));
#7904=CARTESIAN_POINT('',(-5.17157287525381,-20.5857864376269,2.99));
#7905=CARTESIAN_POINT('',(-5.17157287525381,-20.5857864376269,5.));
#7906=CARTESIAN_POINT('',(-10.1213203435596,-25.5355339059327,2.99));
#7907=CARTESIAN_POINT('Origin',(-4.46446609406726,-19.8786796564404,5.));
#7908=CARTESIAN_POINT('Origin',(-4.46446609406726,-19.8786796564404,3.));
#7909=CARTESIAN_POINT('Origin',(-4.46446609406726,-19.8786796564404,2.99));
#7910=CARTESIAN_POINT('Origin',(-8.,-22.,2.99));
#7911=CARTESIAN_POINT('Origin',(-8.70710678118655,-19.8786796564404,5.));
#7912=CARTESIAN_POINT('',(-8.70710678118655,-19.8786796564404,3.));
#7913=CARTESIAN_POINT('',(-10.1213203435596,-21.2928932188135,3.));
#7914=CARTESIAN_POINT('',(2.93933982822018,-8.23223304703364,3.));
#7915=CARTESIAN_POINT('',(-8.70710678118655,-19.8786796564404,2.99));
#7916=CARTESIAN_POINT('',(-8.70710678118655,-19.8786796564404,5.));
#7917=CARTESIAN_POINT('',(-10.1213203435596,-21.2928932188135,2.99));
#7918=CARTESIAN_POINT('',(-10.1213203435596,-21.2928932188135,2.99));
#7919=CARTESIAN_POINT('',(-10.1213203435596,-21.2928932188135,5.));
#7920=CARTESIAN_POINT('Origin',(-10.1213203435596,-21.2928932188135,5.));
#7921=CARTESIAN_POINT('',(-10.8284271247462,-20.5857864376269,3.));
#7922=CARTESIAN_POINT('',(4.08578643762691,-35.5,3.));
#7923=CARTESIAN_POINT('',(-10.8284271247462,-20.5857864376269,2.99));
#7924=CARTESIAN_POINT('',(-11.5355339059327,-19.8786796564404,2.99));
#7925=CARTESIAN_POINT('',(-10.8284271247462,-20.5857864376269,5.));
#7926=CARTESIAN_POINT('Origin',(-11.5355339059327,-19.8786796564404,5.));
#7927=CARTESIAN_POINT('',(-10.8284271247462,-19.1715728752538,3.));
#7928=CARTESIAN_POINT('Origin',(-11.5355339059327,-19.8786796564404,3.));
#7929=CARTESIAN_POINT('',(-10.8284271247462,-19.1715728752538,2.99));
#7930=CARTESIAN_POINT('Origin',(-11.5355339059327,-19.8786796564404,2.99));
#7931=CARTESIAN_POINT('',(-10.8284271247462,-19.1715728752538,5.));
#7932=CARTESIAN_POINT('Origin',(-9.41421356237309,-19.1715728752538,5.));
#7933=CARTESIAN_POINT('',(-9.41421356237309,-19.1715728752538,3.));
#7934=CARTESIAN_POINT('',(5.14644660940673,-33.7322330470336,3.));
#7935=CARTESIAN_POINT('',(-9.41421356237309,-19.1715728752538,2.99));
#7936=CARTESIAN_POINT('',(-9.41421356237309,-19.1715728752538,5.));
#7937=CARTESIAN_POINT('',(-8.70710678118655,-19.8786796564404,2.99));
#7938=CARTESIAN_POINT('Origin',(-10.1213203435596,-18.4644660940673,5.));
#7939=CARTESIAN_POINT('Origin',(-10.1213203435596,-18.4644660940673,3.));
#7940=CARTESIAN_POINT('Origin',(-10.1213203435596,-18.4644660940673,2.99));
#7941=CARTESIAN_POINT('Origin',(-10.4748737341529,-19.5251262658471,2.99));
#7942=CARTESIAN_POINT('Origin',(-7.29289321881345,-24.1213203435596,5.));
#7943=CARTESIAN_POINT('',(-7.29289321881345,-24.1213203435596,3.));
#7944=CARTESIAN_POINT('',(-5.87867965644036,-22.7071067811865,3.));
#7945=CARTESIAN_POINT('',(5.06066017177982,-11.7677669529664,3.));
#7946=CARTESIAN_POINT('',(-7.29289321881345,-24.1213203435596,2.99));
#7947=CARTESIAN_POINT('',(-7.29289321881345,-24.1213203435596,5.));
#7948=CARTESIAN_POINT('',(-5.87867965644036,-22.7071067811865,2.99));
#7949=CARTESIAN_POINT('',(-7.29289321881345,-24.1213203435596,2.99));
#7950=CARTESIAN_POINT('',(-5.87867965644036,-22.7071067811865,5.));
#7951=CARTESIAN_POINT('Origin',(-5.87867965644036,-22.7071067811865,5.));
#7952=CARTESIAN_POINT('',(-5.17157287525381,-23.4142135623731,3.));
#7953=CARTESIAN_POINT('',(6.9142135623731,-35.5,3.));
#7954=CARTESIAN_POINT('',(-5.17157287525381,-23.4142135623731,2.99));
#7955=CARTESIAN_POINT('',(-5.87867965644036,-22.7071067811865,2.99));
#7956=CARTESIAN_POINT('',(-5.17157287525381,-23.4142135623731,5.));
#7957=CARTESIAN_POINT('Origin',(-4.46446609406726,-24.1213203435596,5.));
#7958=CARTESIAN_POINT('',(-5.17157287525381,-24.8284271247462,3.));
#7959=CARTESIAN_POINT('Origin',(-4.46446609406726,-24.1213203435596,3.));
#7960=CARTESIAN_POINT('',(-5.17157287525381,-24.8284271247462,2.99));
#7961=CARTESIAN_POINT('Origin',(-4.46446609406726,-24.1213203435596,2.99));
#7962=CARTESIAN_POINT('',(-5.17157287525381,-24.8284271247462,5.));
#7963=CARTESIAN_POINT('Origin',(-6.58578643762691,-24.8284271247462,5.));
#7964=CARTESIAN_POINT('',(-6.58578643762691,-24.8284271247462,3.));
#7965=CARTESIAN_POINT('',(5.85355339059328,-37.2677669529664,3.));
#7966=CARTESIAN_POINT('',(-6.58578643762691,-24.8284271247462,2.99));
#7967=CARTESIAN_POINT('',(-6.58578643762691,-24.8284271247462,5.));
#7968=CARTESIAN_POINT('',(-5.87867965644036,-25.5355339059327,2.99));
#7969=CARTESIAN_POINT('Origin',(-5.87867965644036,-25.5355339059327,5.));
#7970=CARTESIAN_POINT('Origin',(-5.87867965644036,-25.5355339059327,3.));
#7971=CARTESIAN_POINT('Origin',(-5.87867965644036,-25.5355339059327,2.99));
#7972=CARTESIAN_POINT('Origin',(-5.52512626584708,-24.4748737341529,2.99));
#7973=CARTESIAN_POINT('Origin',(-8.,-37.25,2.99));
#7974=CARTESIAN_POINT('',(-5.5,-35.5,2.99));
#7975=CARTESIAN_POINT('',(-5.5,-41.5,2.99));
#7976=CARTESIAN_POINT('',(-5.5,-36.375,2.99));
#7977=CARTESIAN_POINT('',(-10.5,-35.5,2.99));
#7978=CARTESIAN_POINT('Origin',(-8.,-35.5,2.99));
#7979=CARTESIAN_POINT('',(-10.5,-41.5,2.99));
#7980=CARTESIAN_POINT('',(-10.5,-39.375,2.99));
#7981=CARTESIAN_POINT('',(-9.66666666666667,-40.5,2.99));
#7982=CARTESIAN_POINT('',(-8.525956284153,-39.1311475409836,2.99));
#7983=CARTESIAN_POINT('',(-8.83333333333333,-41.5,2.99));
#7984=CARTESIAN_POINT('',(-9.70765027322405,-40.4508196721312,2.99));
#7985=CARTESIAN_POINT('',(-8.,-40.5,2.99));
#7986=CARTESIAN_POINT('',(-7.20081967213114,-39.5409836065574,2.99));
#7987=CARTESIAN_POINT('',(-7.16666666666667,-41.5,2.99));
#7988=CARTESIAN_POINT('',(-8.38251366120219,-40.0409836065574,2.99));
#7989=CARTESIAN_POINT('',(-6.33333333333333,-40.5,2.99));
#7990=CARTESIAN_POINT('',(-5.87568306010929,-39.9508196721312,2.99));
#7991=CARTESIAN_POINT('',(-7.05737704918033,-39.6311475409836,2.99));
#7992=CARTESIAN_POINT('Origin',(-8.,-40.5,0.));
#7993=CARTESIAN_POINT('',(-8.83333333333333,-41.5,3.));
#7994=CARTESIAN_POINT('',(-8.83333333333333,-41.5,0.));
#7995=CARTESIAN_POINT('',(-8.,-40.5,3.));
#7996=CARTESIAN_POINT('',(-8.83333333333333,-41.5,3.));
#7997=CARTESIAN_POINT('',(-8.,-40.5,0.));
#7998=CARTESIAN_POINT('Origin',(-8.83333333333333,-41.5,0.));
#7999=CARTESIAN_POINT('',(-9.66666666666667,-40.5,3.));
#8000=CARTESIAN_POINT('',(-9.66666666666667,-40.5,0.));
#8001=CARTESIAN_POINT('',(-9.66666666666667,-40.5,3.));
#8002=CARTESIAN_POINT('Origin',(-9.66666666666667,-40.5,0.));
#8003=CARTESIAN_POINT('',(-10.5,-41.5,3.));
#8004=CARTESIAN_POINT('',(-10.5,-41.5,0.));
#8005=CARTESIAN_POINT('',(-10.5,-41.5,3.));
#8006=CARTESIAN_POINT('Origin',(-10.5,-41.5,0.));
#8007=CARTESIAN_POINT('',(-10.5,-35.5,3.));
#8008=CARTESIAN_POINT('',(-10.5,-35.5,0.));
#8009=CARTESIAN_POINT('',(-10.5,-35.5,3.));
#8010=CARTESIAN_POINT('Origin',(-8.,-35.5,0.));
#8011=CARTESIAN_POINT('',(-5.5,-35.5,3.));
#8012=CARTESIAN_POINT('',(-5.5,-35.5,0.));
#8013=CARTESIAN_POINT('Origin',(-8.,-35.5,3.));
#8014=CARTESIAN_POINT('Origin',(-5.50000000008598,-54.0000095413527,0.));
#8015=CARTESIAN_POINT('',(-4.57472498016592,-53.9989859488161,0.));
#8016=CARTESIAN_POINT('',(-4.57472498016573,-53.9989859488161,2.99));
#8017=CARTESIAN_POINT('',(-4.57472498016592,-53.9989859488161,0.));
#8018=CARTESIAN_POINT('',(-4.54584114257712,-53.9989539958508,0.));
#8019=CARTESIAN_POINT('',(-4.54584114257712,-53.9989539958508,0.));
#8020=CARTESIAN_POINT('',(-4.54584114257712,-53.9989539958508,2.99));
#8021=CARTESIAN_POINT('',(-4.54584114257645,-53.9989539958508,0.));
#8022=CARTESIAN_POINT('',(-4.54584114257712,-53.9989539958508,2.99));
#8023=CARTESIAN_POINT('Origin',(-4.78124775878186,-53.9995164402286,2.99));
#8024=CARTESIAN_POINT('',(-4.56249551756373,-49.9990233391045,2.99));
#8025=CARTESIAN_POINT('Origin',(-4.56249551756373,-51.9990233391045,2.99));
#8026=CARTESIAN_POINT('',(-7.,-50.,2.99));
#8027=CARTESIAN_POINT('',(-5.89142532180291,-49.9995558155705,2.99));
#8028=CARTESIAN_POINT('',(-7.,-58.0000095413527,2.99));
#8029=CARTESIAN_POINT('',(-7.,-55.9997629907907,2.99));
#8030=CARTESIAN_POINT('',(-5.50000000008598,-58.0000095413527,2.99));
#8031=CARTESIAN_POINT('',(-5.14062387943392,-58.0000095413527,2.99));
#8032=CARTESIAN_POINT('',(-5.50000000008598,-54.0000095413527,2.99));
#8033=CARTESIAN_POINT('',(-5.50000000008598,-53.9997629907907,2.99));
#8034=CARTESIAN_POINT('',(-4.67798653653187,-53.9991001826992,2.99));
#8035=CARTESIAN_POINT('',(-4.56249551756373,-52.4990233391045,2.99));
#8036=CARTESIAN_POINT('',(-4.56249551756373,-51.4990233391045,2.99));
#8037=CARTESIAN_POINT('Origin',(-4.56249551756373,-51.9990233391045,2.99));
#8038=CARTESIAN_POINT('',(-5.50000000008598,-52.4990233391045,2.99));
#8039=CARTESIAN_POINT('',(-5.14062387943392,-52.4990233391045,2.99));
#8040=CARTESIAN_POINT('',(-5.50000000008598,-51.4990233391045,2.99));
#8041=CARTESIAN_POINT('',(-5.50000000008598,-52.7492698896666,2.99));
#8042=CARTESIAN_POINT('',(-4.67187163817279,-51.4990233391045,2.99));
#8043=CARTESIAN_POINT('Origin',(-4.57472498016592,-53.9989859488161,0.));
#8044=CARTESIAN_POINT('',(-5.50000000008598,-54.0000095413527,3.));
#8045=CARTESIAN_POINT('',(-5.50000000008598,-54.0000095413527,0.));
#8046=CARTESIAN_POINT('',(-4.57472498016592,-53.9989859488161,3.));
#8047=CARTESIAN_POINT('',(-4.54584114257712,-53.9989539958508,3.));
#8048=CARTESIAN_POINT('',(-4.57472498016592,-53.9989859488161,0.));
#8049=CARTESIAN_POINT('Origin',(-5.50000000008598,-54.0000095413527,0.));
#8050=CARTESIAN_POINT('',(-5.50000000008598,-58.0000095413527,3.));
#8051=CARTESIAN_POINT('',(-5.50000000008598,-58.0000095413527,0.));
#8052=CARTESIAN_POINT('',(-5.50000000008598,-58.0000095413527,3.));
#8053=CARTESIAN_POINT('Origin',(-5.50000000008598,-58.0000095413527,0.));
#8054=CARTESIAN_POINT('',(-7.,-58.0000095413527,3.));
#8055=CARTESIAN_POINT('',(-7.,-58.0000095413527,0.));
#8056=CARTESIAN_POINT('',(-7.,-58.0000095413527,3.));
#8057=CARTESIAN_POINT('Origin',(-7.,-58.0000095413527,0.));
#8058=CARTESIAN_POINT('',(-7.,-50.,3.));
#8059=CARTESIAN_POINT('',(-7.,-50.,0.));
#8060=CARTESIAN_POINT('',(-7.,-50.,3.));
#8061=CARTESIAN_POINT('Origin',(-7.,-50.,0.));
#8062=CARTESIAN_POINT('',(-4.56249551756373,-49.9990233391045,3.));
#8063=CARTESIAN_POINT('',(-4.56249551756373,-49.9990233391045,0.));
#8064=CARTESIAN_POINT('',(-4.56249551756373,-49.9990233391045,3.));
#8065=CARTESIAN_POINT('Origin',(-8.06003336854097,-0.306629936398383,2.99));
#8066=CARTESIAN_POINT('',(-11.6656226859466,4.7133889523862,2.99));
#8067=CARTESIAN_POINT('',(-9.86201481062054,3.30339167689426,2.99));
#8068=CARTESIAN_POINT('Ctrl Pts',(-11.6656226859466,4.7133889523862,2.99));
#8069=CARTESIAN_POINT('Ctrl Pts',(-11.4234079199562,4.25597953129484,2.99));
#8070=CARTESIAN_POINT('Ctrl Pts',(-10.8607479803856,3.78720914731493,2.99));
#8071=CARTESIAN_POINT('Ctrl Pts',(-9.86201481062054,3.30339167689426,2.99));
#8072=CARTESIAN_POINT('',(-11.2519859820378,1.919472350115,2.99));
#8073=CARTESIAN_POINT('Ctrl Pts',(-11.2519859820378,1.91947235011501,2.99));
#8074=CARTESIAN_POINT('Ctrl Pts',(-11.6765641459682,2.70010529164319,2.99));
#8075=CARTESIAN_POINT('Ctrl Pts',(-11.9554510273357,3.55745911814996,2.99));
#8076=CARTESIAN_POINT('Ctrl Pts',(-11.6656226859466,4.7133889523862,2.99));
#8077=CARTESIAN_POINT('',(-12.001472554969,-0.757533617104578,2.99));
#8078=CARTESIAN_POINT('Origin',(-8.06011796878834,-0.761122120427317,2.99));
#8079=CARTESIAN_POINT('',(-8.06026718980576,-5.32664881038425,2.99));
#8080=CARTESIAN_POINT('Origin',(-8.06011675728292,-0.757329026821475,2.99));
#8081=CARTESIAN_POINT('',(-4.11859418211297,-0.757533617104576,2.99));
#8082=CARTESIAN_POINT('Origin',(-8.05994997979945,-0.757329038291951,2.99));
#8083=CARTESIAN_POINT('',(-4.86714890851185,1.92087527773562,2.99));
#8084=CARTESIAN_POINT('Origin',(-8.05994993858372,-0.758225368226465,2.99));
#8085=CARTESIAN_POINT('',(-4.45444405113537,4.7133889523862,2.99));
#8086=CARTESIAN_POINT('Ctrl Pts',(-4.45444405113537,4.7133889523862,2.99));
#8087=CARTESIAN_POINT('Ctrl Pts',(-4.16481170698735,3.55822935292207,2.99));
#8088=CARTESIAN_POINT('Ctrl Pts',(-4.44305214131402,2.70106808510833,2.99));
#8089=CARTESIAN_POINT('Ctrl Pts',(-4.86714890851185,1.92087527773562,2.99));
#8090=CARTESIAN_POINT('',(-6.25572402940464,3.30476709613016,2.99));
#8091=CARTESIAN_POINT('Ctrl Pts',(-6.25572402940463,3.30476709613016,2.99));
#8092=CARTESIAN_POINT('Ctrl Pts',(-5.25868262529972,3.78811692401063,2.99));
#8093=CARTESIAN_POINT('Ctrl Pts',(-4.69644562714413,4.25636464868089,2.99));
#8094=CARTESIAN_POINT('Ctrl Pts',(-4.45444405113537,4.7133889523862,2.99));
#8095=CARTESIAN_POINT('',(-8.06026718981106,3.81204921871529,2.99));
#8096=CARTESIAN_POINT('Origin',(-8.06064598148487,-0.757270547073345,2.99));
#8097=CARTESIAN_POINT('Origin',(-8.05478428061395,-0.757266146849193,2.99));
#8098=CARTESIAN_POINT('',(-6.14376146505417,0.493850312103221,2.99));
#8099=CARTESIAN_POINT('',(-7.15863861810064,-0.957547082389355,2.99));
#8100=CARTESIAN_POINT('Ctrl Pts',(-6.14376146505417,0.493850312103221,2.99));
#8101=CARTESIAN_POINT('Ctrl Pts',(-6.90113950585136,0.113684435300078,2.99));
#8102=CARTESIAN_POINT('Ctrl Pts',(-7.09234684947828,-0.406471611333107,
2.99));
#8103=CARTESIAN_POINT('Ctrl Pts',(-7.15863861810064,-0.957547082389355,
2.99));
#8104=CARTESIAN_POINT('',(-5.9083412700892,-0.644116546912148,2.99));
#8105=CARTESIAN_POINT('Ctrl Pts',(-5.9083412700892,-0.644116546912148,2.99));
#8106=CARTESIAN_POINT('Ctrl Pts',(-5.61844415773827,-0.181755616571539,
2.99));
#8107=CARTESIAN_POINT('Ctrl Pts',(-5.76991907818809,0.222397571705724,2.99));
#8108=CARTESIAN_POINT('Ctrl Pts',(-6.14376146505417,0.493850312103221,2.99));
#8109=CARTESIAN_POINT('Ctrl Pts',(-7.15863861810064,-0.957547082389355,
2.99));
#8110=CARTESIAN_POINT('Ctrl Pts',(-6.90437861815191,-1.19312888911454,2.99));
#8111=CARTESIAN_POINT('Ctrl Pts',(-6.25250554839262,-1.19301885557567,2.99));
#8112=CARTESIAN_POINT('Ctrl Pts',(-5.9083412700892,-0.644116546912148,2.99));
#8113=CARTESIAN_POINT('',(-9.97630527202776,0.493850312103221,2.99));
#8114=CARTESIAN_POINT('',(-10.2117254669927,-0.644116546912148,2.99));
#8115=CARTESIAN_POINT('Ctrl Pts',(-9.97630527202776,0.493850312103221,2.99));
#8116=CARTESIAN_POINT('Ctrl Pts',(-10.3501476588938,0.222397571705724,2.99));
#8117=CARTESIAN_POINT('Ctrl Pts',(-10.5016225793437,-0.181755616571539,
2.99));
#8118=CARTESIAN_POINT('Ctrl Pts',(-10.2117254669927,-0.644116546912148,
2.99));
#8119=CARTESIAN_POINT('',(-8.9614281189813,-0.957547082389355,2.99));
#8120=CARTESIAN_POINT('Ctrl Pts',(-8.9614281189813,-0.957547082389355,2.99));
#8121=CARTESIAN_POINT('Ctrl Pts',(-9.02771988760365,-0.406471611333107,
2.99));
#8122=CARTESIAN_POINT('Ctrl Pts',(-9.21892723123058,0.113684435300078,2.99));
#8123=CARTESIAN_POINT('Ctrl Pts',(-9.97630527202776,0.493850312103221,2.99));
#8124=CARTESIAN_POINT('Ctrl Pts',(-10.2117254669927,-0.644116546912148,
2.99));
#8125=CARTESIAN_POINT('Ctrl Pts',(-9.86756118868931,-1.19301885557567,2.99));
#8126=CARTESIAN_POINT('Ctrl Pts',(-9.21568811893003,-1.19312888911454,2.99));
#8127=CARTESIAN_POINT('Ctrl Pts',(-8.9614281189813,-0.957547082389355,2.99));
#8128=CARTESIAN_POINT('Ctrl Pts',(-7.15863861810064,-0.957547082389355,
0.));
#8129=CARTESIAN_POINT('Ctrl Pts',(-7.15863861810064,-0.957547082389355,
3.));
#8130=CARTESIAN_POINT('Ctrl Pts',(-6.90437861815191,-1.19312888911454,0.));
#8131=CARTESIAN_POINT('Ctrl Pts',(-6.90437861815191,-1.19312888911454,3.));
#8132=CARTESIAN_POINT('Ctrl Pts',(-6.25250554839262,-1.19301885557567,0.));
#8133=CARTESIAN_POINT('Ctrl Pts',(-6.25250554839262,-1.19301885557567,3.));
#8134=CARTESIAN_POINT('Ctrl Pts',(-5.9083412700892,-0.644116546912148,0.));
#8135=CARTESIAN_POINT('Ctrl Pts',(-5.9083412700892,-0.644116546912148,3.));
#8136=CARTESIAN_POINT('',(-5.9083412700892,-0.644116546912148,3.));
#8137=CARTESIAN_POINT('',(-5.9083412700892,-0.644116546912148,0.));
#8138=CARTESIAN_POINT('',(-7.15863861810064,-0.957547082389355,3.));
#8139=CARTESIAN_POINT('Ctrl Pts',(-7.15863861810064,-0.957547082389355,
3.));
#8140=CARTESIAN_POINT('Ctrl Pts',(-6.90437861815191,-1.19312888911454,3.));
#8141=CARTESIAN_POINT('Ctrl Pts',(-6.25250554839262,-1.19301885557567,3.));
#8142=CARTESIAN_POINT('Ctrl Pts',(-5.9083412700892,-0.644116546912148,3.));
#8143=CARTESIAN_POINT('',(-7.15863861810064,-0.957547082389355,0.));
#8144=CARTESIAN_POINT('Ctrl Pts',(-5.9083412700892,-0.644116546912148,0.));
#8145=CARTESIAN_POINT('Ctrl Pts',(-5.9083412700892,-0.644116546912148,3.));
#8146=CARTESIAN_POINT('Ctrl Pts',(-5.61844415773827,-0.181755616571539,
0.));
#8147=CARTESIAN_POINT('Ctrl Pts',(-5.61844415773827,-0.181755616571539,
3.));
#8148=CARTESIAN_POINT('Ctrl Pts',(-5.76991907818809,0.222397571705724,0.));
#8149=CARTESIAN_POINT('Ctrl Pts',(-5.76991907818809,0.222397571705724,3.));
#8150=CARTESIAN_POINT('Ctrl Pts',(-6.14376146505417,0.493850312103221,0.));
#8151=CARTESIAN_POINT('Ctrl Pts',(-6.14376146505417,0.493850312103221,3.));
#8152=CARTESIAN_POINT('',(-6.14376146505417,0.493850312103221,3.));
#8153=CARTESIAN_POINT('',(-6.14376146505417,0.493850312103221,0.));
#8154=CARTESIAN_POINT('Ctrl Pts',(-5.9083412700892,-0.644116546912148,3.));
#8155=CARTESIAN_POINT('Ctrl Pts',(-5.61844415773827,-0.181755616571539,
3.));
#8156=CARTESIAN_POINT('Ctrl Pts',(-5.76991907818809,0.222397571705724,3.));
#8157=CARTESIAN_POINT('Ctrl Pts',(-6.14376146505417,0.493850312103221,3.));
#8158=CARTESIAN_POINT('Ctrl Pts',(-6.14376146505417,0.493850312103221,0.));
#8159=CARTESIAN_POINT('Ctrl Pts',(-6.14376146505417,0.493850312103221,3.));
#8160=CARTESIAN_POINT('Ctrl Pts',(-6.90113950585136,0.113684435300078,0.));
#8161=CARTESIAN_POINT('Ctrl Pts',(-6.90113950585136,0.113684435300078,3.));
#8162=CARTESIAN_POINT('Ctrl Pts',(-7.09234684947828,-0.406471611333107,
0.));
#8163=CARTESIAN_POINT('Ctrl Pts',(-7.09234684947828,-0.406471611333107,
3.));
#8164=CARTESIAN_POINT('Ctrl Pts',(-7.15863861810064,-0.957547082389355,
0.));
#8165=CARTESIAN_POINT('Ctrl Pts',(-7.15863861810064,-0.957547082389355,
3.));
#8166=CARTESIAN_POINT('Ctrl Pts',(-6.14376146505417,0.493850312103221,3.));
#8167=CARTESIAN_POINT('Ctrl Pts',(-6.90113950585136,0.113684435300078,3.));
#8168=CARTESIAN_POINT('Ctrl Pts',(-7.09234684947828,-0.406471611333107,
3.));
#8169=CARTESIAN_POINT('Ctrl Pts',(-7.15863861810064,-0.957547082389355,
3.));
#8170=CARTESIAN_POINT('Origin',(-6.38854138791945,-0.349639288505662,3.));
#8171=CARTESIAN_POINT('Ctrl Pts',(-10.2117254669927,-0.644116546912148,
0.));
#8172=CARTESIAN_POINT('Ctrl Pts',(-10.2117254669927,-0.644116546912148,
3.));
#8173=CARTESIAN_POINT('Ctrl Pts',(-9.86756118868931,-1.19301885557567,0.));
#8174=CARTESIAN_POINT('Ctrl Pts',(-9.86756118868931,-1.19301885557567,3.));
#8175=CARTESIAN_POINT('Ctrl Pts',(-9.21568811893003,-1.19312888911454,0.));
#8176=CARTESIAN_POINT('Ctrl Pts',(-9.21568811893003,-1.19312888911454,3.));
#8177=CARTESIAN_POINT('Ctrl Pts',(-8.9614281189813,-0.957547082389355,0.));
#8178=CARTESIAN_POINT('Ctrl Pts',(-8.9614281189813,-0.957547082389355,3.));
#8179=CARTESIAN_POINT('',(-8.9614281189813,-0.957547082389355,3.));
#8180=CARTESIAN_POINT('',(-8.9614281189813,-0.957547082389355,0.));
#8181=CARTESIAN_POINT('',(-10.2117254669927,-0.644116546912148,3.));
#8182=CARTESIAN_POINT('Ctrl Pts',(-10.2117254669927,-0.644116546912148,
3.));
#8183=CARTESIAN_POINT('Ctrl Pts',(-9.86756118868931,-1.19301885557567,3.));
#8184=CARTESIAN_POINT('Ctrl Pts',(-9.21568811893003,-1.19312888911454,3.));
#8185=CARTESIAN_POINT('Ctrl Pts',(-8.9614281189813,-0.957547082389355,3.));
#8186=CARTESIAN_POINT('',(-10.2117254669927,-0.644116546912148,0.));
#8187=CARTESIAN_POINT('Ctrl Pts',(-8.9614281189813,-0.957547082389355,0.));
#8188=CARTESIAN_POINT('Ctrl Pts',(-8.9614281189813,-0.957547082389355,3.));
#8189=CARTESIAN_POINT('Ctrl Pts',(-9.02771988760365,-0.406471611333107,
0.));
#8190=CARTESIAN_POINT('Ctrl Pts',(-9.02771988760365,-0.406471611333107,
3.));
#8191=CARTESIAN_POINT('Ctrl Pts',(-9.21892723123058,0.113684435300078,0.));
#8192=CARTESIAN_POINT('Ctrl Pts',(-9.21892723123058,0.113684435300078,3.));
#8193=CARTESIAN_POINT('Ctrl Pts',(-9.97630527202776,0.493850312103221,0.));
#8194=CARTESIAN_POINT('Ctrl Pts',(-9.97630527202776,0.493850312103221,3.));
#8195=CARTESIAN_POINT('',(-9.97630527202776,0.493850312103221,3.));
#8196=CARTESIAN_POINT('',(-9.97630527202776,0.493850312103221,0.));
#8197=CARTESIAN_POINT('Ctrl Pts',(-8.9614281189813,-0.957547082389355,3.));
#8198=CARTESIAN_POINT('Ctrl Pts',(-9.02771988760365,-0.406471611333107,
3.));
#8199=CARTESIAN_POINT('Ctrl Pts',(-9.21892723123058,0.113684435300078,3.));
#8200=CARTESIAN_POINT('Ctrl Pts',(-9.97630527202776,0.493850312103221,3.));
#8201=CARTESIAN_POINT('Ctrl Pts',(-9.97630527202776,0.493850312103221,0.));
#8202=CARTESIAN_POINT('Ctrl Pts',(-9.97630527202776,0.493850312103221,3.));
#8203=CARTESIAN_POINT('Ctrl Pts',(-10.3501476588938,0.222397571705724,0.));
#8204=CARTESIAN_POINT('Ctrl Pts',(-10.3501476588938,0.222397571705724,3.));
#8205=CARTESIAN_POINT('Ctrl Pts',(-10.5016225793437,-0.181755616571539,
0.));
#8206=CARTESIAN_POINT('Ctrl Pts',(-10.5016225793437,-0.181755616571539,
3.));
#8207=CARTESIAN_POINT('Ctrl Pts',(-10.2117254669927,-0.644116546912148,
0.));
#8208=CARTESIAN_POINT('Ctrl Pts',(-10.2117254669927,-0.644116546912148,
3.));
#8209=CARTESIAN_POINT('Ctrl Pts',(-9.97630527202776,0.493850312103221,3.));
#8210=CARTESIAN_POINT('Ctrl Pts',(-10.3501476588938,0.222397571705724,3.));
#8211=CARTESIAN_POINT('Ctrl Pts',(-10.5016225793437,-0.181755616571539,
3.));
#8212=CARTESIAN_POINT('Ctrl Pts',(-10.2117254669927,-0.644116546912148,
3.));
#8213=CARTESIAN_POINT('Origin',(-9.73152534916248,-0.349639288505662,3.));
#8214=CARTESIAN_POINT('Ctrl Pts',(-4.11859418211297,-0.757533617104576,
2.99));
#8215=CARTESIAN_POINT('Ctrl Pts',(-4.11878741110054,0.722187481228172,2.99));
#8216=CARTESIAN_POINT('Ctrl Pts',(-4.86714890851186,1.92087527773562,2.99));
#8217=CARTESIAN_POINT('Ctrl Pts',(-4.11859418211297,-0.757533617104576,
3.));
#8218=CARTESIAN_POINT('Ctrl Pts',(-4.11878741110054,0.722187481228172,3.));
#8219=CARTESIAN_POINT('Ctrl Pts',(-4.86714890851186,1.92087527773562,3.));
#8220=CARTESIAN_POINT('',(-4.11859418211297,-0.757533617104578,3.));
#8221=CARTESIAN_POINT('',(-4.11859418211297,-0.757533617104576,0.));
#8222=CARTESIAN_POINT('',(-4.86714890851185,1.92087527773563,3.));
#8223=CARTESIAN_POINT('Origin',(-8.05994993858372,-0.758225368226465,3.));
#8224=CARTESIAN_POINT('',(-4.86714890851185,1.92087527773562,0.));
#8225=CARTESIAN_POINT('Ctrl Pts',(-8.06026718980576,-5.32664881038425,2.99));
#8226=CARTESIAN_POINT('Ctrl Pts',(-6.4276629440502,-5.32680114130631,2.99));
#8227=CARTESIAN_POINT('Ctrl Pts',(-5.27316511077957,-3.98852838750095,2.99));
#8228=CARTESIAN_POINT('Ctrl Pts',(-4.11866727750895,-2.65025563369559,2.99));
#8229=CARTESIAN_POINT('Ctrl Pts',(-4.11859418211297,-0.757533617104576,
2.99));
#8230=CARTESIAN_POINT('Ctrl Pts',(-8.06026718980576,-5.32664881038425,3.));
#8231=CARTESIAN_POINT('Ctrl Pts',(-6.4276629440502,-5.32680114130631,3.));
#8232=CARTESIAN_POINT('Ctrl Pts',(-5.27316511077957,-3.98852838750095,3.));
#8233=CARTESIAN_POINT('Ctrl Pts',(-4.11866727750895,-2.65025563369559,3.));
#8234=CARTESIAN_POINT('Ctrl Pts',(-4.11859418211297,-0.757533617104576,
3.));
#8235=CARTESIAN_POINT('',(-8.06026718980576,-5.32664881038425,3.));
#8236=CARTESIAN_POINT('',(-8.06026718980576,-5.32664881038425,0.));
#8237=CARTESIAN_POINT('Origin',(-8.05994997979945,-0.757329038291951,3.));
#8238=CARTESIAN_POINT('Ctrl Pts',(-12.001472554969,-0.757533617104577,2.99));
#8239=CARTESIAN_POINT('Ctrl Pts',(-12.001296096271,-5.32647442437914,2.99));
#8240=CARTESIAN_POINT('Ctrl Pts',(-8.06026718980576,-5.32664881038426,2.99));
#8241=CARTESIAN_POINT('Ctrl Pts',(-12.001472554969,-0.757533617104577,3.));
#8242=CARTESIAN_POINT('Ctrl Pts',(-12.001296096271,-5.32647442437914,3.));
#8243=CARTESIAN_POINT('Ctrl Pts',(-8.06026718980576,-5.32664881038426,3.));
#8244=CARTESIAN_POINT('',(-12.001472554969,-0.757533617104578,3.));
#8245=CARTESIAN_POINT('',(-12.001472554969,-0.757533617104578,0.));
#8246=CARTESIAN_POINT('Origin',(-8.06011675728292,-0.757329026821475,3.));
#8247=CARTESIAN_POINT('Ctrl Pts',(-11.2519859820378,1.919472350115,2.99));
#8248=CARTESIAN_POINT('Ctrl Pts',(-12.0004705610351,0.721605663783253,2.99));
#8249=CARTESIAN_POINT('Ctrl Pts',(-12.001472554969,-0.757533617104578,2.99));
#8250=CARTESIAN_POINT('Ctrl Pts',(-11.2519859820378,1.919472350115,3.));
#8251=CARTESIAN_POINT('Ctrl Pts',(-12.0004705610351,0.721605663783253,3.));
#8252=CARTESIAN_POINT('Ctrl Pts',(-12.001472554969,-0.757533617104578,3.));
#8253=CARTESIAN_POINT('',(-11.2519859820378,1.919472350115,3.));
#8254=CARTESIAN_POINT('',(-11.2519859820378,1.919472350115,0.));
#8255=CARTESIAN_POINT('Origin',(-8.06011796878834,-0.761122120427317,3.));
#8256=CARTESIAN_POINT('Ctrl Pts',(-11.2519859820378,1.91947235011501,0.));
#8257=CARTESIAN_POINT('Ctrl Pts',(-11.2519859820378,1.91947235011501,3.));
#8258=CARTESIAN_POINT('Ctrl Pts',(-11.6765641459682,2.70010529164319,0.));
#8259=CARTESIAN_POINT('Ctrl Pts',(-11.6765641459682,2.70010529164319,3.));
#8260=CARTESIAN_POINT('Ctrl Pts',(-11.9554510273357,3.55745911814996,0.));
#8261=CARTESIAN_POINT('Ctrl Pts',(-11.9554510273357,3.55745911814996,3.));
#8262=CARTESIAN_POINT('Ctrl Pts',(-11.6656226859466,4.7133889523862,0.));
#8263=CARTESIAN_POINT('Ctrl Pts',(-11.6656226859466,4.7133889523862,3.));
#8264=CARTESIAN_POINT('',(-11.6656226859466,4.7133889523862,3.));
#8265=CARTESIAN_POINT('',(-11.6656226859466,4.7133889523862,0.));
#8266=CARTESIAN_POINT('Ctrl Pts',(-11.2519859820378,1.91947235011501,3.));
#8267=CARTESIAN_POINT('Ctrl Pts',(-11.6765641459682,2.70010529164319,3.));
#8268=CARTESIAN_POINT('Ctrl Pts',(-11.9554510273357,3.55745911814996,3.));
#8269=CARTESIAN_POINT('Ctrl Pts',(-11.6656226859466,4.7133889523862,3.));
#8270=CARTESIAN_POINT('Origin',(-11.,-54.,2.99));
#8271=CARTESIAN_POINT('',(-11.75,-58.,2.99));
#8272=CARTESIAN_POINT('',(-14.,-50.,2.99));
#8273=CARTESIAN_POINT('',(-12.243778280543,-56.2443438914027,2.99));
#8274=CARTESIAN_POINT('',(-10.25,-58.,2.99));
#8275=CARTESIAN_POINT('',(-10.625,-58.,2.99));
#8276=CARTESIAN_POINT('',(-8.,-50.,2.99));
#8277=CARTESIAN_POINT('',(-8.63122171945701,-52.2443438914027,2.99));
#8278=CARTESIAN_POINT('',(-9.5,-50.,2.99));
#8279=CARTESIAN_POINT('',(-10.25,-50.,2.99));
#8280=CARTESIAN_POINT('',(-11.,-55.3333333333333,2.99));
#8281=CARTESIAN_POINT('',(-10.8262443438914,-54.7155354449472,2.99));
#8282=CARTESIAN_POINT('',(-12.5,-50.,2.99));
#8283=CARTESIAN_POINT('',(-11.9237556561086,-52.0488687782805,2.99));
#8284=CARTESIAN_POINT('',(-12.5,-50.,2.99));
#8285=CARTESIAN_POINT('Origin',(-11.,-55.3333333333333,0.));
#8286=CARTESIAN_POINT('',(-9.5,-50.,3.));
#8287=CARTESIAN_POINT('',(-9.5,-50.,0.));
#8288=CARTESIAN_POINT('',(-11.,-55.3333333333333,3.));
#8289=CARTESIAN_POINT('',(-11.,-55.3333333333333,3.));
#8290=CARTESIAN_POINT('',(-11.,-55.3333333333333,0.));
#8291=CARTESIAN_POINT('Origin',(-9.5,-50.,0.));
#8292=CARTESIAN_POINT('',(-8.,-50.,3.));
#8293=CARTESIAN_POINT('',(-8.,-50.,0.));
#8294=CARTESIAN_POINT('',(-8.,-50.,3.));
#8295=CARTESIAN_POINT('Origin',(-8.,-50.,0.));
#8296=CARTESIAN_POINT('',(-10.25,-58.,3.));
#8297=CARTESIAN_POINT('',(-10.25,-58.,0.));
#8298=CARTESIAN_POINT('',(-10.25,-58.,3.));
#8299=CARTESIAN_POINT('Origin',(-10.25,-58.,0.));
#8300=CARTESIAN_POINT('',(-11.75,-58.,3.));
#8301=CARTESIAN_POINT('',(-11.75,-58.,0.));
#8302=CARTESIAN_POINT('',(-11.,-58.,3.));
#8303=CARTESIAN_POINT('Origin',(4.,4.,1.));
#8304=CARTESIAN_POINT('',(0.,0.,1.));
#8305=CARTESIAN_POINT('',(0.,8.,1.));
#8306=CARTESIAN_POINT('',(0.,2.,1.));
#8307=CARTESIAN_POINT('',(8.,0.,1.));
#8308=CARTESIAN_POINT('',(24.,0.,1.));
#8309=CARTESIAN_POINT('',(8.,8.,1.));
#8310=CARTESIAN_POINT('',(8.,6.,1.));
#8311=CARTESIAN_POINT('',(2.,8.,1.));
#8312=CARTESIAN_POINT('Origin',(8.,8.,0.));
#8313=CARTESIAN_POINT('',(8.,0.,2.));
#8314=CARTESIAN_POINT('',(8.,0.,0.));
#8315=CARTESIAN_POINT('',(8.,8.,2.));
#8316=CARTESIAN_POINT('',(8.,0.,2.));
#8317=CARTESIAN_POINT('',(8.,8.,0.));
#8318=CARTESIAN_POINT('Origin',(44.,0.,0.));
#8319=CARTESIAN_POINT('',(0.,0.,3.));
#8320=CARTESIAN_POINT('',(0.,0.,0.));
#8321=CARTESIAN_POINT('',(44.,0.,3.));
#8322=CARTESIAN_POINT('',(0.,0.,3.));
#8323=CARTESIAN_POINT('',(44.,0.,1.));
#8324=CARTESIAN_POINT('',(44.,0.,0.));
#8325=CARTESIAN_POINT('',(36.,0.,1.));
#8326=CARTESIAN_POINT('',(42.,0.,1.));
#8327=CARTESIAN_POINT('',(36.,0.,2.));
#8328=CARTESIAN_POINT('',(36.,0.,0.));
#8329=CARTESIAN_POINT('',(35.,0.,2.));
#8330=CARTESIAN_POINT('',(39.75,0.,2.));
#8331=CARTESIAN_POINT('',(35.,0.,1.));
#8332=CARTESIAN_POINT('',(35.,0.,0.));
#8333=CARTESIAN_POINT('',(27.,0.,1.));
#8334=CARTESIAN_POINT('',(37.5,0.,1.));
#8335=CARTESIAN_POINT('',(27.,0.,2.));
#8336=CARTESIAN_POINT('',(27.,0.,0.));
#8337=CARTESIAN_POINT('',(26.,0.,2.));
#8338=CARTESIAN_POINT('',(35.25,0.,2.));
#8339=CARTESIAN_POINT('',(26.,0.,1.));
#8340=CARTESIAN_POINT('',(26.,0.,0.));
#8341=CARTESIAN_POINT('',(18.,0.,1.));
#8342=CARTESIAN_POINT('',(33.,0.,1.));
#8343=CARTESIAN_POINT('',(18.,0.,2.));
#8344=CARTESIAN_POINT('',(18.,0.,0.));
#8345=CARTESIAN_POINT('',(17.,0.,2.));
#8346=CARTESIAN_POINT('',(30.75,0.,2.));
#8347=CARTESIAN_POINT('',(17.,0.,1.));
#8348=CARTESIAN_POINT('',(17.,0.,0.));
#8349=CARTESIAN_POINT('',(9.,0.,1.));
#8350=CARTESIAN_POINT('',(28.5,0.,1.));
#8351=CARTESIAN_POINT('',(9.,0.,2.));
#8352=CARTESIAN_POINT('',(9.,0.,0.));
#8353=CARTESIAN_POINT('',(26.25,0.,2.));
#8354=CARTESIAN_POINT('Origin',(22.,4.,1.));
#8355=CARTESIAN_POINT('',(18.,8.,1.));
#8356=CARTESIAN_POINT('',(18.,2.,1.));
#8357=CARTESIAN_POINT('',(26.,8.,1.));
#8358=CARTESIAN_POINT('',(26.,6.,1.));
#8359=CARTESIAN_POINT('',(11.,8.,1.));
#8360=CARTESIAN_POINT('Origin',(26.,8.,0.));
#8361=CARTESIAN_POINT('',(26.,8.,2.));
#8362=CARTESIAN_POINT('',(26.,0.,2.));
#8363=CARTESIAN_POINT('',(26.,8.,0.));
#8364=CARTESIAN_POINT('Origin',(40.,4.,1.));
#8365=CARTESIAN_POINT('',(36.,8.,1.));
#8366=CARTESIAN_POINT('',(44.,8.,1.));
#8367=CARTESIAN_POINT('',(20.,8.,1.));
#8368=CARTESIAN_POINT('',(36.,2.,1.));
#8369=CARTESIAN_POINT('',(44.,6.,1.));
#8370=CARTESIAN_POINT('Origin',(36.,0.,0.));
#8371=CARTESIAN_POINT('',(36.,8.,2.));
#8372=CARTESIAN_POINT('',(36.,8.,0.));
#8373=CARTESIAN_POINT('',(36.,8.,2.));
#8374=CARTESIAN_POINT('Origin',(59.,4.,1.));
#8375=CARTESIAN_POINT('',(55.,0.,1.));
#8376=CARTESIAN_POINT('',(55.,8.,1.));
#8377=CARTESIAN_POINT('',(55.,2.,1.));
#8378=CARTESIAN_POINT('',(63.,0.,1.));
#8379=CARTESIAN_POINT('',(74.5,0.,1.));
#8380=CARTESIAN_POINT('',(63.,8.,1.));
#8381=CARTESIAN_POINT('',(63.,6.,1.));
#8382=CARTESIAN_POINT('',(52.5,8.,1.));
#8383=CARTESIAN_POINT('Origin',(63.,8.,0.));
#8384=CARTESIAN_POINT('',(63.,0.,2.));
#8385=CARTESIAN_POINT('',(63.,0.,0.));
#8386=CARTESIAN_POINT('',(63.,8.,2.));
#8387=CARTESIAN_POINT('',(63.,0.,2.));
#8388=CARTESIAN_POINT('',(63.,8.,0.));
#8389=CARTESIAN_POINT('Origin',(90.,0.,0.));
#8390=CARTESIAN_POINT('',(55.,0.,2.));
#8391=CARTESIAN_POINT('',(55.,0.,0.));
#8392=CARTESIAN_POINT('',(54.,0.,2.));
#8393=CARTESIAN_POINT('',(72.25,0.,2.));
#8394=CARTESIAN_POINT('',(54.,0.,1.));
#8395=CARTESIAN_POINT('',(54.,0.,0.));
#8396=CARTESIAN_POINT('',(46.,0.,1.));
#8397=CARTESIAN_POINT('',(70.,0.,1.));
#8398=CARTESIAN_POINT('',(46.,0.,3.));
#8399=CARTESIAN_POINT('',(46.,0.,0.));
#8400=CARTESIAN_POINT('',(90.,0.,3.));
#8401=CARTESIAN_POINT('',(46.,0.,3.));
#8402=CARTESIAN_POINT('',(90.,0.,1.));
#8403=CARTESIAN_POINT('',(90.,0.,0.));
#8404=CARTESIAN_POINT('',(82.,0.,1.));
#8405=CARTESIAN_POINT('',(88.,0.,1.));
#8406=CARTESIAN_POINT('',(82.,0.,2.));
#8407=CARTESIAN_POINT('',(82.,0.,0.));
#8408=CARTESIAN_POINT('',(81.,0.,2.));
#8409=CARTESIAN_POINT('',(85.75,0.,2.));
#8410=CARTESIAN_POINT('',(81.,0.,1.));
#8411=CARTESIAN_POINT('',(81.,0.,0.));
#8412=CARTESIAN_POINT('',(73.,0.,1.));
#8413=CARTESIAN_POINT('',(83.5,0.,1.));
#8414=CARTESIAN_POINT('',(73.,0.,2.));
#8415=CARTESIAN_POINT('',(73.,0.,0.));
#8416=CARTESIAN_POINT('',(72.,0.,2.));
#8417=CARTESIAN_POINT('',(81.25,0.,2.));
#8418=CARTESIAN_POINT('',(72.,0.,1.));
#8419=CARTESIAN_POINT('',(72.,0.,0.));
#8420=CARTESIAN_POINT('',(64.,0.,1.));
#8421=CARTESIAN_POINT('',(79.,0.,1.));
#8422=CARTESIAN_POINT('',(64.,0.,2.));
#8423=CARTESIAN_POINT('',(64.,0.,0.));
#8424=CARTESIAN_POINT('',(76.75,0.,2.));
#8425=CARTESIAN_POINT('Origin',(77.,4.,1.));
#8426=CARTESIAN_POINT('',(73.,8.,1.));
#8427=CARTESIAN_POINT('',(73.,2.,1.));
#8428=CARTESIAN_POINT('',(81.,8.,1.));
#8429=CARTESIAN_POINT('',(81.,6.,1.));
#8430=CARTESIAN_POINT('',(61.5,8.,1.));
#8431=CARTESIAN_POINT('Origin',(81.,8.,0.));
#8432=CARTESIAN_POINT('',(81.,8.,2.));
#8433=CARTESIAN_POINT('',(81.,0.,2.));
#8434=CARTESIAN_POINT('',(81.,8.,0.));
#8435=CARTESIAN_POINT('Origin',(96.,4.,1.));
#8436=CARTESIAN_POINT('',(92.,8.,1.));
#8437=CARTESIAN_POINT('',(100.,8.,1.));
#8438=CARTESIAN_POINT('',(94.,8.,1.));
#8439=CARTESIAN_POINT('',(92.,0.,1.));
#8440=CARTESIAN_POINT('',(92.,2.,1.));
#8441=CARTESIAN_POINT('',(100.,0.,1.));
#8442=CARTESIAN_POINT('',(98.,0.,1.));
#8443=CARTESIAN_POINT('',(100.,6.,1.));
#8444=CARTESIAN_POINT('Origin',(100.,0.,0.));
#8445=CARTESIAN_POINT('',(92.,0.,3.));
#8446=CARTESIAN_POINT('',(92.,0.,0.));
#8447=CARTESIAN_POINT('',(100.,0.,3.));
#8448=CARTESIAN_POINT('',(92.,0.,3.));
#8449=CARTESIAN_POINT('',(100.,0.,0.));
#8450=CARTESIAN_POINT('Origin',(92.,0.,0.));
#8451=CARTESIAN_POINT('',(92.,8.,3.));
#8452=CARTESIAN_POINT('',(92.,8.,0.));
#8453=CARTESIAN_POINT('',(92.,10.,3.));
#8454=CARTESIAN_POINT('Origin',(77.,-22.,1.));
#8455=CARTESIAN_POINT('',(73.,-26.,1.));
#8456=CARTESIAN_POINT('',(73.,-18.,1.));
#8457=CARTESIAN_POINT('',(73.,-24.,1.));
#8458=CARTESIAN_POINT('',(81.,-26.,1.));
#8459=CARTESIAN_POINT('',(83.5,-26.,1.));
#8460=CARTESIAN_POINT('',(81.,-18.,1.));
#8461=CARTESIAN_POINT('',(81.,-20.,1.));
#8462=CARTESIAN_POINT('',(61.5,-18.,1.));
#8463=CARTESIAN_POINT('Origin',(81.,-18.,0.));
#8464=CARTESIAN_POINT('',(81.,-26.,2.));
#8465=CARTESIAN_POINT('',(81.,-26.,0.));
#8466=CARTESIAN_POINT('',(81.,-18.,2.));
#8467=CARTESIAN_POINT('',(81.,-26.,2.));
#8468=CARTESIAN_POINT('',(81.,-18.,0.));
#8469=CARTESIAN_POINT('Origin',(90.,-26.,0.));
#8470=CARTESIAN_POINT('',(73.,-26.,2.));
#8471=CARTESIAN_POINT('',(73.,-26.,0.));
#8472=CARTESIAN_POINT('',(72.,-26.,2.));
#8473=CARTESIAN_POINT('',(81.25,-26.,2.));
#8474=CARTESIAN_POINT('',(72.,-26.,1.));
#8475=CARTESIAN_POINT('',(72.,-26.,0.));
#8476=CARTESIAN_POINT('',(64.,-26.,1.));
#8477=CARTESIAN_POINT('',(79.,-26.,1.));
#8478=CARTESIAN_POINT('',(64.,-26.,2.));
#8479=CARTESIAN_POINT('',(64.,-26.,0.));
#8480=CARTESIAN_POINT('',(63.,-26.,2.));
#8481=CARTESIAN_POINT('',(76.75,-26.,2.));
#8482=CARTESIAN_POINT('',(63.,-26.,1.));
#8483=CARTESIAN_POINT('',(63.,-26.,0.));
#8484=CARTESIAN_POINT('',(55.,-26.,1.));
#8485=CARTESIAN_POINT('',(74.5,-26.,1.));
#8486=CARTESIAN_POINT('',(55.,-26.,2.));
#8487=CARTESIAN_POINT('',(55.,-26.,0.));
#8488=CARTESIAN_POINT('',(54.,-26.,2.));
#8489=CARTESIAN_POINT('',(72.25,-26.,2.));
#8490=CARTESIAN_POINT('',(54.,-26.,1.));
#8491=CARTESIAN_POINT('',(54.,-26.,0.));
#8492=CARTESIAN_POINT('',(46.,-26.,1.));
#8493=CARTESIAN_POINT('',(70.,-26.,1.));
#8494=CARTESIAN_POINT('',(46.,-26.,3.));
#8495=CARTESIAN_POINT('',(46.,-26.,0.));
#8496=CARTESIAN_POINT('',(90.,-26.,3.));
#8497=CARTESIAN_POINT('',(46.,-26.,3.));
#8498=CARTESIAN_POINT('',(90.,-26.,1.));
#8499=CARTESIAN_POINT('',(90.,-26.,0.));
#8500=CARTESIAN_POINT('',(82.,-26.,1.));
#8501=CARTESIAN_POINT('',(88.,-26.,1.));
#8502=CARTESIAN_POINT('',(82.,-26.,2.));
#8503=CARTESIAN_POINT('',(82.,-26.,0.));
#8504=CARTESIAN_POINT('',(85.75,-26.,2.));
#8505=CARTESIAN_POINT('Origin',(40.,-22.,1.));
#8506=CARTESIAN_POINT('',(36.,-18.,1.));
#8507=CARTESIAN_POINT('',(44.,-18.,1.));
#8508=CARTESIAN_POINT('',(20.,-18.,1.));
#8509=CARTESIAN_POINT('',(36.,-26.,1.));
#8510=CARTESIAN_POINT('',(36.,-24.,1.));
#8511=CARTESIAN_POINT('',(44.,-26.,1.));
#8512=CARTESIAN_POINT('',(42.,-26.,1.));
#8513=CARTESIAN_POINT('',(44.,-20.,1.));
#8514=CARTESIAN_POINT('Origin',(44.,-26.,0.));
#8515=CARTESIAN_POINT('',(36.,-26.,2.));
#8516=CARTESIAN_POINT('',(36.,-26.,0.));
#8517=CARTESIAN_POINT('',(35.,-26.,2.));
#8518=CARTESIAN_POINT('',(39.75,-26.,2.));
#8519=CARTESIAN_POINT('',(35.,-26.,1.));
#8520=CARTESIAN_POINT('',(35.,-26.,0.));
#8521=CARTESIAN_POINT('',(27.,-26.,1.));
#8522=CARTESIAN_POINT('',(37.5,-26.,1.));
#8523=CARTESIAN_POINT('',(27.,-26.,2.));
#8524=CARTESIAN_POINT('',(27.,-26.,0.));
#8525=CARTESIAN_POINT('',(26.,-26.,2.));
#8526=CARTESIAN_POINT('',(35.25,-26.,2.));
#8527=CARTESIAN_POINT('',(26.,-26.,1.));
#8528=CARTESIAN_POINT('',(26.,-26.,0.));
#8529=CARTESIAN_POINT('',(18.,-26.,1.));
#8530=CARTESIAN_POINT('',(33.,-26.,1.));
#8531=CARTESIAN_POINT('',(18.,-26.,2.));
#8532=CARTESIAN_POINT('',(18.,-26.,0.));
#8533=CARTESIAN_POINT('',(17.,-26.,2.));
#8534=CARTESIAN_POINT('',(30.75,-26.,2.));
#8535=CARTESIAN_POINT('',(17.,-26.,1.));
#8536=CARTESIAN_POINT('',(17.,-26.,0.));
#8537=CARTESIAN_POINT('',(9.,-26.,1.));
#8538=CARTESIAN_POINT('',(28.5,-26.,1.));
#8539=CARTESIAN_POINT('',(9.,-26.,2.));
#8540=CARTESIAN_POINT('',(9.,-26.,0.));
#8541=CARTESIAN_POINT('',(8.,-26.,2.));
#8542=CARTESIAN_POINT('',(26.25,-26.,2.));
#8543=CARTESIAN_POINT('',(8.,-26.,1.));
#8544=CARTESIAN_POINT('',(8.,-26.,0.));
#8545=CARTESIAN_POINT('',(0.,-26.,1.));
#8546=CARTESIAN_POINT('',(24.,-26.,1.));
#8547=CARTESIAN_POINT('',(0.,-26.,3.));
#8548=CARTESIAN_POINT('',(0.,-26.,0.));
#8549=CARTESIAN_POINT('',(44.,-26.,3.));
#8550=CARTESIAN_POINT('',(0.,-26.,3.));
#8551=CARTESIAN_POINT('',(44.,-26.,0.));
#8552=CARTESIAN_POINT('Origin',(36.,-26.,0.));
#8553=CARTESIAN_POINT('',(36.,-18.,2.));
#8554=CARTESIAN_POINT('',(36.,-18.,0.));
#8555=CARTESIAN_POINT('',(36.,-18.,2.));
#8556=CARTESIAN_POINT('Origin',(4.,-22.,1.));
#8557=CARTESIAN_POINT('',(8.,-18.,1.));
#8558=CARTESIAN_POINT('',(8.,-20.,1.));
#8559=CARTESIAN_POINT('',(0.,-18.,1.));
#8560=CARTESIAN_POINT('',(2.,-18.,1.));
#8561=CARTESIAN_POINT('',(0.,-24.,1.));
#8562=CARTESIAN_POINT('Origin',(0.,-26.,0.));
#8563=CARTESIAN_POINT('',(0.,-18.,3.));
#8564=CARTESIAN_POINT('',(0.,-18.,0.));
#8565=CARTESIAN_POINT('',(0.,-18.,3.));
#8566=CARTESIAN_POINT('Origin',(0.,-18.,0.));
#8567=CARTESIAN_POINT('',(44.,-18.,3.));
#8568=CARTESIAN_POINT('',(44.,-18.,0.));
#8569=CARTESIAN_POINT('',(44.,-18.,3.));
#8570=CARTESIAN_POINT('',(8.,-18.,2.));
#8571=CARTESIAN_POINT('',(8.,-18.,0.));
#8572=CARTESIAN_POINT('',(9.,-18.,2.));
#8573=CARTESIAN_POINT('',(4.25,-18.,2.));
#8574=CARTESIAN_POINT('',(9.,-18.,1.));
#8575=CARTESIAN_POINT('',(9.,-18.,0.));
#8576=CARTESIAN_POINT('',(17.,-18.,1.));
#8577=CARTESIAN_POINT('',(6.5,-18.,1.));
#8578=CARTESIAN_POINT('',(17.,-18.,2.));
#8579=CARTESIAN_POINT('',(17.,-18.,0.));
#8580=CARTESIAN_POINT('',(18.,-18.,2.));
#8581=CARTESIAN_POINT('',(8.75,-18.,2.));
#8582=CARTESIAN_POINT('',(18.,-18.,1.));
#8583=CARTESIAN_POINT('',(18.,-18.,0.));
#8584=CARTESIAN_POINT('',(26.,-18.,1.));
#8585=CARTESIAN_POINT('',(11.,-18.,1.));
#8586=CARTESIAN_POINT('',(26.,-18.,2.));
#8587=CARTESIAN_POINT('',(26.,-18.,0.));
#8588=CARTESIAN_POINT('',(27.,-18.,2.));
#8589=CARTESIAN_POINT('',(13.25,-18.,2.));
#8590=CARTESIAN_POINT('',(27.,-18.,1.));
#8591=CARTESIAN_POINT('',(27.,-18.,0.));
#8592=CARTESIAN_POINT('',(35.,-18.,1.));
#8593=CARTESIAN_POINT('',(15.5,-18.,1.));
#8594=CARTESIAN_POINT('',(35.,-18.,2.));
#8595=CARTESIAN_POINT('',(35.,-18.,0.));
#8596=CARTESIAN_POINT('',(17.75,-18.,2.));
#8597=CARTESIAN_POINT('Origin',(31.,-38.,1.));
#8598=CARTESIAN_POINT('',(35.,-34.,1.));
#8599=CARTESIAN_POINT('',(35.,-42.,1.));
#8600=CARTESIAN_POINT('',(35.,-36.,1.));
#8601=CARTESIAN_POINT('',(27.,-34.,1.));
#8602=CARTESIAN_POINT('',(15.5,-34.,1.));
#8603=CARTESIAN_POINT('',(27.,-42.,1.));
#8604=CARTESIAN_POINT('',(27.,-40.,1.));
#8605=CARTESIAN_POINT('',(37.5,-42.,1.));
#8606=CARTESIAN_POINT('Origin',(27.,-42.,0.));
#8607=CARTESIAN_POINT('',(27.,-34.,2.));
#8608=CARTESIAN_POINT('',(27.,-34.,0.));
#8609=CARTESIAN_POINT('',(27.,-42.,2.));
#8610=CARTESIAN_POINT('',(27.,-34.,2.));
#8611=CARTESIAN_POINT('',(27.,-42.,0.));
#8612=CARTESIAN_POINT('Origin',(0.,-34.,0.));
#8613=CARTESIAN_POINT('',(35.,-34.,2.));
#8614=CARTESIAN_POINT('',(35.,-34.,0.));
#8615=CARTESIAN_POINT('',(36.,-34.,2.));
#8616=CARTESIAN_POINT('',(17.75,-34.,2.));
#8617=CARTESIAN_POINT('',(36.,-34.,1.));
#8618=CARTESIAN_POINT('',(36.,-34.,0.));
#8619=CARTESIAN_POINT('',(44.,-34.,1.));
#8620=CARTESIAN_POINT('',(20.,-34.,1.));
#8621=CARTESIAN_POINT('',(44.,-34.,3.));
#8622=CARTESIAN_POINT('',(44.,-34.,0.));
#8623=CARTESIAN_POINT('',(0.,-34.,3.));
#8624=CARTESIAN_POINT('',(44.,-34.,3.));
#8625=CARTESIAN_POINT('',(0.,-34.,1.));
#8626=CARTESIAN_POINT('',(0.,-34.,0.));
#8627=CARTESIAN_POINT('',(8.,-34.,1.));
#8628=CARTESIAN_POINT('',(2.,-34.,1.));
#8629=CARTESIAN_POINT('',(8.,-34.,2.));
#8630=CARTESIAN_POINT('',(8.,-34.,0.));
#8631=CARTESIAN_POINT('',(9.,-34.,2.));
#8632=CARTESIAN_POINT('',(4.25,-34.,2.));
#8633=CARTESIAN_POINT('',(9.,-34.,1.));
#8634=CARTESIAN_POINT('',(9.,-34.,0.));
#8635=CARTESIAN_POINT('',(17.,-34.,1.));
#8636=CARTESIAN_POINT('',(6.5,-34.,1.));
#8637=CARTESIAN_POINT('',(17.,-34.,2.));
#8638=CARTESIAN_POINT('',(17.,-34.,0.));
#8639=CARTESIAN_POINT('',(18.,-34.,2.));
#8640=CARTESIAN_POINT('',(8.75,-34.,2.));
#8641=CARTESIAN_POINT('',(18.,-34.,1.));
#8642=CARTESIAN_POINT('',(18.,-34.,0.));
#8643=CARTESIAN_POINT('',(26.,-34.,1.));
#8644=CARTESIAN_POINT('',(11.,-34.,1.));
#8645=CARTESIAN_POINT('',(26.,-34.,2.));
#8646=CARTESIAN_POINT('',(26.,-34.,0.));
#8647=CARTESIAN_POINT('',(13.25,-34.,2.));
#8648=CARTESIAN_POINT('Origin',(68.,-38.,1.));
#8649=CARTESIAN_POINT('',(64.,-42.,1.));
#8650=CARTESIAN_POINT('',(64.,-34.,1.));
#8651=CARTESIAN_POINT('',(64.,-40.,1.));
#8652=CARTESIAN_POINT('',(72.,-42.,1.));
#8653=CARTESIAN_POINT('',(79.,-42.,1.));
#8654=CARTESIAN_POINT('',(72.,-34.,1.));
#8655=CARTESIAN_POINT('',(72.,-36.,1.));
#8656=CARTESIAN_POINT('',(57.,-34.,1.));
#8657=CARTESIAN_POINT('Origin',(72.,-34.,0.));
#8658=CARTESIAN_POINT('',(72.,-42.,2.));
#8659=CARTESIAN_POINT('',(72.,-42.,0.));
#8660=CARTESIAN_POINT('',(72.,-34.,2.));
#8661=CARTESIAN_POINT('',(72.,-42.,2.));
#8662=CARTESIAN_POINT('',(72.,-34.,0.));
#8663=CARTESIAN_POINT('Origin',(90.,-42.,0.));
#8664=CARTESIAN_POINT('',(64.,-42.,2.));
#8665=CARTESIAN_POINT('',(64.,-42.,0.));
#8666=CARTESIAN_POINT('',(63.,-42.,2.));
#8667=CARTESIAN_POINT('',(76.75,-42.,2.));
#8668=CARTESIAN_POINT('',(63.,-42.,1.));
#8669=CARTESIAN_POINT('',(63.,-42.,0.));
#8670=CARTESIAN_POINT('',(55.,-42.,1.));
#8671=CARTESIAN_POINT('',(74.5,-42.,1.));
#8672=CARTESIAN_POINT('',(55.,-42.,2.));
#8673=CARTESIAN_POINT('',(55.,-42.,0.));
#8674=CARTESIAN_POINT('',(54.,-42.,2.));
#8675=CARTESIAN_POINT('',(72.25,-42.,2.));
#8676=CARTESIAN_POINT('',(54.,-42.,1.));
#8677=CARTESIAN_POINT('',(54.,-42.,0.));
#8678=CARTESIAN_POINT('',(46.,-42.,1.));
#8679=CARTESIAN_POINT('',(70.,-42.,1.));
#8680=CARTESIAN_POINT('',(46.,-42.,3.));
#8681=CARTESIAN_POINT('',(46.,-42.,0.));
#8682=CARTESIAN_POINT('',(90.,-42.,3.));
#8683=CARTESIAN_POINT('',(46.,-42.,3.));
#8684=CARTESIAN_POINT('',(90.,-42.,1.));
#8685=CARTESIAN_POINT('',(90.,-42.,0.));
#8686=CARTESIAN_POINT('',(82.,-42.,1.));
#8687=CARTESIAN_POINT('',(88.,-42.,1.));
#8688=CARTESIAN_POINT('',(82.,-42.,2.));
#8689=CARTESIAN_POINT('',(82.,-42.,0.));
#8690=CARTESIAN_POINT('',(81.,-42.,2.));
#8691=CARTESIAN_POINT('',(85.75,-42.,2.));
#8692=CARTESIAN_POINT('',(81.,-42.,1.));
#8693=CARTESIAN_POINT('',(81.,-42.,0.));
#8694=CARTESIAN_POINT('',(73.,-42.,1.));
#8695=CARTESIAN_POINT('',(83.5,-42.,1.));
#8696=CARTESIAN_POINT('',(73.,-42.,2.));
#8697=CARTESIAN_POINT('',(73.,-42.,0.));
#8698=CARTESIAN_POINT('',(81.25,-42.,2.));
#8699=CARTESIAN_POINT('Origin',(96.,-54.,1.));
#8700=CARTESIAN_POINT('',(100.,-58.,1.));
#8701=CARTESIAN_POINT('',(92.,-58.,1.));
#8702=CARTESIAN_POINT('',(98.,-58.,1.));
#8703=CARTESIAN_POINT('',(100.,-50.,1.));
#8704=CARTESIAN_POINT('',(100.,-52.,1.));
#8705=CARTESIAN_POINT('',(92.,-50.,1.));
#8706=CARTESIAN_POINT('',(94.,-50.,1.));
#8707=CARTESIAN_POINT('',(92.,-56.,1.));
#8708=CARTESIAN_POINT('Origin',(92.,-50.,0.));
#8709=CARTESIAN_POINT('',(100.,-50.,3.));
#8710=CARTESIAN_POINT('',(100.,-50.,0.));
#8711=CARTESIAN_POINT('',(92.,-50.,3.));
#8712=CARTESIAN_POINT('',(100.,-50.,3.));
#8713=CARTESIAN_POINT('',(92.,-50.,0.));
#8714=CARTESIAN_POINT('Origin',(100.,-50.,0.));
#8715=CARTESIAN_POINT('',(100.,-58.,3.));
#8716=CARTESIAN_POINT('',(100.,-58.,0.));
#8717=CARTESIAN_POINT('',(100.,-58.,3.));
#8718=CARTESIAN_POINT('Origin',(59.,-54.,1.));
#8719=CARTESIAN_POINT('',(63.,-50.,1.));
#8720=CARTESIAN_POINT('',(63.,-58.,1.));
#8721=CARTESIAN_POINT('',(63.,-52.,1.));
#8722=CARTESIAN_POINT('',(55.,-50.,1.));
#8723=CARTESIAN_POINT('',(52.5,-50.,1.));
#8724=CARTESIAN_POINT('',(55.,-58.,1.));
#8725=CARTESIAN_POINT('',(55.,-56.,1.));
#8726=CARTESIAN_POINT('',(74.5,-58.,1.));
#8727=CARTESIAN_POINT('Origin',(55.,-58.,0.));
#8728=CARTESIAN_POINT('',(55.,-50.,2.));
#8729=CARTESIAN_POINT('',(55.,-50.,0.));
#8730=CARTESIAN_POINT('',(55.,-58.,2.));
#8731=CARTESIAN_POINT('',(55.,-50.,2.));
#8732=CARTESIAN_POINT('',(55.,-58.,0.));
#8733=CARTESIAN_POINT('Origin',(46.,-50.,0.));
#8734=CARTESIAN_POINT('',(63.,-50.,2.));
#8735=CARTESIAN_POINT('',(63.,-50.,0.));
#8736=CARTESIAN_POINT('',(64.,-50.,2.));
#8737=CARTESIAN_POINT('',(54.75,-50.,2.));
#8738=CARTESIAN_POINT('',(64.,-50.,1.));
#8739=CARTESIAN_POINT('',(64.,-50.,0.));
#8740=CARTESIAN_POINT('',(72.,-50.,1.));
#8741=CARTESIAN_POINT('',(57.,-50.,1.));
#8742=CARTESIAN_POINT('',(72.,-50.,2.));
#8743=CARTESIAN_POINT('',(72.,-50.,0.));
#8744=CARTESIAN_POINT('',(73.,-50.,2.));
#8745=CARTESIAN_POINT('',(59.25,-50.,2.));
#8746=CARTESIAN_POINT('',(73.,-50.,1.));
#8747=CARTESIAN_POINT('',(73.,-50.,0.));
#8748=CARTESIAN_POINT('',(81.,-50.,1.));
#8749=CARTESIAN_POINT('',(61.5,-50.,1.));
#8750=CARTESIAN_POINT('',(81.,-50.,2.));
#8751=CARTESIAN_POINT('',(81.,-50.,0.));
#8752=CARTESIAN_POINT('',(82.,-50.,2.));
#8753=CARTESIAN_POINT('',(63.75,-50.,2.));
#8754=CARTESIAN_POINT('',(82.,-50.,1.));
#8755=CARTESIAN_POINT('',(82.,-50.,0.));
#8756=CARTESIAN_POINT('',(90.,-50.,1.));
#8757=CARTESIAN_POINT('',(66.,-50.,1.));
#8758=CARTESIAN_POINT('',(90.,-50.,3.));
#8759=CARTESIAN_POINT('',(90.,-50.,0.));
#8760=CARTESIAN_POINT('',(46.,-50.,3.));
#8761=CARTESIAN_POINT('',(90.,-50.,3.));
#8762=CARTESIAN_POINT('',(46.,-50.,1.));
#8763=CARTESIAN_POINT('',(46.,-50.,0.));
#8764=CARTESIAN_POINT('',(54.,-50.,1.));
#8765=CARTESIAN_POINT('',(48.,-50.,1.));
#8766=CARTESIAN_POINT('',(54.,-50.,2.));
#8767=CARTESIAN_POINT('',(54.,-50.,0.));
#8768=CARTESIAN_POINT('',(50.25,-50.,2.));
#8769=CARTESIAN_POINT('Origin',(22.,-54.,1.));
#8770=CARTESIAN_POINT('',(18.,-58.,1.));
#8771=CARTESIAN_POINT('',(18.,-50.,1.));
#8772=CARTESIAN_POINT('',(18.,-56.,1.));
#8773=CARTESIAN_POINT('',(26.,-58.,1.));
#8774=CARTESIAN_POINT('',(33.,-58.,1.));
#8775=CARTESIAN_POINT('',(26.,-50.,1.));
#8776=CARTESIAN_POINT('',(26.,-52.,1.));
#8777=CARTESIAN_POINT('',(11.,-50.,1.));
#8778=CARTESIAN_POINT('Origin',(26.,-50.,0.));
#8779=CARTESIAN_POINT('',(26.,-58.,2.));
#8780=CARTESIAN_POINT('',(26.,-58.,0.));
#8781=CARTESIAN_POINT('',(26.,-50.,2.));
#8782=CARTESIAN_POINT('',(26.,-58.,2.));
#8783=CARTESIAN_POINT('',(26.,-50.,0.));
#8784=CARTESIAN_POINT('Origin',(44.,-58.,0.));
#8785=CARTESIAN_POINT('',(18.,-58.,2.));
#8786=CARTESIAN_POINT('',(18.,-58.,0.));
#8787=CARTESIAN_POINT('',(17.,-58.,2.));
#8788=CARTESIAN_POINT('',(30.75,-58.,2.));
#8789=CARTESIAN_POINT('',(17.,-58.,1.));
#8790=CARTESIAN_POINT('',(17.,-58.,0.));
#8791=CARTESIAN_POINT('',(9.,-58.,1.));
#8792=CARTESIAN_POINT('',(28.5,-58.,1.));
#8793=CARTESIAN_POINT('',(9.,-58.,2.));
#8794=CARTESIAN_POINT('',(9.,-58.,0.));
#8795=CARTESIAN_POINT('',(8.,-58.,2.));
#8796=CARTESIAN_POINT('',(26.25,-58.,2.));
#8797=CARTESIAN_POINT('',(8.,-58.,1.));
#8798=CARTESIAN_POINT('',(8.,-58.,0.));
#8799=CARTESIAN_POINT('',(0.,-58.,1.));
#8800=CARTESIAN_POINT('',(24.,-58.,1.));
#8801=CARTESIAN_POINT('',(0.,-58.,3.));
#8802=CARTESIAN_POINT('',(0.,-58.,0.));
#8803=CARTESIAN_POINT('',(44.,-58.,3.));
#8804=CARTESIAN_POINT('',(0.,-58.,3.));
#8805=CARTESIAN_POINT('',(44.,-58.,1.));
#8806=CARTESIAN_POINT('',(44.,-58.,0.));
#8807=CARTESIAN_POINT('',(36.,-58.,1.));
#8808=CARTESIAN_POINT('',(42.,-58.,1.));
#8809=CARTESIAN_POINT('',(36.,-58.,2.));
#8810=CARTESIAN_POINT('',(36.,-58.,0.));
#8811=CARTESIAN_POINT('',(35.,-58.,2.));
#8812=CARTESIAN_POINT('',(39.75,-58.,2.));
#8813=CARTESIAN_POINT('',(35.,-58.,1.));
#8814=CARTESIAN_POINT('',(35.,-58.,0.));
#8815=CARTESIAN_POINT('',(27.,-58.,1.));
#8816=CARTESIAN_POINT('',(37.5,-58.,1.));
#8817=CARTESIAN_POINT('',(27.,-58.,2.));
#8818=CARTESIAN_POINT('',(27.,-58.,0.));
#8819=CARTESIAN_POINT('',(35.25,-58.,2.));
#8820=CARTESIAN_POINT('Origin',(13.,-54.,1.));
#8821=CARTESIAN_POINT('',(9.,-50.,1.));
#8822=CARTESIAN_POINT('',(9.,-56.,1.));
#8823=CARTESIAN_POINT('',(17.,-50.,1.));
#8824=CARTESIAN_POINT('',(17.,-52.,1.));
#8825=CARTESIAN_POINT('',(6.5,-50.,1.));
#8826=CARTESIAN_POINT('Origin',(17.,-50.,0.));
#8827=CARTESIAN_POINT('',(17.,-50.,2.));
#8828=CARTESIAN_POINT('',(17.,-58.,2.));
#8829=CARTESIAN_POINT('',(17.,-50.,0.));
#8830=CARTESIAN_POINT('Origin',(50.,-54.,1.));
#8831=CARTESIAN_POINT('',(54.,-58.,1.));
#8832=CARTESIAN_POINT('',(54.,-52.,1.));
#8833=CARTESIAN_POINT('',(46.,-58.,1.));
#8834=CARTESIAN_POINT('',(46.,-56.,1.));
#8835=CARTESIAN_POINT('',(70.,-58.,1.));
#8836=CARTESIAN_POINT('Origin',(46.,-58.,0.));
#8837=CARTESIAN_POINT('',(46.,-58.,3.));
#8838=CARTESIAN_POINT('',(46.,-50.,3.));
#8839=CARTESIAN_POINT('',(46.,-58.,0.));
#8840=CARTESIAN_POINT('Origin',(86.,-54.,1.));
#8841=CARTESIAN_POINT('',(90.,-58.,1.));
#8842=CARTESIAN_POINT('',(82.,-58.,1.));
#8843=CARTESIAN_POINT('',(88.,-58.,1.));
#8844=CARTESIAN_POINT('',(90.,-52.,1.));
#8845=CARTESIAN_POINT('',(82.,-56.,1.));
#8846=CARTESIAN_POINT('Origin',(90.,-50.,0.));
#8847=CARTESIAN_POINT('',(90.,-58.,3.));
#8848=CARTESIAN_POINT('',(90.,-58.,0.));
#8849=CARTESIAN_POINT('',(90.,-58.,3.));
#8850=CARTESIAN_POINT('Origin',(77.,-38.,1.));
#8851=CARTESIAN_POINT('',(73.,-34.,1.));
#8852=CARTESIAN_POINT('',(73.,-40.,1.));
#8853=CARTESIAN_POINT('',(81.,-34.,1.));
#8854=CARTESIAN_POINT('',(81.,-36.,1.));
#8855=CARTESIAN_POINT('',(61.5,-34.,1.));
#8856=CARTESIAN_POINT('Origin',(81.,-34.,0.));
#8857=CARTESIAN_POINT('',(81.,-34.,2.));
#8858=CARTESIAN_POINT('',(81.,-42.,2.));
#8859=CARTESIAN_POINT('',(81.,-34.,0.));
#8860=CARTESIAN_POINT('Origin',(40.,-38.,1.));
#8861=CARTESIAN_POINT('',(36.,-42.,1.));
#8862=CARTESIAN_POINT('',(36.,-40.,1.));
#8863=CARTESIAN_POINT('',(44.,-42.,1.));
#8864=CARTESIAN_POINT('',(42.,-42.,1.));
#8865=CARTESIAN_POINT('',(44.,-36.,1.));
#8866=CARTESIAN_POINT('Origin',(44.,-42.,0.));
#8867=CARTESIAN_POINT('',(26.,-42.,2.));
#8868=CARTESIAN_POINT('',(35.25,-42.,2.));
#8869=CARTESIAN_POINT('',(26.,-42.,1.));
#8870=CARTESIAN_POINT('',(26.,-42.,0.));
#8871=CARTESIAN_POINT('',(18.,-42.,1.));
#8872=CARTESIAN_POINT('',(33.,-42.,1.));
#8873=CARTESIAN_POINT('',(18.,-42.,2.));
#8874=CARTESIAN_POINT('',(18.,-42.,0.));
#8875=CARTESIAN_POINT('',(17.,-42.,2.));
#8876=CARTESIAN_POINT('',(30.75,-42.,2.));
#8877=CARTESIAN_POINT('',(17.,-42.,1.));
#8878=CARTESIAN_POINT('',(17.,-42.,0.));
#8879=CARTESIAN_POINT('',(9.,-42.,1.));
#8880=CARTESIAN_POINT('',(28.5,-42.,1.));
#8881=CARTESIAN_POINT('',(9.,-42.,2.));
#8882=CARTESIAN_POINT('',(9.,-42.,0.));
#8883=CARTESIAN_POINT('',(8.,-42.,2.));
#8884=CARTESIAN_POINT('',(26.25,-42.,2.));
#8885=CARTESIAN_POINT('',(8.,-42.,1.));
#8886=CARTESIAN_POINT('',(8.,-42.,0.));
#8887=CARTESIAN_POINT('',(0.,-42.,1.));
#8888=CARTESIAN_POINT('',(24.,-42.,1.));
#8889=CARTESIAN_POINT('',(0.,-42.,3.));
#8890=CARTESIAN_POINT('',(0.,-42.,0.));
#8891=CARTESIAN_POINT('',(44.,-42.,3.));
#8892=CARTESIAN_POINT('',(0.,-42.,3.));
#8893=CARTESIAN_POINT('',(44.,-42.,0.));
#8894=CARTESIAN_POINT('',(36.,-42.,2.));
#8895=CARTESIAN_POINT('',(36.,-42.,0.));
#8896=CARTESIAN_POINT('',(35.,-42.,2.));
#8897=CARTESIAN_POINT('',(39.75,-42.,2.));
#8898=CARTESIAN_POINT('',(35.,-42.,0.));
#8899=CARTESIAN_POINT('Origin',(36.,-42.,0.));
#8900=CARTESIAN_POINT('',(36.,-34.,2.));
#8901=CARTESIAN_POINT('Origin',(4.,-38.,1.));
#8902=CARTESIAN_POINT('',(8.,-36.,1.));
#8903=CARTESIAN_POINT('',(0.,-40.,1.));
#8904=CARTESIAN_POINT('Origin',(0.,-42.,0.));
#8905=CARTESIAN_POINT('',(0.,-34.,3.));
#8906=CARTESIAN_POINT('Origin',(31.,-22.,1.));
#8907=CARTESIAN_POINT('',(35.,-20.,1.));
#8908=CARTESIAN_POINT('',(27.,-24.,1.));
#8909=CARTESIAN_POINT('Origin',(27.,-26.,0.));
#8910=CARTESIAN_POINT('',(27.,-18.,2.));
#8911=CARTESIAN_POINT('Origin',(68.,-22.,1.));
#8912=CARTESIAN_POINT('',(64.,-18.,1.));
#8913=CARTESIAN_POINT('',(64.,-24.,1.));
#8914=CARTESIAN_POINT('',(72.,-18.,1.));
#8915=CARTESIAN_POINT('',(72.,-20.,1.));
#8916=CARTESIAN_POINT('',(57.,-18.,1.));
#8917=CARTESIAN_POINT('Origin',(72.,-18.,0.));
#8918=CARTESIAN_POINT('',(72.,-18.,2.));
#8919=CARTESIAN_POINT('',(72.,-26.,2.));
#8920=CARTESIAN_POINT('',(72.,-18.,0.));
#8921=CARTESIAN_POINT('Origin',(96.,-6.,1.));
#8922=CARTESIAN_POINT('',(92.,-2.,1.));
#8923=CARTESIAN_POINT('',(100.,-2.,1.));
#8924=CARTESIAN_POINT('',(94.,-2.,1.));
#8925=CARTESIAN_POINT('',(92.,-10.,1.));
#8926=CARTESIAN_POINT('',(92.,-8.,1.));
#8927=CARTESIAN_POINT('',(100.,-10.,1.));
#8928=CARTESIAN_POINT('',(98.,-10.,1.));
#8929=CARTESIAN_POINT('',(100.,-4.,1.));
#8930=CARTESIAN_POINT('Origin',(100.,-10.,0.));
#8931=CARTESIAN_POINT('',(92.,-10.,3.));
#8932=CARTESIAN_POINT('',(92.,-10.,0.));
#8933=CARTESIAN_POINT('',(100.,-10.,3.));
#8934=CARTESIAN_POINT('',(92.,-10.,3.));
#8935=CARTESIAN_POINT('',(100.,-10.,0.));
#8936=CARTESIAN_POINT('Origin',(92.,-10.,0.));
#8937=CARTESIAN_POINT('',(92.,-2.,3.));
#8938=CARTESIAN_POINT('',(92.,-2.,0.));
#8939=CARTESIAN_POINT('',(92.,10.,3.));
#8940=CARTESIAN_POINT('Origin',(77.,-6.,1.));
#8941=CARTESIAN_POINT('',(73.,-10.,1.));
#8942=CARTESIAN_POINT('',(73.,-2.,1.));
#8943=CARTESIAN_POINT('',(73.,-8.,1.));
#8944=CARTESIAN_POINT('',(81.,-10.,1.));
#8945=CARTESIAN_POINT('',(83.5,-10.,1.));
#8946=CARTESIAN_POINT('',(81.,-2.,1.));
#8947=CARTESIAN_POINT('',(81.,-4.,1.));
#8948=CARTESIAN_POINT('',(61.5,-2.,1.));
#8949=CARTESIAN_POINT('Origin',(81.,-2.,0.));
#8950=CARTESIAN_POINT('',(81.,-10.,2.));
#8951=CARTESIAN_POINT('',(81.,-10.,0.));
#8952=CARTESIAN_POINT('',(81.,-2.,2.));
#8953=CARTESIAN_POINT('',(81.,-10.,2.));
#8954=CARTESIAN_POINT('',(81.,-2.,0.));
#8955=CARTESIAN_POINT('Origin',(90.,-10.,0.));
#8956=CARTESIAN_POINT('',(73.,-10.,2.));
#8957=CARTESIAN_POINT('',(73.,-10.,0.));
#8958=CARTESIAN_POINT('',(72.,-10.,2.));
#8959=CARTESIAN_POINT('',(81.25,-10.,2.));
#8960=CARTESIAN_POINT('',(72.,-10.,1.));
#8961=CARTESIAN_POINT('',(72.,-10.,0.));
#8962=CARTESIAN_POINT('',(64.,-10.,1.));
#8963=CARTESIAN_POINT('',(79.,-10.,1.));
#8964=CARTESIAN_POINT('',(64.,-10.,2.));
#8965=CARTESIAN_POINT('',(64.,-10.,0.));
#8966=CARTESIAN_POINT('',(63.,-10.,2.));
#8967=CARTESIAN_POINT('',(76.75,-10.,2.));
#8968=CARTESIAN_POINT('',(63.,-10.,1.));
#8969=CARTESIAN_POINT('',(63.,-10.,0.));
#8970=CARTESIAN_POINT('',(55.,-10.,1.));
#8971=CARTESIAN_POINT('',(74.5,-10.,1.));
#8972=CARTESIAN_POINT('',(55.,-10.,2.));
#8973=CARTESIAN_POINT('',(55.,-10.,0.));
#8974=CARTESIAN_POINT('',(54.,-10.,2.));
#8975=CARTESIAN_POINT('',(72.25,-10.,2.));
#8976=CARTESIAN_POINT('',(54.,-10.,1.));
#8977=CARTESIAN_POINT('',(54.,-10.,0.));
#8978=CARTESIAN_POINT('',(46.,-10.,1.));
#8979=CARTESIAN_POINT('',(70.,-10.,1.));
#8980=CARTESIAN_POINT('',(46.,-10.,3.));
#8981=CARTESIAN_POINT('',(46.,-10.,0.));
#8982=CARTESIAN_POINT('',(90.,-10.,3.));
#8983=CARTESIAN_POINT('',(46.,-10.,3.));
#8984=CARTESIAN_POINT('',(90.,-10.,1.));
#8985=CARTESIAN_POINT('',(90.,-10.,0.));
#8986=CARTESIAN_POINT('',(82.,-10.,1.));
#8987=CARTESIAN_POINT('',(88.,-10.,1.));
#8988=CARTESIAN_POINT('',(82.,-10.,2.));
#8989=CARTESIAN_POINT('',(82.,-10.,0.));
#8990=CARTESIAN_POINT('',(85.75,-10.,2.));
#8991=CARTESIAN_POINT('Origin',(59.,-6.,1.));
#8992=CARTESIAN_POINT('',(55.,-2.,1.));
#8993=CARTESIAN_POINT('',(55.,-8.,1.));
#8994=CARTESIAN_POINT('',(63.,-2.,1.));
#8995=CARTESIAN_POINT('',(63.,-4.,1.));
#8996=CARTESIAN_POINT('',(52.5,-2.,1.));
#8997=CARTESIAN_POINT('Origin',(63.,-2.,0.));
#8998=CARTESIAN_POINT('',(63.,-2.,2.));
#8999=CARTESIAN_POINT('',(63.,-10.,2.));
#9000=CARTESIAN_POINT('',(63.,-2.,0.));
#9001=CARTESIAN_POINT('Origin',(40.,-6.,1.));
#9002=CARTESIAN_POINT('',(44.,-10.,1.));
#9003=CARTESIAN_POINT('',(36.,-10.,1.));
#9004=CARTESIAN_POINT('',(42.,-10.,1.));
#9005=CARTESIAN_POINT('',(44.,-2.,1.));
#9006=CARTESIAN_POINT('',(44.,-4.,1.));
#9007=CARTESIAN_POINT('',(36.,-2.,1.));
#9008=CARTESIAN_POINT('',(20.,-2.,1.));
#9009=CARTESIAN_POINT('',(36.,-8.,1.));
#9010=CARTESIAN_POINT('Origin',(0.,-2.,0.));
#9011=CARTESIAN_POINT('',(44.,-2.,3.));
#9012=CARTESIAN_POINT('',(44.,-2.,0.));
#9013=CARTESIAN_POINT('',(0.,-2.,3.));
#9014=CARTESIAN_POINT('',(44.,-2.,3.));
#9015=CARTESIAN_POINT('',(0.,-2.,1.));
#9016=CARTESIAN_POINT('',(0.,-2.,0.));
#9017=CARTESIAN_POINT('',(8.,-2.,1.));
#9018=CARTESIAN_POINT('',(2.,-2.,1.));
#9019=CARTESIAN_POINT('',(8.,-2.,2.));
#9020=CARTESIAN_POINT('',(8.,-2.,0.));
#9021=CARTESIAN_POINT('',(9.,-2.,2.));
#9022=CARTESIAN_POINT('',(4.25,-2.,2.));
#9023=CARTESIAN_POINT('',(9.,-2.,1.));
#9024=CARTESIAN_POINT('',(9.,-2.,0.));
#9025=CARTESIAN_POINT('',(17.,-2.,1.));
#9026=CARTESIAN_POINT('',(6.5,-2.,1.));
#9027=CARTESIAN_POINT('',(17.,-2.,2.));
#9028=CARTESIAN_POINT('',(17.,-2.,0.));
#9029=CARTESIAN_POINT('',(18.,-2.,2.));
#9030=CARTESIAN_POINT('',(8.75,-2.,2.));
#9031=CARTESIAN_POINT('',(18.,-2.,1.));
#9032=CARTESIAN_POINT('',(18.,-2.,0.));
#9033=CARTESIAN_POINT('',(26.,-2.,1.));
#9034=CARTESIAN_POINT('',(11.,-2.,1.));
#9035=CARTESIAN_POINT('',(26.,-2.,2.));
#9036=CARTESIAN_POINT('',(26.,-2.,0.));
#9037=CARTESIAN_POINT('',(27.,-2.,2.));
#9038=CARTESIAN_POINT('',(13.25,-2.,2.));
#9039=CARTESIAN_POINT('',(27.,-2.,1.));
#9040=CARTESIAN_POINT('',(27.,-2.,0.));
#9041=CARTESIAN_POINT('',(35.,-2.,1.));
#9042=CARTESIAN_POINT('',(15.5,-2.,1.));
#9043=CARTESIAN_POINT('',(35.,-2.,2.));
#9044=CARTESIAN_POINT('',(35.,-2.,0.));
#9045=CARTESIAN_POINT('',(36.,-2.,2.));
#9046=CARTESIAN_POINT('',(17.75,-2.,2.));
#9047=CARTESIAN_POINT('',(36.,-2.,0.));
#9048=CARTESIAN_POINT('Origin',(44.,-2.,0.));
#9049=CARTESIAN_POINT('',(44.,-10.,3.));
#9050=CARTESIAN_POINT('',(44.,-10.,0.));
#9051=CARTESIAN_POINT('',(44.,-10.,3.));
#9052=CARTESIAN_POINT('Origin',(22.,-6.,1.));
#9053=CARTESIAN_POINT('',(18.,-10.,1.));
#9054=CARTESIAN_POINT('',(18.,-8.,1.));
#9055=CARTESIAN_POINT('',(26.,-10.,1.));
#9056=CARTESIAN_POINT('',(33.,-10.,1.));
#9057=CARTESIAN_POINT('',(26.,-4.,1.));
#9058=CARTESIAN_POINT('Origin',(26.,-2.,0.));
#9059=CARTESIAN_POINT('',(26.,-10.,2.));
#9060=CARTESIAN_POINT('',(26.,-10.,0.));
#9061=CARTESIAN_POINT('',(26.,-10.,2.));
#9062=CARTESIAN_POINT('Origin',(44.,-10.,0.));
#9063=CARTESIAN_POINT('',(36.,-10.,2.));
#9064=CARTESIAN_POINT('',(36.,-10.,0.));
#9065=CARTESIAN_POINT('',(35.,-10.,2.));
#9066=CARTESIAN_POINT('',(39.75,-10.,2.));
#9067=CARTESIAN_POINT('',(35.,-10.,1.));
#9068=CARTESIAN_POINT('',(35.,-10.,0.));
#9069=CARTESIAN_POINT('',(27.,-10.,1.));
#9070=CARTESIAN_POINT('',(37.5,-10.,1.));
#9071=CARTESIAN_POINT('',(27.,-10.,2.));
#9072=CARTESIAN_POINT('',(27.,-10.,0.));
#9073=CARTESIAN_POINT('',(35.25,-10.,2.));
#9074=CARTESIAN_POINT('',(18.,-10.,2.));
#9075=CARTESIAN_POINT('',(18.,-10.,0.));
#9076=CARTESIAN_POINT('',(17.,-10.,2.));
#9077=CARTESIAN_POINT('',(30.75,-10.,2.));
#9078=CARTESIAN_POINT('',(17.,-10.,1.));
#9079=CARTESIAN_POINT('',(17.,-10.,0.));
#9080=CARTESIAN_POINT('',(9.,-10.,1.));
#9081=CARTESIAN_POINT('',(28.5,-10.,1.));
#9082=CARTESIAN_POINT('',(9.,-10.,2.));
#9083=CARTESIAN_POINT('',(9.,-10.,0.));
#9084=CARTESIAN_POINT('',(8.,-10.,2.));
#9085=CARTESIAN_POINT('',(26.25,-10.,2.));
#9086=CARTESIAN_POINT('',(8.,-10.,1.));
#9087=CARTESIAN_POINT('',(8.,-10.,0.));
#9088=CARTESIAN_POINT('',(0.,-10.,1.));
#9089=CARTESIAN_POINT('',(24.,-10.,1.));
#9090=CARTESIAN_POINT('',(0.,-10.,3.));
#9091=CARTESIAN_POINT('',(0.,-10.,0.));
#9092=CARTESIAN_POINT('',(0.,-10.,3.));
#9093=CARTESIAN_POINT('Origin',(4.,-6.,1.));
#9094=CARTESIAN_POINT('',(8.,-4.,1.));
#9095=CARTESIAN_POINT('',(0.,-8.,1.));
#9096=CARTESIAN_POINT('Origin',(0.,-10.,0.));
#9097=CARTESIAN_POINT('',(0.,-2.,3.));
#9098=CARTESIAN_POINT('Origin',(13.,4.,1.));
#9099=CARTESIAN_POINT('',(9.,8.,1.));
#9100=CARTESIAN_POINT('',(9.,2.,1.));
#9101=CARTESIAN_POINT('',(17.,8.,1.));
#9102=CARTESIAN_POINT('',(17.,6.,1.));
#9103=CARTESIAN_POINT('',(6.5,8.,1.));
#9104=CARTESIAN_POINT('Origin',(17.,8.,0.));
#9105=CARTESIAN_POINT('',(17.,8.,2.));
#9106=CARTESIAN_POINT('',(17.,0.,2.));
#9107=CARTESIAN_POINT('',(17.,8.,0.));
#9108=CARTESIAN_POINT('Origin',(31.,4.,1.));
#9109=CARTESIAN_POINT('',(27.,8.,1.));
#9110=CARTESIAN_POINT('',(27.,2.,1.));
#9111=CARTESIAN_POINT('',(35.,8.,1.));
#9112=CARTESIAN_POINT('',(35.,6.,1.));
#9113=CARTESIAN_POINT('',(15.5,8.,1.));
#9114=CARTESIAN_POINT('Origin',(35.,8.,0.));
#9115=CARTESIAN_POINT('',(35.,8.,2.));
#9116=CARTESIAN_POINT('',(35.,0.,2.));
#9117=CARTESIAN_POINT('',(35.,8.,0.));
#9118=CARTESIAN_POINT('Origin',(50.,4.,1.));
#9119=CARTESIAN_POINT('',(54.,8.,1.));
#9120=CARTESIAN_POINT('',(54.,6.,1.));
#9121=CARTESIAN_POINT('',(46.,8.,1.));
#9122=CARTESIAN_POINT('',(48.,8.,1.));
#9123=CARTESIAN_POINT('',(46.,2.,1.));
#9124=CARTESIAN_POINT('Origin',(46.,0.,0.));
#9125=CARTESIAN_POINT('',(46.,8.,3.));
#9126=CARTESIAN_POINT('',(46.,8.,0.));
#9127=CARTESIAN_POINT('',(46.,8.,3.));
#9128=CARTESIAN_POINT('Origin',(46.,8.,0.));
#9129=CARTESIAN_POINT('',(64.,8.,2.));
#9130=CARTESIAN_POINT('',(54.75,8.,2.));
#9131=CARTESIAN_POINT('',(64.,8.,1.));
#9132=CARTESIAN_POINT('',(64.,8.,0.));
#9133=CARTESIAN_POINT('',(72.,8.,1.));
#9134=CARTESIAN_POINT('',(57.,8.,1.));
#9135=CARTESIAN_POINT('',(72.,8.,2.));
#9136=CARTESIAN_POINT('',(72.,8.,0.));
#9137=CARTESIAN_POINT('',(73.,8.,2.));
#9138=CARTESIAN_POINT('',(59.25,8.,2.));
#9139=CARTESIAN_POINT('',(73.,8.,0.));
#9140=CARTESIAN_POINT('',(82.,8.,2.));
#9141=CARTESIAN_POINT('',(63.75,8.,2.));
#9142=CARTESIAN_POINT('',(82.,8.,1.));
#9143=CARTESIAN_POINT('',(82.,8.,0.));
#9144=CARTESIAN_POINT('',(90.,8.,1.));
#9145=CARTESIAN_POINT('',(66.,8.,1.));
#9146=CARTESIAN_POINT('',(90.,8.,3.));
#9147=CARTESIAN_POINT('',(90.,8.,0.));
#9148=CARTESIAN_POINT('',(90.,8.,3.));
#9149=CARTESIAN_POINT('',(54.,8.,2.));
#9150=CARTESIAN_POINT('',(54.,8.,0.));
#9151=CARTESIAN_POINT('',(55.,8.,2.));
#9152=CARTESIAN_POINT('',(50.25,8.,2.));
#9153=CARTESIAN_POINT('',(55.,8.,0.));
#9154=CARTESIAN_POINT('Origin',(68.,4.,1.));
#9155=CARTESIAN_POINT('',(64.,2.,1.));
#9156=CARTESIAN_POINT('',(72.,6.,1.));
#9157=CARTESIAN_POINT('Origin',(72.,8.,0.));
#9158=CARTESIAN_POINT('',(72.,0.,2.));
#9159=CARTESIAN_POINT('Origin',(86.,4.,1.));
#9160=CARTESIAN_POINT('',(90.,6.,1.));
#9161=CARTESIAN_POINT('',(82.,2.,1.));
#9162=CARTESIAN_POINT('Origin',(90.,8.,0.));
#9163=CARTESIAN_POINT('',(90.,0.,3.));
#9164=CARTESIAN_POINT('Origin',(86.,-22.,1.));
#9165=CARTESIAN_POINT('',(90.,-18.,1.));
#9166=CARTESIAN_POINT('',(90.,-20.,1.));
#9167=CARTESIAN_POINT('',(82.,-18.,1.));
#9168=CARTESIAN_POINT('',(66.,-18.,1.));
#9169=CARTESIAN_POINT('',(82.,-24.,1.));
#9170=CARTESIAN_POINT('Origin',(46.,-18.,0.));
#9171=CARTESIAN_POINT('',(82.,-18.,2.));
#9172=CARTESIAN_POINT('',(63.75,-18.,2.));
#9173=CARTESIAN_POINT('',(82.,-18.,0.));
#9174=CARTESIAN_POINT('',(90.,-18.,3.));
#9175=CARTESIAN_POINT('',(90.,-18.,0.));
#9176=CARTESIAN_POINT('',(46.,-18.,3.));
#9177=CARTESIAN_POINT('',(90.,-18.,3.));
#9178=CARTESIAN_POINT('',(46.,-18.,1.));
#9179=CARTESIAN_POINT('',(46.,-18.,0.));
#9180=CARTESIAN_POINT('',(54.,-18.,1.));
#9181=CARTESIAN_POINT('',(48.,-18.,1.));
#9182=CARTESIAN_POINT('',(54.,-18.,2.));
#9183=CARTESIAN_POINT('',(54.,-18.,0.));
#9184=CARTESIAN_POINT('',(55.,-18.,2.));
#9185=CARTESIAN_POINT('',(50.25,-18.,2.));
#9186=CARTESIAN_POINT('',(55.,-18.,1.));
#9187=CARTESIAN_POINT('',(55.,-18.,0.));
#9188=CARTESIAN_POINT('',(63.,-18.,1.));
#9189=CARTESIAN_POINT('',(52.5,-18.,1.));
#9190=CARTESIAN_POINT('',(63.,-18.,2.));
#9191=CARTESIAN_POINT('',(63.,-18.,0.));
#9192=CARTESIAN_POINT('',(64.,-18.,2.));
#9193=CARTESIAN_POINT('',(54.75,-18.,2.));
#9194=CARTESIAN_POINT('',(64.,-18.,0.));
#9195=CARTESIAN_POINT('',(73.,-18.,2.));
#9196=CARTESIAN_POINT('',(59.25,-18.,2.));
#9197=CARTESIAN_POINT('',(73.,-18.,0.));
#9198=CARTESIAN_POINT('Origin',(90.,-18.,0.));
#9199=CARTESIAN_POINT('',(90.,-26.,3.));
#9200=CARTESIAN_POINT('Origin',(50.,-22.,1.));
#9201=CARTESIAN_POINT('',(54.,-20.,1.));
#9202=CARTESIAN_POINT('',(46.,-24.,1.));
#9203=CARTESIAN_POINT('Origin',(46.,-26.,0.));
#9204=CARTESIAN_POINT('',(46.,-18.,3.));
#9205=CARTESIAN_POINT('Origin',(13.,-22.,1.));
#9206=CARTESIAN_POINT('',(9.,-24.,1.));
#9207=CARTESIAN_POINT('',(17.,-20.,1.));
#9208=CARTESIAN_POINT('Origin',(17.,-18.,0.));
#9209=CARTESIAN_POINT('',(17.,-26.,2.));
#9210=CARTESIAN_POINT('Origin',(22.,-38.,1.));
#9211=CARTESIAN_POINT('',(18.,-40.,1.));
#9212=CARTESIAN_POINT('',(26.,-36.,1.));
#9213=CARTESIAN_POINT('Origin',(26.,-34.,0.));
#9214=CARTESIAN_POINT('',(26.,-42.,2.));
#9215=CARTESIAN_POINT('Origin',(59.,-38.,1.));
#9216=CARTESIAN_POINT('',(63.,-34.,1.));
#9217=CARTESIAN_POINT('',(63.,-36.,1.));
#9218=CARTESIAN_POINT('',(55.,-34.,1.));
#9219=CARTESIAN_POINT('',(52.5,-34.,1.));
#9220=CARTESIAN_POINT('',(55.,-40.,1.));
#9221=CARTESIAN_POINT('Origin',(55.,-42.,0.));
#9222=CARTESIAN_POINT('',(55.,-34.,2.));
#9223=CARTESIAN_POINT('',(55.,-34.,0.));
#9224=CARTESIAN_POINT('',(55.,-34.,2.));
#9225=CARTESIAN_POINT('Origin',(46.,-34.,0.));
#9226=CARTESIAN_POINT('',(73.,-34.,2.));
#9227=CARTESIAN_POINT('',(59.25,-34.,2.));
#9228=CARTESIAN_POINT('',(73.,-34.,0.));
#9229=CARTESIAN_POINT('',(82.,-34.,2.));
#9230=CARTESIAN_POINT('',(63.75,-34.,2.));
#9231=CARTESIAN_POINT('',(82.,-34.,1.));
#9232=CARTESIAN_POINT('',(82.,-34.,0.));
#9233=CARTESIAN_POINT('',(90.,-34.,1.));
#9234=CARTESIAN_POINT('',(66.,-34.,1.));
#9235=CARTESIAN_POINT('',(90.,-34.,3.));
#9236=CARTESIAN_POINT('',(90.,-34.,0.));
#9237=CARTESIAN_POINT('',(46.,-34.,3.));
#9238=CARTESIAN_POINT('',(90.,-34.,3.));
#9239=CARTESIAN_POINT('',(46.,-34.,1.));
#9240=CARTESIAN_POINT('',(46.,-34.,0.));
#9241=CARTESIAN_POINT('',(54.,-34.,1.));
#9242=CARTESIAN_POINT('',(48.,-34.,1.));
#9243=CARTESIAN_POINT('',(54.,-34.,2.));
#9244=CARTESIAN_POINT('',(54.,-34.,0.));
#9245=CARTESIAN_POINT('',(50.25,-34.,2.));
#9246=CARTESIAN_POINT('',(63.,-34.,2.));
#9247=CARTESIAN_POINT('',(63.,-34.,0.));
#9248=CARTESIAN_POINT('',(64.,-34.,2.));
#9249=CARTESIAN_POINT('',(54.75,-34.,2.));
#9250=CARTESIAN_POINT('',(64.,-34.,0.));
#9251=CARTESIAN_POINT('Origin',(96.,-38.,1.));
#9252=CARTESIAN_POINT('',(92.,-34.,1.));
#9253=CARTESIAN_POINT('',(100.,-34.,1.));
#9254=CARTESIAN_POINT('',(94.,-34.,1.));
#9255=CARTESIAN_POINT('',(92.,-42.,1.));
#9256=CARTESIAN_POINT('',(92.,-40.,1.));
#9257=CARTESIAN_POINT('',(100.,-42.,1.));
#9258=CARTESIAN_POINT('',(98.,-42.,1.));
#9259=CARTESIAN_POINT('',(100.,-36.,1.));
#9260=CARTESIAN_POINT('Origin',(100.,-42.,0.));
#9261=CARTESIAN_POINT('',(92.,-42.,3.));
#9262=CARTESIAN_POINT('',(92.,-42.,0.));
#9263=CARTESIAN_POINT('',(100.,-42.,3.));
#9264=CARTESIAN_POINT('',(92.,-42.,3.));
#9265=CARTESIAN_POINT('',(100.,-42.,0.));
#9266=CARTESIAN_POINT('Origin',(92.,-42.,0.));
#9267=CARTESIAN_POINT('',(92.,-34.,3.));
#9268=CARTESIAN_POINT('',(92.,-34.,0.));
#9269=CARTESIAN_POINT('',(92.,10.,3.));
#9270=CARTESIAN_POINT('Origin',(68.,-54.,1.));
#9271=CARTESIAN_POINT('',(64.,-58.,1.));
#9272=CARTESIAN_POINT('',(64.,-56.,1.));
#9273=CARTESIAN_POINT('',(72.,-58.,1.));
#9274=CARTESIAN_POINT('',(79.,-58.,1.));
#9275=CARTESIAN_POINT('',(72.,-52.,1.));
#9276=CARTESIAN_POINT('Origin',(72.,-50.,0.));
#9277=CARTESIAN_POINT('',(72.,-58.,2.));
#9278=CARTESIAN_POINT('',(72.,-58.,0.));
#9279=CARTESIAN_POINT('',(72.,-58.,2.));
#9280=CARTESIAN_POINT('Origin',(90.,-58.,0.));
#9281=CARTESIAN_POINT('',(54.,-58.,2.));
#9282=CARTESIAN_POINT('',(72.25,-58.,2.));
#9283=CARTESIAN_POINT('',(54.,-58.,0.));
#9284=CARTESIAN_POINT('',(46.,-58.,3.));
#9285=CARTESIAN_POINT('',(82.,-58.,2.));
#9286=CARTESIAN_POINT('',(82.,-58.,0.));
#9287=CARTESIAN_POINT('',(81.,-58.,2.));
#9288=CARTESIAN_POINT('',(85.75,-58.,2.));
#9289=CARTESIAN_POINT('',(81.,-58.,1.));
#9290=CARTESIAN_POINT('',(81.,-58.,0.));
#9291=CARTESIAN_POINT('',(73.,-58.,1.));
#9292=CARTESIAN_POINT('',(83.5,-58.,1.));
#9293=CARTESIAN_POINT('',(73.,-58.,2.));
#9294=CARTESIAN_POINT('',(73.,-58.,0.));
#9295=CARTESIAN_POINT('',(81.25,-58.,2.));
#9296=CARTESIAN_POINT('',(64.,-58.,2.));
#9297=CARTESIAN_POINT('',(64.,-58.,0.));
#9298=CARTESIAN_POINT('',(63.,-58.,2.));
#9299=CARTESIAN_POINT('',(76.75,-58.,2.));
#9300=CARTESIAN_POINT('',(63.,-58.,0.));
#9301=CARTESIAN_POINT('Origin',(31.,-54.,1.));
#9302=CARTESIAN_POINT('',(35.,-50.,1.));
#9303=CARTESIAN_POINT('',(35.,-52.,1.));
#9304=CARTESIAN_POINT('',(27.,-50.,1.));
#9305=CARTESIAN_POINT('',(15.5,-50.,1.));
#9306=CARTESIAN_POINT('',(27.,-56.,1.));
#9307=CARTESIAN_POINT('Origin',(27.,-58.,0.));
#9308=CARTESIAN_POINT('',(27.,-50.,2.));
#9309=CARTESIAN_POINT('',(27.,-50.,0.));
#9310=CARTESIAN_POINT('',(27.,-50.,2.));
#9311=CARTESIAN_POINT('Origin',(0.,-50.,0.));
#9312=CARTESIAN_POINT('',(13.25,-50.,2.));
#9313=CARTESIAN_POINT('',(35.,-50.,2.));
#9314=CARTESIAN_POINT('',(35.,-50.,0.));
#9315=CARTESIAN_POINT('',(36.,-50.,2.));
#9316=CARTESIAN_POINT('',(17.75,-50.,2.));
#9317=CARTESIAN_POINT('',(36.,-50.,1.));
#9318=CARTESIAN_POINT('',(36.,-50.,0.));
#9319=CARTESIAN_POINT('',(44.,-50.,1.));
#9320=CARTESIAN_POINT('',(20.,-50.,1.));
#9321=CARTESIAN_POINT('',(44.,-50.,3.));
#9322=CARTESIAN_POINT('',(44.,-50.,0.));
#9323=CARTESIAN_POINT('',(0.,-50.,3.));
#9324=CARTESIAN_POINT('',(44.,-50.,3.));
#9325=CARTESIAN_POINT('',(0.,-50.,1.));
#9326=CARTESIAN_POINT('',(0.,-50.,0.));
#9327=CARTESIAN_POINT('',(8.,-50.,1.));
#9328=CARTESIAN_POINT('',(2.,-50.,1.));
#9329=CARTESIAN_POINT('',(8.,-50.,2.));
#9330=CARTESIAN_POINT('',(8.,-50.,0.));
#9331=CARTESIAN_POINT('',(9.,-50.,2.));
#9332=CARTESIAN_POINT('',(4.25,-50.,2.));
#9333=CARTESIAN_POINT('',(9.,-50.,0.));
#9334=CARTESIAN_POINT('',(18.,-50.,2.));
#9335=CARTESIAN_POINT('',(8.75,-50.,2.));
#9336=CARTESIAN_POINT('',(18.,-50.,0.));
#9337=CARTESIAN_POINT('Origin',(4.,-54.,1.));
#9338=CARTESIAN_POINT('',(8.,-52.,1.));
#9339=CARTESIAN_POINT('',(0.,-56.,1.));
#9340=CARTESIAN_POINT('Origin',(0.,-58.,0.));
#9341=CARTESIAN_POINT('',(0.,-50.,3.));
#9342=CARTESIAN_POINT('Origin',(40.,-54.,1.));
#9343=CARTESIAN_POINT('',(36.,-56.,1.));
#9344=CARTESIAN_POINT('',(44.,-52.,1.));
#9345=CARTESIAN_POINT('Origin',(36.,-58.,0.));
#9346=CARTESIAN_POINT('',(36.,-50.,2.));
#9347=CARTESIAN_POINT('Origin',(77.,-54.,1.));
#9348=CARTESIAN_POINT('',(73.,-56.,1.));
#9349=CARTESIAN_POINT('',(81.,-52.,1.));
#9350=CARTESIAN_POINT('Origin',(81.,-50.,0.));
#9351=CARTESIAN_POINT('',(81.,-58.,2.));
#9352=CARTESIAN_POINT('Origin',(86.,-38.,1.));
#9353=CARTESIAN_POINT('',(90.,-36.,1.));
#9354=CARTESIAN_POINT('',(82.,-40.,1.));
#9355=CARTESIAN_POINT('Origin',(90.,-34.,0.));
#9356=CARTESIAN_POINT('',(90.,-42.,3.));
#9357=CARTESIAN_POINT('Origin',(50.,-38.,1.));
#9358=CARTESIAN_POINT('',(54.,-36.,1.));
#9359=CARTESIAN_POINT('',(46.,-40.,1.));
#9360=CARTESIAN_POINT('Origin',(46.,-42.,0.));
#9361=CARTESIAN_POINT('',(46.,-34.,3.));
#9362=CARTESIAN_POINT('Origin',(13.,-38.,1.));
#9363=CARTESIAN_POINT('',(9.,-40.,1.));
#9364=CARTESIAN_POINT('',(17.,-36.,1.));
#9365=CARTESIAN_POINT('Origin',(17.,-34.,0.));
#9366=CARTESIAN_POINT('',(17.,-42.,2.));
#9367=CARTESIAN_POINT('Origin',(22.,-22.,1.));
#9368=CARTESIAN_POINT('',(18.,-24.,1.));
#9369=CARTESIAN_POINT('',(26.,-20.,1.));
#9370=CARTESIAN_POINT('Origin',(26.,-18.,0.));
#9371=CARTESIAN_POINT('',(26.,-26.,2.));
#9372=CARTESIAN_POINT('Origin',(59.,-22.,1.));
#9373=CARTESIAN_POINT('',(63.,-20.,1.));
#9374=CARTESIAN_POINT('',(55.,-24.,1.));
#9375=CARTESIAN_POINT('Origin',(55.,-26.,0.));
#9376=CARTESIAN_POINT('',(55.,-18.,2.));
#9377=CARTESIAN_POINT('Origin',(96.,-22.,1.));
#9378=CARTESIAN_POINT('',(92.,-18.,1.));
#9379=CARTESIAN_POINT('',(100.,-18.,1.));
#9380=CARTESIAN_POINT('',(94.,-18.,1.));
#9381=CARTESIAN_POINT('',(92.,-26.,1.));
#9382=CARTESIAN_POINT('',(92.,-24.,1.));
#9383=CARTESIAN_POINT('',(100.,-26.,1.));
#9384=CARTESIAN_POINT('',(98.,-26.,1.));
#9385=CARTESIAN_POINT('',(100.,-20.,1.));
#9386=CARTESIAN_POINT('Origin',(100.,-26.,0.));
#9387=CARTESIAN_POINT('',(92.,-26.,3.));
#9388=CARTESIAN_POINT('',(92.,-26.,0.));
#9389=CARTESIAN_POINT('',(100.,-26.,3.));
#9390=CARTESIAN_POINT('',(92.,-26.,3.));
#9391=CARTESIAN_POINT('',(100.,-26.,0.));
#9392=CARTESIAN_POINT('Origin',(92.,-26.,0.));
#9393=CARTESIAN_POINT('',(92.,-18.,3.));
#9394=CARTESIAN_POINT('',(92.,-18.,0.));
#9395=CARTESIAN_POINT('',(92.,10.,3.));
#9396=CARTESIAN_POINT('Origin',(86.,-6.,1.));
#9397=CARTESIAN_POINT('',(90.,-2.,1.));
#9398=CARTESIAN_POINT('',(90.,-4.,1.));
#9399=CARTESIAN_POINT('',(82.,-2.,1.));
#9400=CARTESIAN_POINT('',(66.,-2.,1.));
#9401=CARTESIAN_POINT('',(82.,-8.,1.));
#9402=CARTESIAN_POINT('Origin',(46.,-2.,0.));
#9403=CARTESIAN_POINT('',(82.,-2.,2.));
#9404=CARTESIAN_POINT('',(63.75,-2.,2.));
#9405=CARTESIAN_POINT('',(82.,-2.,0.));
#9406=CARTESIAN_POINT('',(90.,-2.,3.));
#9407=CARTESIAN_POINT('',(90.,-2.,0.));
#9408=CARTESIAN_POINT('',(46.,-2.,3.));
#9409=CARTESIAN_POINT('',(90.,-2.,3.));
#9410=CARTESIAN_POINT('',(46.,-2.,1.));
#9411=CARTESIAN_POINT('',(46.,-2.,0.));
#9412=CARTESIAN_POINT('',(54.,-2.,1.));
#9413=CARTESIAN_POINT('',(48.,-2.,1.));
#9414=CARTESIAN_POINT('',(54.,-2.,2.));
#9415=CARTESIAN_POINT('',(54.,-2.,0.));
#9416=CARTESIAN_POINT('',(55.,-2.,2.));
#9417=CARTESIAN_POINT('',(50.25,-2.,2.));
#9418=CARTESIAN_POINT('',(55.,-2.,0.));
#9419=CARTESIAN_POINT('',(64.,-2.,2.));
#9420=CARTESIAN_POINT('',(54.75,-2.,2.));
#9421=CARTESIAN_POINT('',(64.,-2.,1.));
#9422=CARTESIAN_POINT('',(64.,-2.,0.));
#9423=CARTESIAN_POINT('',(72.,-2.,1.));
#9424=CARTESIAN_POINT('',(57.,-2.,1.));
#9425=CARTESIAN_POINT('',(72.,-2.,2.));
#9426=CARTESIAN_POINT('',(72.,-2.,0.));
#9427=CARTESIAN_POINT('',(73.,-2.,2.));
#9428=CARTESIAN_POINT('',(59.25,-2.,2.));
#9429=CARTESIAN_POINT('',(73.,-2.,0.));
#9430=CARTESIAN_POINT('Origin',(90.,-2.,0.));
#9431=CARTESIAN_POINT('',(90.,-10.,3.));
#9432=CARTESIAN_POINT('Origin',(68.,-6.,1.));
#9433=CARTESIAN_POINT('',(64.,-8.,1.));
#9434=CARTESIAN_POINT('',(72.,-4.,1.));
#9435=CARTESIAN_POINT('Origin',(72.,-2.,0.));
#9436=CARTESIAN_POINT('',(72.,-10.,2.));
#9437=CARTESIAN_POINT('Origin',(50.,-6.,1.));
#9438=CARTESIAN_POINT('',(54.,-4.,1.));
#9439=CARTESIAN_POINT('',(46.,-8.,1.));
#9440=CARTESIAN_POINT('Origin',(46.,-10.,0.));
#9441=CARTESIAN_POINT('',(46.,-2.,3.));
#9442=CARTESIAN_POINT('Origin',(31.,-6.,1.));
#9443=CARTESIAN_POINT('',(27.,-8.,1.));
#9444=CARTESIAN_POINT('',(35.,-4.,1.));
#9445=CARTESIAN_POINT('Origin',(35.,-2.,0.));
#9446=CARTESIAN_POINT('',(35.,-10.,2.));
#9447=CARTESIAN_POINT('Origin',(13.,-6.,1.));
#9448=CARTESIAN_POINT('',(9.,-8.,1.));
#9449=CARTESIAN_POINT('',(17.,-4.,1.));
#9450=CARTESIAN_POINT('Origin',(17.,-2.,0.));
#9451=CARTESIAN_POINT('',(17.,-10.,2.));
#9452=CARTESIAN_POINT('Origin',(9.,-10.,0.));
#9453=CARTESIAN_POINT('',(9.,-2.,2.));
#9454=CARTESIAN_POINT('Origin',(8.,-2.,0.));
#9455=CARTESIAN_POINT('',(8.,-10.,2.));
#9456=CARTESIAN_POINT('Origin',(8.5,-6.,2.));
#9457=CARTESIAN_POINT('Origin',(27.,-10.,0.));
#9458=CARTESIAN_POINT('',(27.,-2.,2.));
#9459=CARTESIAN_POINT('Origin',(26.5,-6.,2.));
#9460=CARTESIAN_POINT('Origin',(54.,-2.,0.));
#9461=CARTESIAN_POINT('',(54.,-10.,2.));
#9462=CARTESIAN_POINT('Origin',(55.,-10.,0.));
#9463=CARTESIAN_POINT('',(55.,-2.,2.));
#9464=CARTESIAN_POINT('Origin',(54.5,-6.,2.));
#9465=CARTESIAN_POINT('Origin',(73.,-10.,0.));
#9466=CARTESIAN_POINT('',(73.,-2.,2.));
#9467=CARTESIAN_POINT('Origin',(72.5,-6.,2.));
#9468=CARTESIAN_POINT('Origin',(82.,-26.,0.));
#9469=CARTESIAN_POINT('',(82.,-18.,2.));
#9470=CARTESIAN_POINT('Origin',(81.5,-22.,2.));
#9471=CARTESIAN_POINT('Origin',(35.,-18.,0.));
#9472=CARTESIAN_POINT('',(35.,-26.,2.));
#9473=CARTESIAN_POINT('Origin',(35.5,-22.,2.));
#9474=CARTESIAN_POINT('Origin',(8.,-34.,0.));
#9475=CARTESIAN_POINT('',(8.,-42.,2.));
#9476=CARTESIAN_POINT('Origin',(9.,-42.,0.));
#9477=CARTESIAN_POINT('',(9.,-34.,2.));
#9478=CARTESIAN_POINT('Origin',(8.5,-38.,2.));
#9479=CARTESIAN_POINT('Origin',(54.,-34.,0.));
#9480=CARTESIAN_POINT('',(54.,-42.,2.));
#9481=CARTESIAN_POINT('Origin',(54.5,-38.,2.));
#9482=CARTESIAN_POINT('Origin',(82.,-58.,0.));
#9483=CARTESIAN_POINT('',(82.,-50.,2.));
#9484=CARTESIAN_POINT('Origin',(81.5,-54.,2.));
#9485=CARTESIAN_POINT('Origin',(35.,-50.,0.));
#9486=CARTESIAN_POINT('',(35.,-58.,2.));
#9487=CARTESIAN_POINT('Origin',(35.5,-54.,2.));
#9488=CARTESIAN_POINT('Origin',(8.,-50.,0.));
#9489=CARTESIAN_POINT('',(8.,-58.,2.));
#9490=CARTESIAN_POINT('Origin',(9.,-58.,0.));
#9491=CARTESIAN_POINT('',(9.,-50.,2.));
#9492=CARTESIAN_POINT('Origin',(8.5,-54.,2.));
#9493=CARTESIAN_POINT('Origin',(54.,-50.,0.));
#9494=CARTESIAN_POINT('',(54.,-58.,2.));
#9495=CARTESIAN_POINT('Origin',(54.5,-54.,2.));
#9496=CARTESIAN_POINT('Origin',(82.,-42.,0.));
#9497=CARTESIAN_POINT('',(82.,-34.,2.));
#9498=CARTESIAN_POINT('Origin',(81.5,-38.,2.));
#9499=CARTESIAN_POINT('Origin',(35.,-34.,0.));
#9500=CARTESIAN_POINT('',(35.,-42.,2.));
#9501=CARTESIAN_POINT('Origin',(35.5,-38.,2.));
#9502=CARTESIAN_POINT('Origin',(8.,-18.,0.));
#9503=CARTESIAN_POINT('',(8.,-26.,2.));
#9504=CARTESIAN_POINT('Origin',(9.,-26.,0.));
#9505=CARTESIAN_POINT('',(9.,-18.,2.));
#9506=CARTESIAN_POINT('Origin',(8.5,-22.,2.));
#9507=CARTESIAN_POINT('Origin',(54.,-18.,0.));
#9508=CARTESIAN_POINT('',(54.,-26.,2.));
#9509=CARTESIAN_POINT('Origin',(54.5,-22.,2.));
#9510=CARTESIAN_POINT('Origin',(82.,-10.,0.));
#9511=CARTESIAN_POINT('',(82.,-2.,2.));
#9512=CARTESIAN_POINT('Origin',(81.5,-6.,2.));
#9513=CARTESIAN_POINT('Origin',(64.,-10.,0.));
#9514=CARTESIAN_POINT('',(64.,-2.,2.));
#9515=CARTESIAN_POINT('Origin',(63.5,-6.,2.));
#9516=CARTESIAN_POINT('Origin',(36.,-10.,0.));
#9517=CARTESIAN_POINT('',(36.,-2.,2.));
#9518=CARTESIAN_POINT('Origin',(35.5,-6.,2.));
#9519=CARTESIAN_POINT('Origin',(18.,-10.,0.));
#9520=CARTESIAN_POINT('',(18.,-2.,2.));
#9521=CARTESIAN_POINT('Origin',(17.5,-6.,2.));
#9522=CARTESIAN_POINT('Origin',(9.,0.,0.));
#9523=CARTESIAN_POINT('',(9.,8.,2.));
#9524=CARTESIAN_POINT('',(9.,8.,0.));
#9525=CARTESIAN_POINT('',(9.,8.,2.));
#9526=CARTESIAN_POINT('Origin',(8.5,4.,2.));
#9527=CARTESIAN_POINT('',(4.25,8.,2.));
#9528=CARTESIAN_POINT('Origin',(0.,8.,0.));
#9529=CARTESIAN_POINT('',(18.,8.,2.));
#9530=CARTESIAN_POINT('',(8.75,8.,2.));
#9531=CARTESIAN_POINT('',(18.,8.,0.));
#9532=CARTESIAN_POINT('',(27.,8.,2.));
#9533=CARTESIAN_POINT('',(13.25,8.,2.));
#9534=CARTESIAN_POINT('',(27.,8.,0.));
#9535=CARTESIAN_POINT('',(17.75,8.,2.));
#9536=CARTESIAN_POINT('',(44.,8.,3.));
#9537=CARTESIAN_POINT('',(44.,8.,0.));
#9538=CARTESIAN_POINT('',(0.,8.,3.));
#9539=CARTESIAN_POINT('',(44.,8.,3.));
#9540=CARTESIAN_POINT('',(0.,8.,0.));
#9541=CARTESIAN_POINT('Origin',(27.,0.,0.));
#9542=CARTESIAN_POINT('',(27.,8.,2.));
#9543=CARTESIAN_POINT('Origin',(26.5,4.,2.));
#9544=CARTESIAN_POINT('Origin',(55.,0.,0.));
#9545=CARTESIAN_POINT('',(55.,8.,2.));
#9546=CARTESIAN_POINT('Origin',(54.,8.,0.));
#9547=CARTESIAN_POINT('',(54.,0.,2.));
#9548=CARTESIAN_POINT('Origin',(54.5,4.,2.));
#9549=CARTESIAN_POINT('Origin',(73.,0.,0.));
#9550=CARTESIAN_POINT('',(73.,8.,2.));
#9551=CARTESIAN_POINT('Origin',(72.5,4.,2.));
#9552=CARTESIAN_POINT('Origin',(73.,-26.,0.));
#9553=CARTESIAN_POINT('',(73.,-18.,2.));
#9554=CARTESIAN_POINT('Origin',(72.5,-22.,2.));
#9555=CARTESIAN_POINT('Origin',(26.5,-22.,2.));
#9556=CARTESIAN_POINT('Origin',(18.,-42.,0.));
#9557=CARTESIAN_POINT('',(18.,-34.,2.));
#9558=CARTESIAN_POINT('Origin',(17.5,-38.,2.));
#9559=CARTESIAN_POINT('Origin',(63.,-34.,0.));
#9560=CARTESIAN_POINT('',(63.,-42.,2.));
#9561=CARTESIAN_POINT('Origin',(64.,-42.,0.));
#9562=CARTESIAN_POINT('',(64.,-34.,2.));
#9563=CARTESIAN_POINT('Origin',(63.5,-38.,2.));
#9564=CARTESIAN_POINT('Origin',(73.,-58.,0.));
#9565=CARTESIAN_POINT('',(73.,-50.,2.));
#9566=CARTESIAN_POINT('Origin',(72.5,-54.,2.));
#9567=CARTESIAN_POINT('Origin',(26.5,-54.,2.));
#9568=CARTESIAN_POINT('Origin',(18.,-58.,0.));
#9569=CARTESIAN_POINT('',(18.,-50.,2.));
#9570=CARTESIAN_POINT('Origin',(17.5,-54.,2.));
#9571=CARTESIAN_POINT('Origin',(63.,-50.,0.));
#9572=CARTESIAN_POINT('',(63.,-58.,2.));
#9573=CARTESIAN_POINT('Origin',(64.,-58.,0.));
#9574=CARTESIAN_POINT('',(64.,-50.,2.));
#9575=CARTESIAN_POINT('Origin',(63.5,-54.,2.));
#9576=CARTESIAN_POINT('Origin',(73.,-42.,0.));
#9577=CARTESIAN_POINT('',(73.,-34.,2.));
#9578=CARTESIAN_POINT('Origin',(72.5,-38.,2.));
#9579=CARTESIAN_POINT('Origin',(26.5,-38.,2.));
#9580=CARTESIAN_POINT('Origin',(18.,-26.,0.));
#9581=CARTESIAN_POINT('',(18.,-18.,2.));
#9582=CARTESIAN_POINT('Origin',(17.5,-22.,2.));
#9583=CARTESIAN_POINT('Origin',(63.,-18.,0.));
#9584=CARTESIAN_POINT('',(63.,-26.,2.));
#9585=CARTESIAN_POINT('Origin',(64.,-26.,0.));
#9586=CARTESIAN_POINT('',(64.,-18.,2.));
#9587=CARTESIAN_POINT('Origin',(63.5,-22.,2.));
#9588=CARTESIAN_POINT('Origin',(82.,0.,0.));
#9589=CARTESIAN_POINT('',(82.,8.,2.));
#9590=CARTESIAN_POINT('Origin',(81.5,4.,2.));
#9591=CARTESIAN_POINT('Origin',(64.,0.,0.));
#9592=CARTESIAN_POINT('',(64.,8.,2.));
#9593=CARTESIAN_POINT('Origin',(63.5,4.,2.));
#9594=CARTESIAN_POINT('Origin',(35.5,4.,2.));
#9595=CARTESIAN_POINT('Origin',(18.,0.,0.));
#9596=CARTESIAN_POINT('',(18.,8.,2.));
#9597=CARTESIAN_POINT('Origin',(17.5,4.,2.));
#9598=CARTESIAN_POINT('Origin',(100.,8.,0.));
#9599=CARTESIAN_POINT('',(100.,8.,3.));
#9600=CARTESIAN_POINT('',(100.,0.,3.));
#9601=CARTESIAN_POINT('',(100.,8.,0.));
#9602=CARTESIAN_POINT('Origin',(92.,8.,0.));
#9603=CARTESIAN_POINT('',(100.,8.,3.));
#9604=CARTESIAN_POINT('Origin',(100.,-2.,0.));
#9605=CARTESIAN_POINT('',(100.,-2.,3.));
#9606=CARTESIAN_POINT('',(100.,-10.,3.));
#9607=CARTESIAN_POINT('',(100.,-2.,0.));
#9608=CARTESIAN_POINT('Origin',(92.,-2.,0.));
#9609=CARTESIAN_POINT('',(100.,-2.,3.));
#9610=CARTESIAN_POINT('Origin',(100.,-34.,0.));
#9611=CARTESIAN_POINT('',(100.,-34.,3.));
#9612=CARTESIAN_POINT('',(100.,-42.,3.));
#9613=CARTESIAN_POINT('',(100.,-34.,0.));
#9614=CARTESIAN_POINT('Origin',(92.,-34.,0.));
#9615=CARTESIAN_POINT('',(100.,-34.,3.));
#9616=CARTESIAN_POINT('Origin',(-4.56249551756373,-51.9990233391045,0.));
#9617=CARTESIAN_POINT('Origin',(-4.56249551756373,-51.9990233391045,0.));
#9618=CARTESIAN_POINT('Origin',(-4.56249551756373,-51.9990233391045,3.));
#9619=CARTESIAN_POINT('Origin',(-7.16666666666667,-41.5,0.));
#9620=CARTESIAN_POINT('',(-7.16666666666667,-41.5,3.));
#9621=CARTESIAN_POINT('',(-8.,-40.5,3.));
#9622=CARTESIAN_POINT('',(-7.16666666666667,-41.5,0.));
#9623=CARTESIAN_POINT('Origin',(-6.33333333333333,-40.5,0.));
#9624=CARTESIAN_POINT('',(-6.33333333333333,-40.5,3.));
#9625=CARTESIAN_POINT('',(-6.33333333333333,-40.5,3.));
#9626=CARTESIAN_POINT('',(-6.33333333333333,-40.5,0.));
#9627=CARTESIAN_POINT('Origin',(-5.5,-41.5,0.));
#9628=CARTESIAN_POINT('',(-5.5,-41.5,3.));
#9629=CARTESIAN_POINT('',(-6.33333333333333,-40.5,3.));
#9630=CARTESIAN_POINT('',(-5.5,-41.5,0.));
#9631=CARTESIAN_POINT('Origin',(-5.5,-35.5,0.));
#9632=CARTESIAN_POINT('',(-5.5,-40.5,3.));
#9633=CARTESIAN_POINT('Origin',(100.,-18.,0.));
#9634=CARTESIAN_POINT('',(100.,-18.,3.));
#9635=CARTESIAN_POINT('',(100.,-26.,3.));
#9636=CARTESIAN_POINT('',(100.,-18.,0.));
#9637=CARTESIAN_POINT('Origin',(92.,-18.,0.));
#9638=CARTESIAN_POINT('',(100.,-18.,3.));
#9639=CARTESIAN_POINT('Ctrl Pts',(-4.45444405113537,4.7133889523862,0.));
#9640=CARTESIAN_POINT('Ctrl Pts',(-4.45444405113537,4.7133889523862,3.));
#9641=CARTESIAN_POINT('Ctrl Pts',(-4.16481170698735,3.55822935292207,0.));
#9642=CARTESIAN_POINT('Ctrl Pts',(-4.16481170698735,3.55822935292207,3.));
#9643=CARTESIAN_POINT('Ctrl Pts',(-4.44305214131402,2.70106808510833,0.));
#9644=CARTESIAN_POINT('Ctrl Pts',(-4.44305214131402,2.70106808510833,3.));
#9645=CARTESIAN_POINT('Ctrl Pts',(-4.86714890851185,1.92087527773562,0.));
#9646=CARTESIAN_POINT('Ctrl Pts',(-4.86714890851185,1.92087527773562,3.));
#9647=CARTESIAN_POINT('',(-4.45444405113537,4.7133889523862,3.));
#9648=CARTESIAN_POINT('Ctrl Pts',(-4.45444405113537,4.7133889523862,3.));
#9649=CARTESIAN_POINT('Ctrl Pts',(-4.16481170698735,3.55822935292207,3.));
#9650=CARTESIAN_POINT('Ctrl Pts',(-4.44305214131402,2.70106808510833,3.));
#9651=CARTESIAN_POINT('Ctrl Pts',(-4.86714890851185,1.92087527773562,3.));
#9652=CARTESIAN_POINT('',(-4.45444405113537,4.7133889523862,0.));
#9653=CARTESIAN_POINT('Ctrl Pts',(-6.25572402940463,3.30476709613016,0.));
#9654=CARTESIAN_POINT('Ctrl Pts',(-6.25572402940463,3.30476709613016,3.));
#9655=CARTESIAN_POINT('Ctrl Pts',(-5.25868262529972,3.78811692401063,0.));
#9656=CARTESIAN_POINT('Ctrl Pts',(-5.25868262529972,3.78811692401063,3.));
#9657=CARTESIAN_POINT('Ctrl Pts',(-4.69644562714413,4.25636464868089,0.));
#9658=CARTESIAN_POINT('Ctrl Pts',(-4.69644562714413,4.25636464868089,3.));
#9659=CARTESIAN_POINT('Ctrl Pts',(-4.45444405113537,4.7133889523862,0.));
#9660=CARTESIAN_POINT('Ctrl Pts',(-4.45444405113537,4.7133889523862,3.));
#9661=CARTESIAN_POINT('',(-6.25572402940464,3.30476709613016,3.));
#9662=CARTESIAN_POINT('Ctrl Pts',(-6.25572402940463,3.30476709613016,3.));
#9663=CARTESIAN_POINT('Ctrl Pts',(-5.25868262529972,3.78811692401063,3.));
#9664=CARTESIAN_POINT('Ctrl Pts',(-4.69644562714413,4.25636464868089,3.));
#9665=CARTESIAN_POINT('Ctrl Pts',(-4.45444405113537,4.7133889523862,3.));
#9666=CARTESIAN_POINT('',(-6.25572402940464,3.30476709613016,0.));
#9667=CARTESIAN_POINT('Ctrl Pts',(-6.25572402940464,3.30476709613016,2.99));
#9668=CARTESIAN_POINT('Ctrl Pts',(-7.10496730587002,3.8119427798048,2.99));
#9669=CARTESIAN_POINT('Ctrl Pts',(-8.06026718981106,3.81204921871531,2.99));
#9670=CARTESIAN_POINT('Ctrl Pts',(-6.25572402940464,3.30476709613016,3.));
#9671=CARTESIAN_POINT('Ctrl Pts',(-7.10496730587002,3.8119427798048,3.));
#9672=CARTESIAN_POINT('Ctrl Pts',(-8.06026718981106,3.81204921871531,3.));
#9673=CARTESIAN_POINT('',(-8.06026718981106,3.81204921871529,3.));
#9674=CARTESIAN_POINT('Origin',(-8.06064598148487,-0.757270547073345,3.));
#9675=CARTESIAN_POINT('',(-8.06026718981106,3.81204921871529,0.));
#9676=CARTESIAN_POINT('Ctrl Pts',(-8.06026718981106,3.81204921871529,2.99));
#9677=CARTESIAN_POINT('Ctrl Pts',(-9.01423922518585,3.81051068369155,2.99));
#9678=CARTESIAN_POINT('Ctrl Pts',(-9.86201481062053,3.30339167689424,2.99));
#9679=CARTESIAN_POINT('Ctrl Pts',(-8.06026718981106,3.81204921871529,3.));
#9680=CARTESIAN_POINT('Ctrl Pts',(-9.01423922518585,3.81051068369155,3.));
#9681=CARTESIAN_POINT('Ctrl Pts',(-9.86201481062053,3.30339167689424,3.));
#9682=CARTESIAN_POINT('',(-9.86201481062054,3.30339167689426,3.));
#9683=CARTESIAN_POINT('Origin',(-8.05478428061395,-0.757266146849193,3.));
#9684=CARTESIAN_POINT('',(-9.86201481062054,3.30339167689426,0.));
#9685=CARTESIAN_POINT('Ctrl Pts',(-11.6656226859466,4.7133889523862,0.));
#9686=CARTESIAN_POINT('Ctrl Pts',(-11.6656226859466,4.7133889523862,3.));
#9687=CARTESIAN_POINT('Ctrl Pts',(-11.4234079199562,4.25597953129484,0.));
#9688=CARTESIAN_POINT('Ctrl Pts',(-11.4234079199562,4.25597953129484,3.));
#9689=CARTESIAN_POINT('Ctrl Pts',(-10.8607479803856,3.78720914731493,0.));
#9690=CARTESIAN_POINT('Ctrl Pts',(-10.8607479803856,3.78720914731493,3.));
#9691=CARTESIAN_POINT('Ctrl Pts',(-9.86201481062054,3.30339167689426,0.));
#9692=CARTESIAN_POINT('Ctrl Pts',(-9.86201481062054,3.30339167689426,3.));
#9693=CARTESIAN_POINT('Ctrl Pts',(-11.6656226859466,4.7133889523862,3.));
#9694=CARTESIAN_POINT('Ctrl Pts',(-11.4234079199562,4.25597953129484,3.));
#9695=CARTESIAN_POINT('Ctrl Pts',(-10.8607479803856,3.78720914731493,3.));
#9696=CARTESIAN_POINT('Ctrl Pts',(-9.86201481062054,3.30339167689426,3.));
#9697=CARTESIAN_POINT('Origin',(-12.5,-50.,0.));
#9698=CARTESIAN_POINT('',(-12.5,-50.,3.));
#9699=CARTESIAN_POINT('',(-11.,-55.3333333333333,3.));
#9700=CARTESIAN_POINT('',(-12.5,-50.,0.));
#9701=CARTESIAN_POINT('Origin',(-14.,-50.,0.));
#9702=CARTESIAN_POINT('',(-14.,-50.,3.));
#9703=CARTESIAN_POINT('',(-14.,-50.,3.));
#9704=CARTESIAN_POINT('',(-14.,-50.,0.));
#9705=CARTESIAN_POINT('Origin',(-11.75,-58.,0.));
#9706=CARTESIAN_POINT('',(-14.,-50.,3.));
#9707=CARTESIAN_POINT('Origin',(92.,-58.,0.));
#9708=CARTESIAN_POINT('',(92.,-58.,3.));
#9709=CARTESIAN_POINT('',(92.,-50.,3.));
#9710=CARTESIAN_POINT('',(92.,-58.,0.));
#9711=CARTESIAN_POINT('Origin',(100.,-58.,0.));
#9712=CARTESIAN_POINT('',(92.,-58.,3.));
#9713=CARTESIAN_POINT('Origin',(0.,0.,0.));
#9714=CARTESIAN_POINT('',(0.,8.,3.));
#9715=CARTESIAN_POINT('Origin',(44.,8.,0.));
#9716=CARTESIAN_POINT('',(44.,0.,3.));
#9717=CARTESIAN_POINT('Origin',(44.,-50.,0.));
#9718=CARTESIAN_POINT('',(44.,-58.,3.));
#9719=CARTESIAN_POINT('Origin',(44.,-18.,0.));
#9720=CARTESIAN_POINT('',(44.,-26.,3.));
#9721=CARTESIAN_POINT('Origin',(44.,-34.,0.));
#9722=CARTESIAN_POINT('',(44.,-42.,3.));
#9723=CARTESIAN_POINT('Origin',(-16.,-60.,0.));
#9724=CARTESIAN_POINT('',(102.,-60.,0.));
#9725=CARTESIAN_POINT('',(-16.,-60.,0.));
#9726=CARTESIAN_POINT('',(102.,-60.,0.));
#9727=CARTESIAN_POINT('',(102.,-60.,3.));
#9728=CARTESIAN_POINT('',(102.,-60.,0.));
#9729=CARTESIAN_POINT('',(-16.,-60.,3.));
#9730=CARTESIAN_POINT('',(102.,-60.,3.));
#9731=CARTESIAN_POINT('',(-16.,-60.,0.));
#9732=CARTESIAN_POINT('Origin',(-16.,10.,0.));
#9733=CARTESIAN_POINT('',(-16.,10.,0.));
#9734=CARTESIAN_POINT('',(-16.,-44.,0.));
#9735=CARTESIAN_POINT('',(-16.,10.,3.));
#9736=CARTESIAN_POINT('',(-16.,-44.,3.));
#9737=CARTESIAN_POINT('',(-16.,10.,0.));
#9738=CARTESIAN_POINT('Origin',(102.,10.,0.));
#9739=CARTESIAN_POINT('',(102.,10.,0.));
#9740=CARTESIAN_POINT('',(102.,10.,0.));
#9741=CARTESIAN_POINT('',(102.,10.,3.));
#9742=CARTESIAN_POINT('',(102.,10.,3.));
#9743=CARTESIAN_POINT('',(102.,10.,0.));
#9744=CARTESIAN_POINT('Origin',(102.,-60.,0.));
#9745=CARTESIAN_POINT('',(102.,-44.,0.));
#9746=CARTESIAN_POINT('',(102.,-44.,3.));
#9747=CARTESIAN_POINT('Origin',(43.,-25.,3.));
#9748=CARTESIAN_POINT('Origin',(-5.50000000008598,-51.4990233391045,0.));
#9749=CARTESIAN_POINT('',(-5.50000000008598,-52.4990233391045,3.));
#9750=CARTESIAN_POINT('',(-5.50000000008598,-52.4990233391045,0.));
#9751=CARTESIAN_POINT('',(-5.50000000008598,-51.4990233391045,3.));
#9752=CARTESIAN_POINT('',(-5.50000000008598,-51.4990233391045,3.));
#9753=CARTESIAN_POINT('',(-5.50000000008598,-51.4990233391045,0.));
#9754=CARTESIAN_POINT('Origin',(-5.50000000008598,-52.4990233391045,0.));
#9755=CARTESIAN_POINT('',(-4.56249551756373,-52.4990233391045,3.));
#9756=CARTESIAN_POINT('',(-4.56249551756373,-52.4990233391045,0.));
#9757=CARTESIAN_POINT('',(-4.56249551756373,-52.4990233391045,3.));
#9758=CARTESIAN_POINT('Origin',(-4.56249551756373,-51.4990233391045,0.));
#9759=CARTESIAN_POINT('',(-4.56249551756373,-51.4990233391045,3.));
#9760=CARTESIAN_POINT('',(-4.56249551756373,-51.4990233391045,3.));
#9761=CARTESIAN_POINT('',(-4.56249551756373,-51.4990233391045,0.));
#9762=CARTESIAN_POINT('Origin',(-4.56249551756373,-51.9990233391045,0.));
#9763=CARTESIAN_POINT('Origin',(-4.56249551756373,-51.9990233391045,3.));
#9764=CARTESIAN_POINT('Origin',(-4.78124775882486,-51.9990233391045,3.));
#9765=CARTESIAN_POINT('Origin',(-4.78124775882486,-51.9990233391045,0.));
#9766=UNCERTAINTY_MEASURE_WITH_UNIT(LENGTH_MEASURE(0.01),#9770,
'DISTANCE_ACCURACY_VALUE',
'Maximum model space distance between geometric entities at asserted c
onnectivities');
#9767=UNCERTAINTY_MEASURE_WITH_UNIT(LENGTH_MEASURE(0.01),#9770,
'DISTANCE_ACCURACY_VALUE',
'Maximum model space distance between geometric entities at asserted c
onnectivities');
#9768=(
GEOMETRIC_REPRESENTATION_CONTEXT(3)
GLOBAL_UNCERTAINTY_ASSIGNED_CONTEXT((#9766))
GLOBAL_UNIT_ASSIGNED_CONTEXT((#9770,#9772,#9773))
REPRESENTATION_CONTEXT('','3D')
);
#9769=(
GEOMETRIC_REPRESENTATION_CONTEXT(3)
GLOBAL_UNCERTAINTY_ASSIGNED_CONTEXT((#9767))
GLOBAL_UNIT_ASSIGNED_CONTEXT((#9770,#9772,#9773))
REPRESENTATION_CONTEXT('','3D')
);
#9770=(
LENGTH_UNIT()
NAMED_UNIT(*)
SI_UNIT(.MILLI.,.METRE.)
);
#9771=(
LENGTH_UNIT()
NAMED_UNIT(*)
SI_UNIT($,.METRE.)
);
#9772=(
NAMED_UNIT(*)
PLANE_ANGLE_UNIT()
SI_UNIT($,.RADIAN.)
);
#9773=(
NAMED_UNIT(*)
SI_UNIT($,.STERADIAN.)
SOLID_ANGLE_UNIT()
);
#9774=SHAPE_DEFINITION_REPRESENTATION(#9775,#9776);
#9775=PRODUCT_DEFINITION_SHAPE('',$,#9778);
#9776=SHAPE_REPRESENTATION('',(#6087),#9768);
#9777=PRODUCT_DEFINITION_CONTEXT('part definition',#9782,'design');
#9778=PRODUCT_DEFINITION('2026-01-26-18-41-15-198','Bodybuilding',#9779,
#9777);
#9779=PRODUCT_DEFINITION_FORMATION('',$,#9784);
#9780=PRODUCT_RELATED_PRODUCT_CATEGORY('Bodybuilding','Bodybuilding',(#9784));
#9781=APPLICATION_PROTOCOL_DEFINITION('international standard',
'automotive_design',2009,#9782);
#9782=APPLICATION_CONTEXT(
'Core Data for Automotive Mechanical Design Process');
#9783=PRODUCT_CONTEXT('part definition',#9782,'mechanical');
#9784=PRODUCT('2026-01-26-18-41-15-198','Bodybuilding',$,(#9783));
#9785=PRESENTATION_STYLE_ASSIGNMENT((#9786));
#9786=SURFACE_STYLE_USAGE(.BOTH.,#9787);
#9787=SURFACE_SIDE_STYLE('',(#9788));
#9788=SURFACE_STYLE_FILL_AREA(#9789);
#9789=FILL_AREA_STYLE('Steel - Satin',(#9790));
#9790=FILL_AREA_STYLE_COLOUR('Steel - Satin',#9791);
#9791=COLOUR_RGB('Steel - Satin',0.627450980392157,0.627450980392157,0.627450980392157);
ENDSEC;
END-ISO-10303-21;
